service,template_id,template,timestamp,count
cart-service,T001,Health check passed,2026-06-01T00:00:00+00:00,14
cart-service,T002,Item added to cart for userId=<NUM>,2026-06-01T00:00:00+00:00,14
cart-service,T003,DB query executed table=cart rows=<NUM>,2026-06-01T00:00:00+00:00,15
cart-service,T008,Checkout completed orderId=ORD-<NUM>,2026-06-01T00:00:00+00:00,4
cart-service,T009,ProductCatalogCache loaded <NUM> entries,2026-06-01T00:00:00+00:00,5
cart-service,T011,Connection pool nearing limit pool=db connections=<NUM>/<NUM>,2026-06-01T00:00:00+00:00,1
cart-service,T015,Cache warm-up slower than expected startup_ms=<NUM>,2026-06-01T00:00:00+00:00,2
cart-service,T048,Health check response time elevated endpoint=/health latency=151ms,2026-06-01T00:00:00+00:00,1
cart-service,T081,Health check response time elevated endpoint=/health latency=249ms,2026-06-01T00:00:00+00:00,1
order-service,T005,Cart service call succeeded,2026-06-01T00:00:00+00:00,15
order-service,T006,Order created orderId=ORD-<NUM> userId=<NUM>,2026-06-01T00:00:00+00:00,10
order-service,T010,Health check passed,2026-06-01T00:00:00+00:00,7
order-service,T012,Cart service timeout after <NUM>ms,2026-06-01T00:00:00+00:00,2
cart-service,T001,Health check passed,2026-06-01T00:05:00+00:00,12
cart-service,T002,Item added to cart for userId=<NUM>,2026-06-01T00:05:00+00:00,16
cart-service,T003,DB query executed table=cart rows=<NUM>,2026-06-01T00:05:00+00:00,13
cart-service,T008,Checkout completed orderId=ORD-<NUM>,2026-06-01T00:05:00+00:00,7
cart-service,T009,ProductCatalogCache loaded <NUM> entries,2026-06-01T00:05:00+00:00,10
cart-service,T011,Connection pool nearing limit pool=db connections=<NUM>/<NUM>,2026-06-01T00:05:00+00:00,1
cart-service,T015,Cache warm-up slower than expected startup_ms=<NUM>,2026-06-01T00:05:00+00:00,2
order-service,T005,Cart service call succeeded,2026-06-01T00:05:00+00:00,9
order-service,T006,Order created orderId=ORD-<NUM> userId=<NUM>,2026-06-01T00:05:00+00:00,6
order-service,T010,Health check passed,2026-06-01T00:05:00+00:00,6
order-service,T012,Cart service timeout after <NUM>ms,2026-06-01T00:05:00+00:00,3
cart-service,T001,Health check passed,2026-06-01T00:10:00+00:00,12
cart-service,T002,Item added to cart for userId=<NUM>,2026-06-01T00:10:00+00:00,8
cart-service,T003,DB query executed table=cart rows=<NUM>,2026-06-01T00:10:00+00:00,14
cart-service,T008,Checkout completed orderId=ORD-<NUM>,2026-06-01T00:10:00+00:00,1
cart-service,T009,ProductCatalogCache loaded <NUM> entries,2026-06-01T00:10:00+00:00,9
cart-service,T011,Connection pool nearing limit pool=db connections=<NUM>/<NUM>,2026-06-01T00:10:00+00:00,2
cart-service,T015,Cache warm-up slower than expected startup_ms=<NUM>,2026-06-01T00:10:00+00:00,3
order-service,T005,Cart service call succeeded,2026-06-01T00:10:00+00:00,6
order-service,T006,Order created orderId=ORD-<NUM> userId=<NUM>,2026-06-01T00:10:00+00:00,8
order-service,T010,Health check passed,2026-06-01T00:10:00+00:00,7
order-service,T012,Cart service timeout after <NUM>ms,2026-06-01T00:10:00+00:00,1
cart-service,T001,Health check passed,2026-06-01T00:15:00+00:00,13
cart-service,T002,Item added to cart for userId=<NUM>,2026-06-01T00:15:00+00:00,9
cart-service,T003,DB query executed table=cart rows=<NUM>,2026-06-01T00:15:00+00:00,8
cart-service,T008,Checkout completed orderId=ORD-<NUM>,2026-06-01T00:15:00+00:00,6
cart-service,T009,ProductCatalogCache loaded <NUM> entries,2026-06-01T00:15:00+00:00,12
cart-service,T011,Connection pool nearing limit pool=db connections=<NUM>/<NUM>,2026-06-01T00:15:00+00:00,1
cart-service,T061,Health check response time elevated endpoint=/health latency=168ms,2026-06-01T00:15:00+00:00,1
cart-service,T076,Health check response time elevated endpoint=/health latency=247ms,2026-06-01T00:15:00+00:00,1
order-service,T005,Cart service call succeeded,2026-06-01T00:15:00+00:00,6
order-service,T006,Order created orderId=ORD-<NUM> userId=<NUM>,2026-06-01T00:15:00+00:00,12
order-service,T010,Health check passed,2026-06-01T00:15:00+00:00,6
order-service,T012,Cart service timeout after <NUM>ms,2026-06-01T00:15:00+00:00,1
cart-service,T001,Health check passed,2026-06-01T00:20:00+00:00,12
cart-service,T002,Item added to cart for userId=<NUM>,2026-06-01T00:20:00+00:00,11
cart-service,T003,DB query executed table=cart rows=<NUM>,2026-06-01T00:20:00+00:00,13
cart-service,T008,Checkout completed orderId=ORD-<NUM>,2026-06-01T00:20:00+00:00,6
cart-service,T009,ProductCatalogCache loaded <NUM> entries,2026-06-01T00:20:00+00:00,7
cart-service,T011,Connection pool nearing limit pool=db connections=<NUM>/<NUM>,2026-06-01T00:20:00+00:00,5
cart-service,T015,Cache warm-up slower than expected startup_ms=<NUM>,2026-06-01T00:20:00+00:00,1
cart-service,T445,Health check response time elevated endpoint=/health latency=124ms,2026-06-01T00:20:00+00:00,1
order-service,T005,Cart service call succeeded,2026-06-01T00:20:00+00:00,9
order-service,T006,Order created orderId=ORD-<NUM> userId=<NUM>,2026-06-01T00:20:00+00:00,5
order-service,T010,Health check passed,2026-06-01T00:20:00+00:00,5
order-service,T012,Cart service timeout after <NUM>ms,2026-06-01T00:20:00+00:00,2
cart-service,T001,Health check passed,2026-06-01T00:25:00+00:00,12
cart-service,T002,Item added to cart for userId=<NUM>,2026-06-01T00:25:00+00:00,18
cart-service,T003,DB query executed table=cart rows=<NUM>,2026-06-01T00:25:00+00:00,11
cart-service,T008,Checkout completed orderId=ORD-<NUM>,2026-06-01T00:25:00+00:00,7
cart-service,T009,ProductCatalogCache loaded <NUM> entries,2026-06-01T00:25:00+00:00,10
cart-service,T011,Connection pool nearing limit pool=db connections=<NUM>/<NUM>,2026-06-01T00:25:00+00:00,2
cart-service,T015,Cache warm-up slower than expected startup_ms=<NUM>,2026-06-01T00:25:00+00:00,1
cart-service,T037,Health check response time elevated endpoint=/health latency=206ms,2026-06-01T00:25:00+00:00,1
cart-service,T056,Health check response time elevated endpoint=/health latency=241ms,2026-06-01T00:25:00+00:00,1
cart-service,T086,Health check response time elevated endpoint=/health latency=140ms,2026-06-01T00:25:00+00:00,1
order-service,T005,Cart service call succeeded,2026-06-01T00:25:00+00:00,5
order-service,T006,Order created orderId=ORD-<NUM> userId=<NUM>,2026-06-01T00:25:00+00:00,5
order-service,T010,Health check passed,2026-06-01T00:25:00+00:00,6
order-service,T012,Cart service timeout after <NUM>ms,2026-06-01T00:25:00+00:00,1
cart-service,T001,Health check passed,2026-06-01T00:30:00+00:00,12
cart-service,T002,Item added to cart for userId=<NUM>,2026-06-01T00:30:00+00:00,10
cart-service,T003,DB query executed table=cart rows=<NUM>,2026-06-01T00:30:00+00:00,13
cart-service,T008,Checkout completed orderId=ORD-<NUM>,2026-06-01T00:30:00+00:00,9
cart-service,T009,ProductCatalogCache loaded <NUM> entries,2026-06-01T00:30:00+00:00,5
cart-service,T011,Connection pool nearing limit pool=db connections=<NUM>/<NUM>,2026-06-01T00:30:00+00:00,2
cart-service,T058,Health check response time elevated endpoint=/health latency=131ms,2026-06-01T00:30:00+00:00,1
order-service,T005,Cart service call succeeded,2026-06-01T00:30:00+00:00,12
order-service,T006,Order created orderId=ORD-<NUM> userId=<NUM>,2026-06-01T00:30:00+00:00,6
order-service,T010,Health check passed,2026-06-01T00:30:00+00:00,5
cart-service,T001,Health check passed,2026-06-01T00:35:00+00:00,9
cart-service,T002,Item added to cart for userId=<NUM>,2026-06-01T00:35:00+00:00,8
cart-service,T003,DB query executed table=cart rows=<NUM>,2026-06-01T00:35:00+00:00,13
cart-service,T008,Checkout completed orderId=ORD-<NUM>,2026-06-01T00:35:00+00:00,8
cart-service,T009,ProductCatalogCache loaded <NUM> entries,2026-06-01T00:35:00+00:00,9
cart-service,T011,Connection pool nearing limit pool=db connections=<NUM>/<NUM>,2026-06-01T00:35:00+00:00,3
cart-service,T015,Cache warm-up slower than expected startup_ms=<NUM>,2026-06-01T00:35:00+00:00,1
order-service,T005,Cart service call succeeded,2026-06-01T00:35:00+00:00,8
order-service,T006,Order created orderId=ORD-<NUM> userId=<NUM>,2026-06-01T00:35:00+00:00,6
order-service,T010,Health check passed,2026-06-01T00:35:00+00:00,7
cart-service,T001,Health check passed,2026-06-01T00:40:00+00:00,9
cart-service,T002,Item added to cart for userId=<NUM>,2026-06-01T00:40:00+00:00,11
cart-service,T003,DB query executed table=cart rows=<NUM>,2026-06-01T00:40:00+00:00,15
cart-service,T008,Checkout completed orderId=ORD-<NUM>,2026-06-01T00:40:00+00:00,10
cart-service,T009,ProductCatalogCache loaded <NUM> entries,2026-06-01T00:40:00+00:00,6
cart-service,T011,Connection pool nearing limit pool=db connections=<NUM>/<NUM>,2026-06-01T00:40:00+00:00,2
cart-service,T015,Cache warm-up slower than expected startup_ms=<NUM>,2026-06-01T00:40:00+00:00,2
cart-service,T029,Health check response time elevated endpoint=/health latency=176ms,2026-06-01T00:40:00+00:00,1
cart-service,T125,Health check response time elevated endpoint=/health latency=128ms,2026-06-01T00:40:00+00:00,1
cart-service,T150,Health check response time elevated endpoint=/health latency=181ms,2026-06-01T00:40:00+00:00,1
order-service,T005,Cart service call succeeded,2026-06-01T00:40:00+00:00,9
order-service,T006,Order created orderId=ORD-<NUM> userId=<NUM>,2026-06-01T00:40:00+00:00,8
order-service,T010,Health check passed,2026-06-01T00:40:00+00:00,7
order-service,T012,Cart service timeout after <NUM>ms,2026-06-01T00:40:00+00:00,1
cart-service,T001,Health check passed,2026-06-01T00:45:00+00:00,13
cart-service,T002,Item added to cart for userId=<NUM>,2026-06-01T00:45:00+00:00,12
cart-service,T003,DB query executed table=cart rows=<NUM>,2026-06-01T00:45:00+00:00,15
cart-service,T008,Checkout completed orderId=ORD-<NUM>,2026-06-01T00:45:00+00:00,6
cart-service,T009,ProductCatalogCache loaded <NUM> entries,2026-06-01T00:45:00+00:00,9
cart-service,T011,Connection pool nearing limit pool=db connections=<NUM>/<NUM>,2026-06-01T00:45:00+00:00,2
cart-service,T015,Cache warm-up slower than expected startup_ms=<NUM>,2026-06-01T00:45:00+00:00,3
cart-service,T057,Health check response time elevated endpoint=/health latency=237ms,2026-06-01T00:45:00+00:00,1
order-service,T005,Cart service call succeeded,2026-06-01T00:45:00+00:00,14
order-service,T006,Order created orderId=ORD-<NUM> userId=<NUM>,2026-06-01T00:45:00+00:00,6
order-service,T010,Health check passed,2026-06-01T00:45:00+00:00,4
order-service,T012,Cart service timeout after <NUM>ms,2026-06-01T00:45:00+00:00,2
cart-service,T001,Health check passed,2026-06-01T00:50:00+00:00,12
cart-service,T002,Item added to cart for userId=<NUM>,2026-06-01T00:50:00+00:00,11
cart-service,T003,DB query executed table=cart rows=<NUM>,2026-06-01T00:50:00+00:00,14
cart-service,T008,Checkout completed orderId=ORD-<NUM>,2026-06-01T00:50:00+00:00,8
cart-service,T009,ProductCatalogCache loaded <NUM> entries,2026-06-01T00:50:00+00:00,9
cart-service,T011,Connection pool nearing limit pool=db connections=<NUM>/<NUM>,2026-06-01T00:50:00+00:00,1
cart-service,T021,Health check response time elevated endpoint=/health latency=139ms,2026-06-01T00:50:00+00:00,1
order-service,T005,Cart service call succeeded,2026-06-01T00:50:00+00:00,10
order-service,T006,Order created orderId=ORD-<NUM> userId=<NUM>,2026-06-01T00:50:00+00:00,10
order-service,T010,Health check passed,2026-06-01T00:50:00+00:00,8
order-service,T012,Cart service timeout after <NUM>ms,2026-06-01T00:50:00+00:00,2
cart-service,T001,Health check passed,2026-06-01T00:55:00+00:00,13
cart-service,T002,Item added to cart for userId=<NUM>,2026-06-01T00:55:00+00:00,14
cart-service,T003,DB query executed table=cart rows=<NUM>,2026-06-01T00:55:00+00:00,11
cart-service,T008,Checkout completed orderId=ORD-<NUM>,2026-06-01T00:55:00+00:00,7
cart-service,T009,ProductCatalogCache loaded <NUM> entries,2026-06-01T00:55:00+00:00,3
cart-service,T011,Connection pool nearing limit pool=db connections=<NUM>/<NUM>,2026-06-01T00:55:00+00:00,3
cart-service,T015,Cache warm-up slower than expected startup_ms=<NUM>,2026-06-01T00:55:00+00:00,1
cart-service,T024,Health check response time elevated endpoint=/health latency=212ms,2026-06-01T00:55:00+00:00,1
cart-service,T052,Health check response time elevated endpoint=/health latency=250ms,2026-06-01T00:55:00+00:00,1
cart-service,T148,Health check response time elevated endpoint=/health latency=194ms,2026-06-01T00:55:00+00:00,1
order-service,T005,Cart service call succeeded,2026-06-01T00:55:00+00:00,11
order-service,T006,Order created orderId=ORD-<NUM> userId=<NUM>,2026-06-01T00:55:00+00:00,7
order-service,T010,Health check passed,2026-06-01T00:55:00+00:00,10
order-service,T012,Cart service timeout after <NUM>ms,2026-06-01T00:55:00+00:00,3
cart-service,T001,Health check passed,2026-06-01T01:00:00+00:00,20
cart-service,T002,Item added to cart for userId=<NUM>,2026-06-01T01:00:00+00:00,10
cart-service,T003,DB query executed table=cart rows=<NUM>,2026-06-01T01:00:00+00:00,9
cart-service,T008,Checkout completed orderId=ORD-<NUM>,2026-06-01T01:00:00+00:00,8
cart-service,T009,ProductCatalogCache loaded <NUM> entries,2026-06-01T01:00:00+00:00,4
cart-service,T015,Cache warm-up slower than expected startup_ms=<NUM>,2026-06-01T01:00:00+00:00,4
cart-service,T055,Health check response time elevated endpoint=/health latency=202ms,2026-06-01T01:00:00+00:00,1
cart-service,T071,Health check response time elevated endpoint=/health latency=220ms,2026-06-01T01:00:00+00:00,1
cart-service,T077,Health check response time elevated endpoint=/health latency=199ms,2026-06-01T01:00:00+00:00,1
order-service,T005,Cart service call succeeded,2026-06-01T01:00:00+00:00,7
order-service,T006,Order created orderId=ORD-<NUM> userId=<NUM>,2026-06-01T01:00:00+00:00,8
order-service,T010,Health check passed,2026-06-01T01:00:00+00:00,8
order-service,T012,Cart service timeout after <NUM>ms,2026-06-01T01:00:00+00:00,2
cart-service,T001,Health check passed,2026-06-01T01:05:00+00:00,16
cart-service,T002,Item added to cart for userId=<NUM>,2026-06-01T01:05:00+00:00,12
cart-service,T003,DB query executed table=cart rows=<NUM>,2026-06-01T01:05:00+00:00,8
cart-service,T008,Checkout completed orderId=ORD-<NUM>,2026-06-01T01:05:00+00:00,11
cart-service,T009,ProductCatalogCache loaded <NUM> entries,2026-06-01T01:05:00+00:00,7
cart-service,T015,Cache warm-up slower than expected startup_ms=<NUM>,2026-06-01T01:05:00+00:00,3
order-service,T005,Cart service call succeeded,2026-06-01T01:05:00+00:00,8
order-service,T006,Order created orderId=ORD-<NUM> userId=<NUM>,2026-06-01T01:05:00+00:00,5
order-service,T010,Health check passed,2026-06-01T01:05:00+00:00,8
order-service,T012,Cart service timeout after <NUM>ms,2026-06-01T01:05:00+00:00,2
cart-service,T001,Health check passed,2026-06-01T01:10:00+00:00,15
cart-service,T002,Item added to cart for userId=<NUM>,2026-06-01T01:10:00+00:00,9
cart-service,T003,DB query executed table=cart rows=<NUM>,2026-06-01T01:10:00+00:00,11
cart-service,T008,Checkout completed orderId=ORD-<NUM>,2026-06-01T01:10:00+00:00,8
cart-service,T009,ProductCatalogCache loaded <NUM> entries,2026-06-01T01:10:00+00:00,6
order-service,T005,Cart service call succeeded,2026-06-01T01:10:00+00:00,6
order-service,T006,Order created orderId=ORD-<NUM> userId=<NUM>,2026-06-01T01:10:00+00:00,8
order-service,T010,Health check passed,2026-06-01T01:10:00+00:00,5
order-service,T012,Cart service timeout after <NUM>ms,2026-06-01T01:10:00+00:00,3
cart-service,T001,Health check passed,2026-06-01T01:15:00+00:00,12
cart-service,T002,Item added to cart for userId=<NUM>,2026-06-01T01:15:00+00:00,8
cart-service,T003,DB query executed table=cart rows=<NUM>,2026-06-01T01:15:00+00:00,17
cart-service,T008,Checkout completed orderId=ORD-<NUM>,2026-06-01T01:15:00+00:00,11
cart-service,T009,ProductCatalogCache loaded <NUM> entries,2026-06-01T01:15:00+00:00,8
cart-service,T015,Cache warm-up slower than expected startup_ms=<NUM>,2026-06-01T01:15:00+00:00,3
cart-service,T050,Health check response time elevated endpoint=/health latency=180ms,2026-06-01T01:15:00+00:00,1
cart-service,T119,Health check response time elevated endpoint=/health latency=210ms,2026-06-01T01:15:00+00:00,1
order-service,T005,Cart service call succeeded,2026-06-01T01:15:00+00:00,8
order-service,T006,Order created orderId=ORD-<NUM> userId=<NUM>,2026-06-01T01:15:00+00:00,13
order-service,T010,Health check passed,2026-06-01T01:15:00+00:00,7
order-service,T012,Cart service timeout after <NUM>ms,2026-06-01T01:15:00+00:00,1
cart-service,T001,Health check passed,2026-06-01T01:20:00+00:00,18
cart-service,T002,Item added to cart for userId=<NUM>,2026-06-01T01:20:00+00:00,8
cart-service,T003,DB query executed table=cart rows=<NUM>,2026-06-01T01:20:00+00:00,9
cart-service,T008,Checkout completed orderId=ORD-<NUM>,2026-06-01T01:20:00+00:00,9
cart-service,T009,ProductCatalogCache loaded <NUM> entries,2026-06-01T01:20:00+00:00,5
cart-service,T011,Connection pool nearing limit pool=db connections=<NUM>/<NUM>,2026-06-01T01:20:00+00:00,2
order-service,T005,Cart service call succeeded,2026-06-01T01:20:00+00:00,14
order-service,T006,Order created orderId=ORD-<NUM> userId=<NUM>,2026-06-01T01:20:00+00:00,5
order-service,T010,Health check passed,2026-06-01T01:20:00+00:00,7
order-service,T012,Cart service timeout after <NUM>ms,2026-06-01T01:20:00+00:00,1
cart-service,T001,Health check passed,2026-06-01T01:25:00+00:00,11
cart-service,T002,Item added to cart for userId=<NUM>,2026-06-01T01:25:00+00:00,14
cart-service,T003,DB query executed table=cart rows=<NUM>,2026-06-01T01:25:00+00:00,11
cart-service,T008,Checkout completed orderId=ORD-<NUM>,2026-06-01T01:25:00+00:00,7
cart-service,T009,ProductCatalogCache loaded <NUM> entries,2026-06-01T01:25:00+00:00,7
cart-service,T011,Connection pool nearing limit pool=db connections=<NUM>/<NUM>,2026-06-01T01:25:00+00:00,1
cart-service,T015,Cache warm-up slower than expected startup_ms=<NUM>,2026-06-01T01:25:00+00:00,1
cart-service,T023,Health check response time elevated endpoint=/health latency=226ms,2026-06-01T01:25:00+00:00,1
order-service,T005,Cart service call succeeded,2026-06-01T01:25:00+00:00,6
order-service,T006,Order created orderId=ORD-<NUM> userId=<NUM>,2026-06-01T01:25:00+00:00,8
order-service,T010,Health check passed,2026-06-01T01:25:00+00:00,7
order-service,T012,Cart service timeout after <NUM>ms,2026-06-01T01:25:00+00:00,2
cart-service,T001,Health check passed,2026-06-01T01:30:00+00:00,7
cart-service,T002,Item added to cart for userId=<NUM>,2026-06-01T01:30:00+00:00,10
cart-service,T003,DB query executed table=cart rows=<NUM>,2026-06-01T01:30:00+00:00,12
cart-service,T008,Checkout completed orderId=ORD-<NUM>,2026-06-01T01:30:00+00:00,4
cart-service,T009,ProductCatalogCache loaded <NUM> entries,2026-06-01T01:30:00+00:00,8
cart-service,T011,Connection pool nearing limit pool=db connections=<NUM>/<NUM>,2026-06-01T01:30:00+00:00,3
cart-service,T019,Health check response time elevated endpoint=/health latency=231ms,2026-06-01T01:30:00+00:00,1
cart-service,T093,Health check response time elevated endpoint=/health latency=165ms,2026-06-01T01:30:00+00:00,1
order-service,T005,Cart service call succeeded,2026-06-01T01:30:00+00:00,7
order-service,T006,Order created orderId=ORD-<NUM> userId=<NUM>,2026-06-01T01:30:00+00:00,5
order-service,T010,Health check passed,2026-06-01T01:30:00+00:00,7
order-service,T012,Cart service timeout after <NUM>ms,2026-06-01T01:30:00+00:00,1
cart-service,T001,Health check passed,2026-06-01T01:35:00+00:00,14
cart-service,T002,Item added to cart for userId=<NUM>,2026-06-01T01:35:00+00:00,12
cart-service,T003,DB query executed table=cart rows=<NUM>,2026-06-01T01:35:00+00:00,14
cart-service,T008,Checkout completed orderId=ORD-<NUM>,2026-06-01T01:35:00+00:00,7
cart-service,T009,ProductCatalogCache loaded <NUM> entries,2026-06-01T01:35:00+00:00,10
cart-service,T011,Connection pool nearing limit pool=db connections=<NUM>/<NUM>,2026-06-01T01:35:00+00:00,2
cart-service,T015,Cache warm-up slower than expected startup_ms=<NUM>,2026-06-01T01:35:00+00:00,1
cart-service,T040,Health check response time elevated endpoint=/health latency=203ms,2026-06-01T01:35:00+00:00,1
cart-service,T110,Health check response time elevated endpoint=/health latency=152ms,2026-06-01T01:35:00+00:00,1
order-service,T005,Cart service call succeeded,2026-06-01T01:35:00+00:00,9
order-service,T006,Order created orderId=ORD-<NUM> userId=<NUM>,2026-06-01T01:35:00+00:00,12
order-service,T010,Health check passed,2026-06-01T01:35:00+00:00,10
order-service,T012,Cart service timeout after <NUM>ms,2026-06-01T01:35:00+00:00,2
cart-service,T001,Health check passed,2026-06-01T01:40:00+00:00,21
cart-service,T002,Item added to cart for userId=<NUM>,2026-06-01T01:40:00+00:00,7
cart-service,T003,DB query executed table=cart rows=<NUM>,2026-06-01T01:40:00+00:00,8
cart-service,T008,Checkout completed orderId=ORD-<NUM>,2026-06-01T01:40:00+00:00,8
cart-service,T009,ProductCatalogCache loaded <NUM> entries,2026-06-01T01:40:00+00:00,8
cart-service,T011,Connection pool nearing limit pool=db connections=<NUM>/<NUM>,2026-06-01T01:40:00+00:00,2
cart-service,T015,Cache warm-up slower than expected startup_ms=<NUM>,2026-06-01T01:40:00+00:00,1
cart-service,T031,Health check response time elevated endpoint=/health latency=150ms,2026-06-01T01:40:00+00:00,1
cart-service,T058,Health check response time elevated endpoint=/health latency=131ms,2026-06-01T01:40:00+00:00,1
cart-service,T098,Health check response time elevated endpoint=/health latency=183ms,2026-06-01T01:40:00+00:00,1
order-service,T005,Cart service call succeeded,2026-06-01T01:40:00+00:00,11
order-service,T006,Order created orderId=ORD-<NUM> userId=<NUM>,2026-06-01T01:40:00+00:00,8
order-service,T010,Health check passed,2026-06-01T01:40:00+00:00,9
cart-service,T001,Health check passed,2026-06-01T01:45:00+00:00,15
cart-service,T002,Item added to cart for userId=<NUM>,2026-06-01T01:45:00+00:00,8
cart-service,T003,DB query executed table=cart rows=<NUM>,2026-06-01T01:45:00+00:00,12
cart-service,T008,Checkout completed orderId=ORD-<NUM>,2026-06-01T01:45:00+00:00,3
cart-service,T009,ProductCatalogCache loaded <NUM> entries,2026-06-01T01:45:00+00:00,6
cart-service,T011,Connection pool nearing limit pool=db connections=<NUM>/<NUM>,2026-06-01T01:45:00+00:00,2
cart-service,T015,Cache warm-up slower than expected startup_ms=<NUM>,2026-06-01T01:45:00+00:00,2
cart-service,T044,Health check response time elevated endpoint=/health latency=192ms,2026-06-01T01:45:00+00:00,1
cart-service,T150,Health check response time elevated endpoint=/health latency=181ms,2026-06-01T01:45:00+00:00,1
order-service,T005,Cart service call succeeded,2026-06-01T01:45:00+00:00,7
order-service,T006,Order created orderId=ORD-<NUM> userId=<NUM>,2026-06-01T01:45:00+00:00,5
order-service,T010,Health check passed,2026-06-01T01:45:00+00:00,8
order-service,T012,Cart service timeout after <NUM>ms,2026-06-01T01:45:00+00:00,3
cart-service,T001,Health check passed,2026-06-01T01:50:00+00:00,9
cart-service,T002,Item added to cart for userId=<NUM>,2026-06-01T01:50:00+00:00,14
cart-service,T003,DB query executed table=cart rows=<NUM>,2026-06-01T01:50:00+00:00,9
cart-service,T008,Checkout completed orderId=ORD-<NUM>,2026-06-01T01:50:00+00:00,10
cart-service,T009,ProductCatalogCache loaded <NUM> entries,2026-06-01T01:50:00+00:00,9
cart-service,T011,Connection pool nearing limit pool=db connections=<NUM>/<NUM>,2026-06-01T01:50:00+00:00,2
cart-service,T015,Cache warm-up slower than expected startup_ms=<NUM>,2026-06-01T01:50:00+00:00,1
order-service,T005,Cart service call succeeded,2026-06-01T01:50:00+00:00,7
order-service,T006,Order created orderId=ORD-<NUM> userId=<NUM>,2026-06-01T01:50:00+00:00,9
order-service,T010,Health check passed,2026-06-01T01:50:00+00:00,9
order-service,T012,Cart service timeout after <NUM>ms,2026-06-01T01:50:00+00:00,1
cart-service,T001,Health check passed,2026-06-01T01:55:00+00:00,10
cart-service,T002,Item added to cart for userId=<NUM>,2026-06-01T01:55:00+00:00,13
cart-service,T003,DB query executed table=cart rows=<NUM>,2026-06-01T01:55:00+00:00,11
cart-service,T008,Checkout completed orderId=ORD-<NUM>,2026-06-01T01:55:00+00:00,11
cart-service,T009,ProductCatalogCache loaded <NUM> entries,2026-06-01T01:55:00+00:00,9
cart-service,T011,Connection pool nearing limit pool=db connections=<NUM>/<NUM>,2026-06-01T01:55:00+00:00,1
cart-service,T015,Cache warm-up slower than expected startup_ms=<NUM>,2026-06-01T01:55:00+00:00,1
order-service,T005,Cart service call succeeded,2026-06-01T01:55:00+00:00,9
order-service,T006,Order created orderId=ORD-<NUM> userId=<NUM>,2026-06-01T01:55:00+00:00,4
order-service,T010,Health check passed,2026-06-01T01:55:00+00:00,9
order-service,T012,Cart service timeout after <NUM>ms,2026-06-01T01:55:00+00:00,3
cart-service,T001,Health check passed,2026-06-01T02:00:00+00:00,7
cart-service,T002,Item added to cart for userId=<NUM>,2026-06-01T02:00:00+00:00,13
cart-service,T003,DB query executed table=cart rows=<NUM>,2026-06-01T02:00:00+00:00,8
cart-service,T008,Checkout completed orderId=ORD-<NUM>,2026-06-01T02:00:00+00:00,8
cart-service,T009,ProductCatalogCache loaded <NUM> entries,2026-06-01T02:00:00+00:00,6
cart-service,T015,Cache warm-up slower than expected startup_ms=<NUM>,2026-06-01T02:00:00+00:00,2
cart-service,T026,Health check response time elevated endpoint=/health latency=171ms,2026-06-01T02:00:00+00:00,1
cart-service,T056,Health check response time elevated endpoint=/health latency=241ms,2026-06-01T02:00:00+00:00,1
cart-service,T074,Health check response time elevated endpoint=/health latency=138ms,2026-06-01T02:00:00+00:00,1
cart-service,T119,Health check response time elevated endpoint=/health latency=210ms,2026-06-01T02:00:00+00:00,1
order-service,T005,Cart service call succeeded,2026-06-01T02:00:00+00:00,12
order-service,T006,Order created orderId=ORD-<NUM> userId=<NUM>,2026-06-01T02:00:00+00:00,9
order-service,T010,Health check passed,2026-06-01T02:00:00+00:00,5
cart-service,T001,Health check passed,2026-06-01T02:05:00+00:00,9
cart-service,T002,Item added to cart for userId=<NUM>,2026-06-01T02:05:00+00:00,9
cart-service,T003,DB query executed table=cart rows=<NUM>,2026-06-01T02:05:00+00:00,14
cart-service,T008,Checkout completed orderId=ORD-<NUM>,2026-06-01T02:05:00+00:00,11
cart-service,T009,ProductCatalogCache loaded <NUM> entries,2026-06-01T02:05:00+00:00,3
cart-service,T011,Connection pool nearing limit pool=db connections=<NUM>/<NUM>,2026-06-01T02:05:00+00:00,2
cart-service,T032,Health check response time elevated endpoint=/health latency=174ms,2026-06-01T02:05:00+00:00,1
order-service,T005,Cart service call succeeded,2026-06-01T02:05:00+00:00,3
order-service,T006,Order created orderId=ORD-<NUM> userId=<NUM>,2026-06-01T02:05:00+00:00,12
order-service,T010,Health check passed,2026-06-01T02:05:00+00:00,7
order-service,T012,Cart service timeout after <NUM>ms,2026-06-01T02:05:00+00:00,1
cart-service,T001,Health check passed,2026-06-01T02:10:00+00:00,8
cart-service,T002,Item added to cart for userId=<NUM>,2026-06-01T02:10:00+00:00,12
cart-service,T003,DB query executed table=cart rows=<NUM>,2026-06-01T02:10:00+00:00,13
cart-service,T008,Checkout completed orderId=ORD-<NUM>,2026-06-01T02:10:00+00:00,11
cart-service,T009,ProductCatalogCache loaded <NUM> entries,2026-06-01T02:10:00+00:00,8
cart-service,T011,Connection pool nearing limit pool=db connections=<NUM>/<NUM>,2026-06-01T02:10:00+00:00,2
cart-service,T015,Cache warm-up slower than expected startup_ms=<NUM>,2026-06-01T02:10:00+00:00,1
cart-service,T046,Health check response time elevated endpoint=/health latency=147ms,2026-06-01T02:10:00+00:00,1
cart-service,T076,Health check response time elevated endpoint=/health latency=247ms,2026-06-01T02:10:00+00:00,1
order-service,T005,Cart service call succeeded,2026-06-01T02:10:00+00:00,6
order-service,T006,Order created orderId=ORD-<NUM> userId=<NUM>,2026-06-01T02:10:00+00:00,5
order-service,T010,Health check passed,2026-06-01T02:10:00+00:00,5
order-service,T012,Cart service timeout after <NUM>ms,2026-06-01T02:10:00+00:00,1
cart-service,T001,Health check passed,2026-06-01T02:15:00+00:00,7
cart-service,T002,Item added to cart for userId=<NUM>,2026-06-01T02:15:00+00:00,13
cart-service,T003,DB query executed table=cart rows=<NUM>,2026-06-01T02:15:00+00:00,9
cart-service,T008,Checkout completed orderId=ORD-<NUM>,2026-06-01T02:15:00+00:00,8
cart-service,T009,ProductCatalogCache loaded <NUM> entries,2026-06-01T02:15:00+00:00,9
cart-service,T011,Connection pool nearing limit pool=db connections=<NUM>/<NUM>,2026-06-01T02:15:00+00:00,2
cart-service,T088,Health check response time elevated endpoint=/health latency=163ms,2026-06-01T02:15:00+00:00,1
cart-service,T127,Health check response time elevated endpoint=/health latency=233ms,2026-06-01T02:15:00+00:00,1
order-service,T005,Cart service call succeeded,2026-06-01T02:15:00+00:00,11
order-service,T006,Order created orderId=ORD-<NUM> userId=<NUM>,2026-06-01T02:15:00+00:00,6
order-service,T010,Health check passed,2026-06-01T02:15:00+00:00,5
cart-service,T001,Health check passed,2026-06-01T02:20:00+00:00,7
cart-service,T002,Item added to cart for userId=<NUM>,2026-06-01T02:20:00+00:00,10
cart-service,T003,DB query executed table=cart rows=<NUM>,2026-06-01T02:20:00+00:00,10
cart-service,T008,Checkout completed orderId=ORD-<NUM>,2026-06-01T02:20:00+00:00,11
cart-service,T009,ProductCatalogCache loaded <NUM> entries,2026-06-01T02:20:00+00:00,9
cart-service,T011,Connection pool nearing limit pool=db connections=<NUM>/<NUM>,2026-06-01T02:20:00+00:00,1
cart-service,T015,Cache warm-up slower than expected startup_ms=<NUM>,2026-06-01T02:20:00+00:00,1
order-service,T005,Cart service call succeeded,2026-06-01T02:20:00+00:00,10
order-service,T006,Order created orderId=ORD-<NUM> userId=<NUM>,2026-06-01T02:20:00+00:00,8
order-service,T010,Health check passed,2026-06-01T02:20:00+00:00,5
order-service,T012,Cart service timeout after <NUM>ms,2026-06-01T02:20:00+00:00,1
cart-service,T001,Health check passed,2026-06-01T02:25:00+00:00,12
cart-service,T002,Item added to cart for userId=<NUM>,2026-06-01T02:25:00+00:00,11
cart-service,T003,DB query executed table=cart rows=<NUM>,2026-06-01T02:25:00+00:00,9
cart-service,T008,Checkout completed orderId=ORD-<NUM>,2026-06-01T02:25:00+00:00,8
cart-service,T009,ProductCatalogCache loaded <NUM> entries,2026-06-01T02:25:00+00:00,8
cart-service,T011,Connection pool nearing limit pool=db connections=<NUM>/<NUM>,2026-06-01T02:25:00+00:00,2
cart-service,T015,Cache warm-up slower than expected startup_ms=<NUM>,2026-06-01T02:25:00+00:00,6
cart-service,T049,Health check response time elevated endpoint=/health latency=178ms,2026-06-01T02:25:00+00:00,1
order-service,T005,Cart service call succeeded,2026-06-01T02:25:00+00:00,9
order-service,T006,Order created orderId=ORD-<NUM> userId=<NUM>,2026-06-01T02:25:00+00:00,7
order-service,T010,Health check passed,2026-06-01T02:25:00+00:00,9
order-service,T012,Cart service timeout after <NUM>ms,2026-06-01T02:25:00+00:00,5
cart-service,T001,Health check passed,2026-06-01T02:30:00+00:00,13
cart-service,T002,Item added to cart for userId=<NUM>,2026-06-01T02:30:00+00:00,10
cart-service,T003,DB query executed table=cart rows=<NUM>,2026-06-01T02:30:00+00:00,10
cart-service,T008,Checkout completed orderId=ORD-<NUM>,2026-06-01T02:30:00+00:00,6
cart-service,T009,ProductCatalogCache loaded <NUM> entries,2026-06-01T02:30:00+00:00,7
cart-service,T011,Connection pool nearing limit pool=db connections=<NUM>/<NUM>,2026-06-01T02:30:00+00:00,2
cart-service,T015,Cache warm-up slower than expected startup_ms=<NUM>,2026-06-01T02:30:00+00:00,2
cart-service,T081,Health check response time elevated endpoint=/health latency=249ms,2026-06-01T02:30:00+00:00,1
cart-service,T148,Health check response time elevated endpoint=/health latency=194ms,2026-06-01T02:30:00+00:00,1
order-service,T005,Cart service call succeeded,2026-06-01T02:30:00+00:00,10
order-service,T006,Order created orderId=ORD-<NUM> userId=<NUM>,2026-06-01T02:30:00+00:00,6
order-service,T010,Health check passed,2026-06-01T02:30:00+00:00,6
cart-service,T001,Health check passed,2026-06-01T02:35:00+00:00,15
cart-service,T002,Item added to cart for userId=<NUM>,2026-06-01T02:35:00+00:00,14
cart-service,T003,DB query executed table=cart rows=<NUM>,2026-06-01T02:35:00+00:00,16
cart-service,T008,Checkout completed orderId=ORD-<NUM>,2026-06-01T02:35:00+00:00,5
cart-service,T009,ProductCatalogCache loaded <NUM> entries,2026-06-01T02:35:00+00:00,9
cart-service,T011,Connection pool nearing limit pool=db connections=<NUM>/<NUM>,2026-06-01T02:35:00+00:00,3
cart-service,T015,Cache warm-up slower than expected startup_ms=<NUM>,2026-06-01T02:35:00+00:00,1
cart-service,T050,Health check response time elevated endpoint=/health latency=180ms,2026-06-01T02:35:00+00:00,1
order-service,T005,Cart service call succeeded,2026-06-01T02:35:00+00:00,4
order-service,T006,Order created orderId=ORD-<NUM> userId=<NUM>,2026-06-01T02:35:00+00:00,7
order-service,T010,Health check passed,2026-06-01T02:35:00+00:00,7
order-service,T012,Cart service timeout after <NUM>ms,2026-06-01T02:35:00+00:00,3
cart-service,T001,Health check passed,2026-06-01T02:40:00+00:00,15
cart-service,T002,Item added to cart for userId=<NUM>,2026-06-01T02:40:00+00:00,8
cart-service,T003,DB query executed table=cart rows=<NUM>,2026-06-01T02:40:00+00:00,8
cart-service,T008,Checkout completed orderId=ORD-<NUM>,2026-06-01T02:40:00+00:00,6
cart-service,T009,ProductCatalogCache loaded <NUM> entries,2026-06-01T02:40:00+00:00,5
cart-service,T011,Connection pool nearing limit pool=db connections=<NUM>/<NUM>,2026-06-01T02:40:00+00:00,4
cart-service,T015,Cache warm-up slower than expected startup_ms=<NUM>,2026-06-01T02:40:00+00:00,4
order-service,T005,Cart service call succeeded,2026-06-01T02:40:00+00:00,9
order-service,T006,Order created orderId=ORD-<NUM> userId=<NUM>,2026-06-01T02:40:00+00:00,10
order-service,T010,Health check passed,2026-06-01T02:40:00+00:00,8
cart-service,T001,Health check passed,2026-06-01T02:45:00+00:00,10
cart-service,T002,Item added to cart for userId=<NUM>,2026-06-01T02:45:00+00:00,8
cart-service,T003,DB query executed table=cart rows=<NUM>,2026-06-01T02:45:00+00:00,11
cart-service,T008,Checkout completed orderId=ORD-<NUM>,2026-06-01T02:45:00+00:00,3
cart-service,T009,ProductCatalogCache loaded <NUM> entries,2026-06-01T02:45:00+00:00,8
cart-service,T015,Cache warm-up slower than expected startup_ms=<NUM>,2026-06-01T02:45:00+00:00,3
cart-service,T081,Health check response time elevated endpoint=/health latency=249ms,2026-06-01T02:45:00+00:00,1
order-service,T005,Cart service call succeeded,2026-06-01T02:45:00+00:00,14
order-service,T006,Order created orderId=ORD-<NUM> userId=<NUM>,2026-06-01T02:45:00+00:00,4
order-service,T010,Health check passed,2026-06-01T02:45:00+00:00,8
order-service,T012,Cart service timeout after <NUM>ms,2026-06-01T02:45:00+00:00,2
cart-service,T001,Health check passed,2026-06-01T02:50:00+00:00,7
cart-service,T002,Item added to cart for userId=<NUM>,2026-06-01T02:50:00+00:00,19
cart-service,T003,DB query executed table=cart rows=<NUM>,2026-06-01T02:50:00+00:00,11
cart-service,T008,Checkout completed orderId=ORD-<NUM>,2026-06-01T02:50:00+00:00,10
cart-service,T009,ProductCatalogCache loaded <NUM> entries,2026-06-01T02:50:00+00:00,6
cart-service,T011,Connection pool nearing limit pool=db connections=<NUM>/<NUM>,2026-06-01T02:50:00+00:00,3
cart-service,T015,Cache warm-up slower than expected startup_ms=<NUM>,2026-06-01T02:50:00+00:00,1
cart-service,T116,Health check response time elevated endpoint=/health latency=224ms,2026-06-01T02:50:00+00:00,1
order-service,T005,Cart service call succeeded,2026-06-01T02:50:00+00:00,10
order-service,T006,Order created orderId=ORD-<NUM> userId=<NUM>,2026-06-01T02:50:00+00:00,8
order-service,T010,Health check passed,2026-06-01T02:50:00+00:00,3
order-service,T012,Cart service timeout after <NUM>ms,2026-06-01T02:50:00+00:00,1
cart-service,T001,Health check passed,2026-06-01T02:55:00+00:00,12
cart-service,T002,Item added to cart for userId=<NUM>,2026-06-01T02:55:00+00:00,15
cart-service,T003,DB query executed table=cart rows=<NUM>,2026-06-01T02:55:00+00:00,11
cart-service,T008,Checkout completed orderId=ORD-<NUM>,2026-06-01T02:55:00+00:00,5
cart-service,T009,ProductCatalogCache loaded <NUM> entries,2026-06-01T02:55:00+00:00,6
cart-service,T011,Connection pool nearing limit pool=db connections=<NUM>/<NUM>,2026-06-01T02:55:00+00:00,2
cart-service,T015,Cache warm-up slower than expected startup_ms=<NUM>,2026-06-01T02:55:00+00:00,1
cart-service,T095,Health check response time elevated endpoint=/health latency=189ms,2026-06-01T02:55:00+00:00,1
order-service,T005,Cart service call succeeded,2026-06-01T02:55:00+00:00,8
order-service,T006,Order created orderId=ORD-<NUM> userId=<NUM>,2026-06-01T02:55:00+00:00,5
order-service,T010,Health check passed,2026-06-01T02:55:00+00:00,5
order-service,T012,Cart service timeout after <NUM>ms,2026-06-01T02:55:00+00:00,4
cart-service,T001,Health check passed,2026-06-01T03:00:00+00:00,12
cart-service,T002,Item added to cart for userId=<NUM>,2026-06-01T03:00:00+00:00,15
cart-service,T003,DB query executed table=cart rows=<NUM>,2026-06-01T03:00:00+00:00,5
cart-service,T008,Checkout completed orderId=ORD-<NUM>,2026-06-01T03:00:00+00:00,10
cart-service,T009,ProductCatalogCache loaded <NUM> entries,2026-06-01T03:00:00+00:00,12
cart-service,T011,Connection pool nearing limit pool=db connections=<NUM>/<NUM>,2026-06-01T03:00:00+00:00,1
cart-service,T015,Cache warm-up slower than expected startup_ms=<NUM>,2026-06-01T03:00:00+00:00,2
order-service,T005,Cart service call succeeded,2026-06-01T03:00:00+00:00,5
order-service,T006,Order created orderId=ORD-<NUM> userId=<NUM>,2026-06-01T03:00:00+00:00,9
order-service,T010,Health check passed,2026-06-01T03:00:00+00:00,6
order-service,T012,Cart service timeout after <NUM>ms,2026-06-01T03:00:00+00:00,1
cart-service,T001,Health check passed,2026-06-01T03:05:00+00:00,9
cart-service,T002,Item added to cart for userId=<NUM>,2026-06-01T03:05:00+00:00,16
cart-service,T003,DB query executed table=cart rows=<NUM>,2026-06-01T03:05:00+00:00,8
cart-service,T008,Checkout completed orderId=ORD-<NUM>,2026-06-01T03:05:00+00:00,12
cart-service,T009,ProductCatalogCache loaded <NUM> entries,2026-06-01T03:05:00+00:00,7
cart-service,T011,Connection pool nearing limit pool=db connections=<NUM>/<NUM>,2026-06-01T03:05:00+00:00,2
cart-service,T015,Cache warm-up slower than expected startup_ms=<NUM>,2026-06-01T03:05:00+00:00,2
cart-service,T120,Health check response time elevated endpoint=/health latency=200ms,2026-06-01T03:05:00+00:00,1
order-service,T005,Cart service call succeeded,2026-06-01T03:05:00+00:00,8
order-service,T006,Order created orderId=ORD-<NUM> userId=<NUM>,2026-06-01T03:05:00+00:00,7
order-service,T010,Health check passed,2026-06-01T03:05:00+00:00,6
order-service,T012,Cart service timeout after <NUM>ms,2026-06-01T03:05:00+00:00,3
cart-service,T001,Health check passed,2026-06-01T03:10:00+00:00,14
cart-service,T002,Item added to cart for userId=<NUM>,2026-06-01T03:10:00+00:00,12
cart-service,T003,DB query executed table=cart rows=<NUM>,2026-06-01T03:10:00+00:00,14
cart-service,T008,Checkout completed orderId=ORD-<NUM>,2026-06-01T03:10:00+00:00,8
cart-service,T009,ProductCatalogCache loaded <NUM> entries,2026-06-01T03:10:00+00:00,5
cart-service,T011,Connection pool nearing limit pool=db connections=<NUM>/<NUM>,2026-06-01T03:10:00+00:00,1
cart-service,T015,Cache warm-up slower than expected startup_ms=<NUM>,2026-06-01T03:10:00+00:00,3
cart-service,T022,Health check response time elevated endpoint=/health latency=243ms,2026-06-01T03:10:00+00:00,1
cart-service,T035,Health check response time elevated endpoint=/health latency=201ms,2026-06-01T03:10:00+00:00,1
order-service,T005,Cart service call succeeded,2026-06-01T03:10:00+00:00,6
order-service,T006,Order created orderId=ORD-<NUM> userId=<NUM>,2026-06-01T03:10:00+00:00,8
order-service,T010,Health check passed,2026-06-01T03:10:00+00:00,5
order-service,T012,Cart service timeout after <NUM>ms,2026-06-01T03:10:00+00:00,2
cart-service,T001,Health check passed,2026-06-01T03:15:00+00:00,17
cart-service,T002,Item added to cart for userId=<NUM>,2026-06-01T03:15:00+00:00,11
cart-service,T003,DB query executed table=cart rows=<NUM>,2026-06-01T03:15:00+00:00,8
cart-service,T008,Checkout completed orderId=ORD-<NUM>,2026-06-01T03:15:00+00:00,6
cart-service,T009,ProductCatalogCache loaded <NUM> entries,2026-06-01T03:15:00+00:00,6
cart-service,T011,Connection pool nearing limit pool=db connections=<NUM>/<NUM>,2026-06-01T03:15:00+00:00,1
order-service,T005,Cart service call succeeded,2026-06-01T03:15:00+00:00,8
order-service,T006,Order created orderId=ORD-<NUM> userId=<NUM>,2026-06-01T03:15:00+00:00,3
order-service,T010,Health check passed,2026-06-01T03:15:00+00:00,12
cart-service,T001,Health check passed,2026-06-01T03:20:00+00:00,9
cart-service,T002,Item added to cart for userId=<NUM>,2026-06-01T03:20:00+00:00,9
cart-service,T003,DB query executed table=cart rows=<NUM>,2026-06-01T03:20:00+00:00,13
cart-service,T008,Checkout completed orderId=ORD-<NUM>,2026-06-01T03:20:00+00:00,11
cart-service,T009,ProductCatalogCache loaded <NUM> entries,2026-06-01T03:20:00+00:00,9
cart-service,T011,Connection pool nearing limit pool=db connections=<NUM>/<NUM>,2026-06-01T03:20:00+00:00,2
cart-service,T015,Cache warm-up slower than expected startup_ms=<NUM>,2026-06-01T03:20:00+00:00,1
cart-service,T039,Health check response time elevated endpoint=/health latency=215ms,2026-06-01T03:20:00+00:00,1
cart-service,T079,Health check response time elevated endpoint=/health latency=218ms,2026-06-01T03:20:00+00:00,1
order-service,T005,Cart service call succeeded,2026-06-01T03:20:00+00:00,7
order-service,T006,Order created orderId=ORD-<NUM> userId=<NUM>,2026-06-01T03:20:00+00:00,7
order-service,T010,Health check passed,2026-06-01T03:20:00+00:00,3
order-service,T012,Cart service timeout after <NUM>ms,2026-06-01T03:20:00+00:00,1
cart-service,T001,Health check passed,2026-06-01T03:25:00+00:00,14
cart-service,T002,Item added to cart for userId=<NUM>,2026-06-01T03:25:00+00:00,9
cart-service,T003,DB query executed table=cart rows=<NUM>,2026-06-01T03:25:00+00:00,8
cart-service,T008,Checkout completed orderId=ORD-<NUM>,2026-06-01T03:25:00+00:00,9
cart-service,T009,ProductCatalogCache loaded <NUM> entries,2026-06-01T03:25:00+00:00,9
cart-service,T023,Health check response time elevated endpoint=/health latency=226ms,2026-06-01T03:25:00+00:00,1
cart-service,T047,Health check response time elevated endpoint=/health latency=156ms,2026-06-01T03:25:00+00:00,1
cart-service,T056,Health check response time elevated endpoint=/health latency=241ms,2026-06-01T03:25:00+00:00,1
cart-service,T060,Health check response time elevated endpoint=/health latency=134ms,2026-06-01T03:25:00+00:00,2
cart-service,T084,Health check response time elevated endpoint=/health latency=169ms,2026-06-01T03:25:00+00:00,1
cart-service,T436,Health check response time elevated endpoint=/health latency=236ms,2026-06-01T03:25:00+00:00,1
order-service,T005,Cart service call succeeded,2026-06-01T03:25:00+00:00,7
order-service,T006,Order created orderId=ORD-<NUM> userId=<NUM>,2026-06-01T03:25:00+00:00,7
order-service,T010,Health check passed,2026-06-01T03:25:00+00:00,7
cart-service,T001,Health check passed,2026-06-01T03:30:00+00:00,12
cart-service,T002,Item added to cart for userId=<NUM>,2026-06-01T03:30:00+00:00,15
cart-service,T003,DB query executed table=cart rows=<NUM>,2026-06-01T03:30:00+00:00,8
cart-service,T008,Checkout completed orderId=ORD-<NUM>,2026-06-01T03:30:00+00:00,8
cart-service,T009,ProductCatalogCache loaded <NUM> entries,2026-06-01T03:30:00+00:00,7
cart-service,T011,Connection pool nearing limit pool=db connections=<NUM>/<NUM>,2026-06-01T03:30:00+00:00,4
cart-service,T015,Cache warm-up slower than expected startup_ms=<NUM>,2026-06-01T03:30:00+00:00,1
cart-service,T144,Health check response time elevated endpoint=/health latency=172ms,2026-06-01T03:30:00+00:00,1
order-service,T005,Cart service call succeeded,2026-06-01T03:30:00+00:00,9
order-service,T006,Order created orderId=ORD-<NUM> userId=<NUM>,2026-06-01T03:30:00+00:00,6
order-service,T010,Health check passed,2026-06-01T03:30:00+00:00,7
cart-service,T001,Health check passed,2026-06-01T03:35:00+00:00,6
cart-service,T002,Item added to cart for userId=<NUM>,2026-06-01T03:35:00+00:00,17
cart-service,T003,DB query executed table=cart rows=<NUM>,2026-06-01T03:35:00+00:00,15
cart-service,T008,Checkout completed orderId=ORD-<NUM>,2026-06-01T03:35:00+00:00,6
cart-service,T009,ProductCatalogCache loaded <NUM> entries,2026-06-01T03:35:00+00:00,3
cart-service,T011,Connection pool nearing limit pool=db connections=<NUM>/<NUM>,2026-06-01T03:35:00+00:00,3
cart-service,T015,Cache warm-up slower than expected startup_ms=<NUM>,2026-06-01T03:35:00+00:00,3
cart-service,T085,Health check response time elevated endpoint=/health latency=153ms,2026-06-01T03:35:00+00:00,1
cart-service,T096,Health check response time elevated endpoint=/health latency=142ms,2026-06-01T03:35:00+00:00,1
cart-service,T438,Health check response time elevated endpoint=/health latency=232ms,2026-06-01T03:35:00+00:00,1
cart-service,T444,Health check response time elevated endpoint=/health latency=129ms,2026-06-01T03:35:00+00:00,1
order-service,T005,Cart service call succeeded,2026-06-01T03:35:00+00:00,7
order-service,T006,Order created orderId=ORD-<NUM> userId=<NUM>,2026-06-01T03:35:00+00:00,10
order-service,T010,Health check passed,2026-06-01T03:35:00+00:00,8
cart-service,T001,Health check passed,2026-06-01T03:40:00+00:00,18
cart-service,T002,Item added to cart for userId=<NUM>,2026-06-01T03:40:00+00:00,11
cart-service,T003,DB query executed table=cart rows=<NUM>,2026-06-01T03:40:00+00:00,8
cart-service,T008,Checkout completed orderId=ORD-<NUM>,2026-06-01T03:40:00+00:00,8
cart-service,T009,ProductCatalogCache loaded <NUM> entries,2026-06-01T03:40:00+00:00,13
cart-service,T011,Connection pool nearing limit pool=db connections=<NUM>/<NUM>,2026-06-01T03:40:00+00:00,1
cart-service,T015,Cache warm-up slower than expected startup_ms=<NUM>,2026-06-01T03:40:00+00:00,1
cart-service,T084,Health check response time elevated endpoint=/health latency=169ms,2026-06-01T03:40:00+00:00,1
cart-service,T252,Health check response time elevated endpoint=/health latency=173ms,2026-06-01T03:40:00+00:00,1
order-service,T005,Cart service call succeeded,2026-06-01T03:40:00+00:00,11
order-service,T006,Order created orderId=ORD-<NUM> userId=<NUM>,2026-06-01T03:40:00+00:00,5
order-service,T010,Health check passed,2026-06-01T03:40:00+00:00,9
order-service,T012,Cart service timeout after <NUM>ms,2026-06-01T03:40:00+00:00,1
cart-service,T001,Health check passed,2026-06-01T03:45:00+00:00,17
cart-service,T002,Item added to cart for userId=<NUM>,2026-06-01T03:45:00+00:00,12
cart-service,T003,DB query executed table=cart rows=<NUM>,2026-06-01T03:45:00+00:00,6
cart-service,T008,Checkout completed orderId=ORD-<NUM>,2026-06-01T03:45:00+00:00,6
cart-service,T009,ProductCatalogCache loaded <NUM> entries,2026-06-01T03:45:00+00:00,5
cart-service,T011,Connection pool nearing limit pool=db connections=<NUM>/<NUM>,2026-06-01T03:45:00+00:00,1
cart-service,T015,Cache warm-up slower than expected startup_ms=<NUM>,2026-06-01T03:45:00+00:00,1
cart-service,T077,Health check response time elevated endpoint=/health latency=199ms,2026-06-01T03:45:00+00:00,1
order-service,T005,Cart service call succeeded,2026-06-01T03:45:00+00:00,13
order-service,T006,Order created orderId=ORD-<NUM> userId=<NUM>,2026-06-01T03:45:00+00:00,5
order-service,T010,Health check passed,2026-06-01T03:45:00+00:00,5
order-service,T012,Cart service timeout after <NUM>ms,2026-06-01T03:45:00+00:00,2
cart-service,T001,Health check passed,2026-06-01T03:50:00+00:00,15
cart-service,T002,Item added to cart for userId=<NUM>,2026-06-01T03:50:00+00:00,14
cart-service,T003,DB query executed table=cart rows=<NUM>,2026-06-01T03:50:00+00:00,7
cart-service,T008,Checkout completed orderId=ORD-<NUM>,2026-06-01T03:50:00+00:00,4
cart-service,T009,ProductCatalogCache loaded <NUM> entries,2026-06-01T03:50:00+00:00,6
cart-service,T011,Connection pool nearing limit pool=db connections=<NUM>/<NUM>,2026-06-01T03:50:00+00:00,4
cart-service,T015,Cache warm-up slower than expected startup_ms=<NUM>,2026-06-01T03:50:00+00:00,2
order-service,T005,Cart service call succeeded,2026-06-01T03:50:00+00:00,10
order-service,T006,Order created orderId=ORD-<NUM> userId=<NUM>,2026-06-01T03:50:00+00:00,7
order-service,T010,Health check passed,2026-06-01T03:50:00+00:00,7
cart-service,T001,Health check passed,2026-06-01T03:55:00+00:00,12
cart-service,T002,Item added to cart for userId=<NUM>,2026-06-01T03:55:00+00:00,3
cart-service,T003,DB query executed table=cart rows=<NUM>,2026-06-01T03:55:00+00:00,7
cart-service,T008,Checkout completed orderId=ORD-<NUM>,2026-06-01T03:55:00+00:00,10
cart-service,T009,ProductCatalogCache loaded <NUM> entries,2026-06-01T03:55:00+00:00,15
cart-service,T011,Connection pool nearing limit pool=db connections=<NUM>/<NUM>,2026-06-01T03:55:00+00:00,2
cart-service,T051,Health check response time elevated endpoint=/health latency=187ms,2026-06-01T03:55:00+00:00,1
cart-service,T144,Health check response time elevated endpoint=/health latency=172ms,2026-06-01T03:55:00+00:00,1
order-service,T005,Cart service call succeeded,2026-06-01T03:55:00+00:00,7
order-service,T006,Order created orderId=ORD-<NUM> userId=<NUM>,2026-06-01T03:55:00+00:00,6
order-service,T010,Health check passed,2026-06-01T03:55:00+00:00,4
order-service,T012,Cart service timeout after <NUM>ms,2026-06-01T03:55:00+00:00,1
cart-service,T001,Health check passed,2026-06-01T04:00:00+00:00,6
cart-service,T002,Item added to cart for userId=<NUM>,2026-06-01T04:00:00+00:00,16
cart-service,T003,DB query executed table=cart rows=<NUM>,2026-06-01T04:00:00+00:00,9
cart-service,T008,Checkout completed orderId=ORD-<NUM>,2026-06-01T04:00:00+00:00,8
cart-service,T009,ProductCatalogCache loaded <NUM> entries,2026-06-01T04:00:00+00:00,10
cart-service,T011,Connection pool nearing limit pool=db connections=<NUM>/<NUM>,2026-06-01T04:00:00+00:00,2
cart-service,T015,Cache warm-up slower than expected startup_ms=<NUM>,2026-06-01T04:00:00+00:00,1
order-service,T005,Cart service call succeeded,2026-06-01T04:00:00+00:00,9
order-service,T006,Order created orderId=ORD-<NUM> userId=<NUM>,2026-06-01T04:00:00+00:00,8
order-service,T010,Health check passed,2026-06-01T04:00:00+00:00,7
order-service,T012,Cart service timeout after <NUM>ms,2026-06-01T04:00:00+00:00,1
cart-service,T001,Health check passed,2026-06-01T04:05:00+00:00,13
cart-service,T002,Item added to cart for userId=<NUM>,2026-06-01T04:05:00+00:00,21
cart-service,T003,DB query executed table=cart rows=<NUM>,2026-06-01T04:05:00+00:00,5
cart-service,T008,Checkout completed orderId=ORD-<NUM>,2026-06-01T04:05:00+00:00,7
cart-service,T009,ProductCatalogCache loaded <NUM> entries,2026-06-01T04:05:00+00:00,3
cart-service,T011,Connection pool nearing limit pool=db connections=<NUM>/<NUM>,2026-06-01T04:05:00+00:00,2
cart-service,T015,Cache warm-up slower than expected startup_ms=<NUM>,2026-06-01T04:05:00+00:00,1
order-service,T005,Cart service call succeeded,2026-06-01T04:05:00+00:00,5
order-service,T006,Order created orderId=ORD-<NUM> userId=<NUM>,2026-06-01T04:05:00+00:00,9
order-service,T010,Health check passed,2026-06-01T04:05:00+00:00,6
order-service,T012,Cart service timeout after <NUM>ms,2026-06-01T04:05:00+00:00,4
cart-service,T001,Health check passed,2026-06-01T04:10:00+00:00,13
cart-service,T002,Item added to cart for userId=<NUM>,2026-06-01T04:10:00+00:00,7
cart-service,T003,DB query executed table=cart rows=<NUM>,2026-06-01T04:10:00+00:00,12
cart-service,T008,Checkout completed orderId=ORD-<NUM>,2026-06-01T04:10:00+00:00,9
cart-service,T009,ProductCatalogCache loaded <NUM> entries,2026-06-01T04:10:00+00:00,5
cart-service,T011,Connection pool nearing limit pool=db connections=<NUM>/<NUM>,2026-06-01T04:10:00+00:00,1
cart-service,T015,Cache warm-up slower than expected startup_ms=<NUM>,2026-06-01T04:10:00+00:00,2
cart-service,T150,Health check response time elevated endpoint=/health latency=181ms,2026-06-01T04:10:00+00:00,1
order-service,T005,Cart service call succeeded,2026-06-01T04:10:00+00:00,11
order-service,T006,Order created orderId=ORD-<NUM> userId=<NUM>,2026-06-01T04:10:00+00:00,8
order-service,T010,Health check passed,2026-06-01T04:10:00+00:00,5
order-service,T012,Cart service timeout after <NUM>ms,2026-06-01T04:10:00+00:00,1
cart-service,T001,Health check passed,2026-06-01T04:15:00+00:00,17
cart-service,T002,Item added to cart for userId=<NUM>,2026-06-01T04:15:00+00:00,13
cart-service,T003,DB query executed table=cart rows=<NUM>,2026-06-01T04:15:00+00:00,10
cart-service,T008,Checkout completed orderId=ORD-<NUM>,2026-06-01T04:15:00+00:00,5
cart-service,T009,ProductCatalogCache loaded <NUM> entries,2026-06-01T04:15:00+00:00,12
cart-service,T015,Cache warm-up slower than expected startup_ms=<NUM>,2026-06-01T04:15:00+00:00,2
cart-service,T065,Health check response time elevated endpoint=/health latency=238ms,2026-06-01T04:15:00+00:00,1
order-service,T005,Cart service call succeeded,2026-06-01T04:15:00+00:00,11
order-service,T006,Order created orderId=ORD-<NUM> userId=<NUM>,2026-06-01T04:15:00+00:00,8
order-service,T010,Health check passed,2026-06-01T04:15:00+00:00,8
order-service,T012,Cart service timeout after <NUM>ms,2026-06-01T04:15:00+00:00,2
cart-service,T001,Health check passed,2026-06-01T04:20:00+00:00,8
cart-service,T002,Item added to cart for userId=<NUM>,2026-06-01T04:20:00+00:00,11
cart-service,T003,DB query executed table=cart rows=<NUM>,2026-06-01T04:20:00+00:00,14
cart-service,T008,Checkout completed orderId=ORD-<NUM>,2026-06-01T04:20:00+00:00,1
cart-service,T009,ProductCatalogCache loaded <NUM> entries,2026-06-01T04:20:00+00:00,9
cart-service,T011,Connection pool nearing limit pool=db connections=<NUM>/<NUM>,2026-06-01T04:20:00+00:00,1
cart-service,T015,Cache warm-up slower than expected startup_ms=<NUM>,2026-06-01T04:20:00+00:00,4
cart-service,T027,Health check response time elevated endpoint=/health latency=244ms,2026-06-01T04:20:00+00:00,1
cart-service,T030,Health check response time elevated endpoint=/health latency=188ms,2026-06-01T04:20:00+00:00,1
order-service,T005,Cart service call succeeded,2026-06-01T04:20:00+00:00,9
order-service,T006,Order created orderId=ORD-<NUM> userId=<NUM>,2026-06-01T04:20:00+00:00,11
order-service,T010,Health check passed,2026-06-01T04:20:00+00:00,4
order-service,T012,Cart service timeout after <NUM>ms,2026-06-01T04:20:00+00:00,2
cart-service,T001,Health check passed,2026-06-01T04:25:00+00:00,17
cart-service,T002,Item added to cart for userId=<NUM>,2026-06-01T04:25:00+00:00,16
cart-service,T003,DB query executed table=cart rows=<NUM>,2026-06-01T04:25:00+00:00,10
cart-service,T008,Checkout completed orderId=ORD-<NUM>,2026-06-01T04:25:00+00:00,9
cart-service,T009,ProductCatalogCache loaded <NUM> entries,2026-06-01T04:25:00+00:00,7
cart-service,T011,Connection pool nearing limit pool=db connections=<NUM>/<NUM>,2026-06-01T04:25:00+00:00,1
cart-service,T015,Cache warm-up slower than expected startup_ms=<NUM>,2026-06-01T04:25:00+00:00,1
cart-service,T050,Health check response time elevated endpoint=/health latency=180ms,2026-06-01T04:25:00+00:00,1
order-service,T005,Cart service call succeeded,2026-06-01T04:25:00+00:00,6
order-service,T006,Order created orderId=ORD-<NUM> userId=<NUM>,2026-06-01T04:25:00+00:00,8
order-service,T010,Health check passed,2026-06-01T04:25:00+00:00,11
cart-service,T001,Health check passed,2026-06-01T04:30:00+00:00,15
cart-service,T002,Item added to cart for userId=<NUM>,2026-06-01T04:30:00+00:00,11
cart-service,T003,DB query executed table=cart rows=<NUM>,2026-06-01T04:30:00+00:00,16
cart-service,T008,Checkout completed orderId=ORD-<NUM>,2026-06-01T04:30:00+00:00,11
cart-service,T009,ProductCatalogCache loaded <NUM> entries,2026-06-01T04:30:00+00:00,3
cart-service,T015,Cache warm-up slower than expected startup_ms=<NUM>,2026-06-01T04:30:00+00:00,3
cart-service,T029,Health check response time elevated endpoint=/health latency=176ms,2026-06-01T04:30:00+00:00,1
order-service,T005,Cart service call succeeded,2026-06-01T04:30:00+00:00,16
order-service,T006,Order created orderId=ORD-<NUM> userId=<NUM>,2026-06-01T04:30:00+00:00,5
order-service,T010,Health check passed,2026-06-01T04:30:00+00:00,4
order-service,T012,Cart service timeout after <NUM>ms,2026-06-01T04:30:00+00:00,1
cart-service,T001,Health check passed,2026-06-01T04:35:00+00:00,11
cart-service,T002,Item added to cart for userId=<NUM>,2026-06-01T04:35:00+00:00,10
cart-service,T003,DB query executed table=cart rows=<NUM>,2026-06-01T04:35:00+00:00,8
cart-service,T008,Checkout completed orderId=ORD-<NUM>,2026-06-01T04:35:00+00:00,5
cart-service,T009,ProductCatalogCache loaded <NUM> entries,2026-06-01T04:35:00+00:00,10
cart-service,T011,Connection pool nearing limit pool=db connections=<NUM>/<NUM>,2026-06-01T04:35:00+00:00,3
cart-service,T015,Cache warm-up slower than expected startup_ms=<NUM>,2026-06-01T04:35:00+00:00,2
order-service,T005,Cart service call succeeded,2026-06-01T04:35:00+00:00,8
order-service,T006,Order created orderId=ORD-<NUM> userId=<NUM>,2026-06-01T04:35:00+00:00,7
order-service,T010,Health check passed,2026-06-01T04:35:00+00:00,12
order-service,T012,Cart service timeout after <NUM>ms,2026-06-01T04:35:00+00:00,2
cart-service,T001,Health check passed,2026-06-01T04:40:00+00:00,9
cart-service,T002,Item added to cart for userId=<NUM>,2026-06-01T04:40:00+00:00,14
cart-service,T003,DB query executed table=cart rows=<NUM>,2026-06-01T04:40:00+00:00,15
cart-service,T008,Checkout completed orderId=ORD-<NUM>,2026-06-01T04:40:00+00:00,5
cart-service,T009,ProductCatalogCache loaded <NUM> entries,2026-06-01T04:40:00+00:00,11
cart-service,T011,Connection pool nearing limit pool=db connections=<NUM>/<NUM>,2026-06-01T04:40:00+00:00,2
cart-service,T015,Cache warm-up slower than expected startup_ms=<NUM>,2026-06-01T04:40:00+00:00,2
cart-service,T079,Health check response time elevated endpoint=/health latency=218ms,2026-06-01T04:40:00+00:00,1
order-service,T005,Cart service call succeeded,2026-06-01T04:40:00+00:00,6
order-service,T006,Order created orderId=ORD-<NUM> userId=<NUM>,2026-06-01T04:40:00+00:00,9
order-service,T010,Health check passed,2026-06-01T04:40:00+00:00,8
order-service,T012,Cart service timeout after <NUM>ms,2026-06-01T04:40:00+00:00,4
cart-service,T001,Health check passed,2026-06-01T04:45:00+00:00,10
cart-service,T002,Item added to cart for userId=<NUM>,2026-06-01T04:45:00+00:00,11
cart-service,T003,DB query executed table=cart rows=<NUM>,2026-06-01T04:45:00+00:00,11
cart-service,T008,Checkout completed orderId=ORD-<NUM>,2026-06-01T04:45:00+00:00,10
cart-service,T009,ProductCatalogCache loaded <NUM> entries,2026-06-01T04:45:00+00:00,6
cart-service,T011,Connection pool nearing limit pool=db connections=<NUM>/<NUM>,2026-06-01T04:45:00+00:00,3
cart-service,T015,Cache warm-up slower than expected startup_ms=<NUM>,2026-06-01T04:45:00+00:00,1
cart-service,T053,Health check response time elevated endpoint=/health latency=185ms,2026-06-01T04:45:00+00:00,1
cart-service,T125,Health check response time elevated endpoint=/health latency=128ms,2026-06-01T04:45:00+00:00,1
cart-service,T175,Health check response time elevated endpoint=/health latency=120ms,2026-06-01T04:45:00+00:00,1
order-service,T005,Cart service call succeeded,2026-06-01T04:45:00+00:00,10
order-service,T006,Order created orderId=ORD-<NUM> userId=<NUM>,2026-06-01T04:45:00+00:00,10
order-service,T010,Health check passed,2026-06-01T04:45:00+00:00,5
cart-service,T001,Health check passed,2026-06-01T04:50:00+00:00,12
cart-service,T002,Item added to cart for userId=<NUM>,2026-06-01T04:50:00+00:00,15
cart-service,T003,DB query executed table=cart rows=<NUM>,2026-06-01T04:50:00+00:00,13
cart-service,T008,Checkout completed orderId=ORD-<NUM>,2026-06-01T04:50:00+00:00,9
cart-service,T009,ProductCatalogCache loaded <NUM> entries,2026-06-01T04:50:00+00:00,7
cart-service,T011,Connection pool nearing limit pool=db connections=<NUM>/<NUM>,2026-06-01T04:50:00+00:00,1
cart-service,T015,Cache warm-up slower than expected startup_ms=<NUM>,2026-06-01T04:50:00+00:00,1
cart-service,T036,Health check response time elevated endpoint=/health latency=221ms,2026-06-01T04:50:00+00:00,1
order-service,T005,Cart service call succeeded,2026-06-01T04:50:00+00:00,11
order-service,T006,Order created orderId=ORD-<NUM> userId=<NUM>,2026-06-01T04:50:00+00:00,8
order-service,T010,Health check passed,2026-06-01T04:50:00+00:00,8
cart-service,T001,Health check passed,2026-06-01T04:55:00+00:00,9
cart-service,T002,Item added to cart for userId=<NUM>,2026-06-01T04:55:00+00:00,13
cart-service,T003,DB query executed table=cart rows=<NUM>,2026-06-01T04:55:00+00:00,11
cart-service,T008,Checkout completed orderId=ORD-<NUM>,2026-06-01T04:55:00+00:00,6
cart-service,T009,ProductCatalogCache loaded <NUM> entries,2026-06-01T04:55:00+00:00,10
cart-service,T011,Connection pool nearing limit pool=db connections=<NUM>/<NUM>,2026-06-01T04:55:00+00:00,1
cart-service,T015,Cache warm-up slower than expected startup_ms=<NUM>,2026-06-01T04:55:00+00:00,1
order-service,T005,Cart service call succeeded,2026-06-01T04:55:00+00:00,14
order-service,T006,Order created orderId=ORD-<NUM> userId=<NUM>,2026-06-01T04:55:00+00:00,9
order-service,T010,Health check passed,2026-06-01T04:55:00+00:00,7
cart-service,T001,Health check passed,2026-06-01T05:00:00+00:00,10
cart-service,T002,Item added to cart for userId=<NUM>,2026-06-01T05:00:00+00:00,10
cart-service,T003,DB query executed table=cart rows=<NUM>,2026-06-01T05:00:00+00:00,8
cart-service,T008,Checkout completed orderId=ORD-<NUM>,2026-06-01T05:00:00+00:00,9
cart-service,T009,ProductCatalogCache loaded <NUM> entries,2026-06-01T05:00:00+00:00,8
cart-service,T011,Connection pool nearing limit pool=db connections=<NUM>/<NUM>,2026-06-01T05:00:00+00:00,4
cart-service,T015,Cache warm-up slower than expected startup_ms=<NUM>,2026-06-01T05:00:00+00:00,1
cart-service,T047,Health check response time elevated endpoint=/health latency=156ms,2026-06-01T05:00:00+00:00,1
order-service,T005,Cart service call succeeded,2026-06-01T05:00:00+00:00,10
order-service,T006,Order created orderId=ORD-<NUM> userId=<NUM>,2026-06-01T05:00:00+00:00,7
order-service,T010,Health check passed,2026-06-01T05:00:00+00:00,5
order-service,T012,Cart service timeout after <NUM>ms,2026-06-01T05:00:00+00:00,1
cart-service,T001,Health check passed,2026-06-01T05:05:00+00:00,11
cart-service,T002,Item added to cart for userId=<NUM>,2026-06-01T05:05:00+00:00,10
cart-service,T003,DB query executed table=cart rows=<NUM>,2026-06-01T05:05:00+00:00,13
cart-service,T008,Checkout completed orderId=ORD-<NUM>,2026-06-01T05:05:00+00:00,13
cart-service,T009,ProductCatalogCache loaded <NUM> entries,2026-06-01T05:05:00+00:00,11
cart-service,T015,Cache warm-up slower than expected startup_ms=<NUM>,2026-06-01T05:05:00+00:00,2
cart-service,T041,Health check response time elevated endpoint=/health latency=214ms,2026-06-01T05:05:00+00:00,1
order-service,T005,Cart service call succeeded,2026-06-01T05:05:00+00:00,6
order-service,T006,Order created orderId=ORD-<NUM> userId=<NUM>,2026-06-01T05:05:00+00:00,5
order-service,T010,Health check passed,2026-06-01T05:05:00+00:00,3
order-service,T012,Cart service timeout after <NUM>ms,2026-06-01T05:05:00+00:00,2
cart-service,T001,Health check passed,2026-06-01T05:10:00+00:00,13
cart-service,T002,Item added to cart for userId=<NUM>,2026-06-01T05:10:00+00:00,13
cart-service,T003,DB query executed table=cart rows=<NUM>,2026-06-01T05:10:00+00:00,9
cart-service,T008,Checkout completed orderId=ORD-<NUM>,2026-06-01T05:10:00+00:00,10
cart-service,T009,ProductCatalogCache loaded <NUM> entries,2026-06-01T05:10:00+00:00,5
cart-service,T015,Cache warm-up slower than expected startup_ms=<NUM>,2026-06-01T05:10:00+00:00,4
cart-service,T051,Health check response time elevated endpoint=/health latency=187ms,2026-06-01T05:10:00+00:00,1
order-service,T005,Cart service call succeeded,2026-06-01T05:10:00+00:00,9
order-service,T006,Order created orderId=ORD-<NUM> userId=<NUM>,2026-06-01T05:10:00+00:00,5
order-service,T010,Health check passed,2026-06-01T05:10:00+00:00,4
order-service,T012,Cart service timeout after <NUM>ms,2026-06-01T05:10:00+00:00,4
cart-service,T001,Health check passed,2026-06-01T05:15:00+00:00,16
cart-service,T002,Item added to cart for userId=<NUM>,2026-06-01T05:15:00+00:00,11
cart-service,T003,DB query executed table=cart rows=<NUM>,2026-06-01T05:15:00+00:00,11
cart-service,T008,Checkout completed orderId=ORD-<NUM>,2026-06-01T05:15:00+00:00,5
cart-service,T009,ProductCatalogCache loaded <NUM> entries,2026-06-01T05:15:00+00:00,8
cart-service,T011,Connection pool nearing limit pool=db connections=<NUM>/<NUM>,2026-06-01T05:15:00+00:00,3
cart-service,T015,Cache warm-up slower than expected startup_ms=<NUM>,2026-06-01T05:15:00+00:00,1
order-service,T005,Cart service call succeeded,2026-06-01T05:15:00+00:00,10
order-service,T006,Order created orderId=ORD-<NUM> userId=<NUM>,2026-06-01T05:15:00+00:00,6
order-service,T010,Health check passed,2026-06-01T05:15:00+00:00,5
order-service,T012,Cart service timeout after <NUM>ms,2026-06-01T05:15:00+00:00,2
cart-service,T001,Health check passed,2026-06-01T05:20:00+00:00,17
cart-service,T002,Item added to cart for userId=<NUM>,2026-06-01T05:20:00+00:00,14
cart-service,T003,DB query executed table=cart rows=<NUM>,2026-06-01T05:20:00+00:00,7
cart-service,T008,Checkout completed orderId=ORD-<NUM>,2026-06-01T05:20:00+00:00,11
cart-service,T009,ProductCatalogCache loaded <NUM> entries,2026-06-01T05:20:00+00:00,7
cart-service,T011,Connection pool nearing limit pool=db connections=<NUM>/<NUM>,2026-06-01T05:20:00+00:00,3
cart-service,T015,Cache warm-up slower than expected startup_ms=<NUM>,2026-06-01T05:20:00+00:00,1
cart-service,T064,Health check response time elevated endpoint=/health latency=179ms,2026-06-01T05:20:00+00:00,1
order-service,T005,Cart service call succeeded,2026-06-01T05:20:00+00:00,10
order-service,T006,Order created orderId=ORD-<NUM> userId=<NUM>,2026-06-01T05:20:00+00:00,9
order-service,T010,Health check passed,2026-06-01T05:20:00+00:00,6
order-service,T012,Cart service timeout after <NUM>ms,2026-06-01T05:20:00+00:00,4
cart-service,T001,Health check passed,2026-06-01T05:25:00+00:00,12
cart-service,T002,Item added to cart for userId=<NUM>,2026-06-01T05:25:00+00:00,10
cart-service,T003,DB query executed table=cart rows=<NUM>,2026-06-01T05:25:00+00:00,11
cart-service,T008,Checkout completed orderId=ORD-<NUM>,2026-06-01T05:25:00+00:00,5
cart-service,T009,ProductCatalogCache loaded <NUM> entries,2026-06-01T05:25:00+00:00,3
cart-service,T015,Cache warm-up slower than expected startup_ms=<NUM>,2026-06-01T05:25:00+00:00,1
order-service,T005,Cart service call succeeded,2026-06-01T05:25:00+00:00,10
order-service,T006,Order created orderId=ORD-<NUM> userId=<NUM>,2026-06-01T05:25:00+00:00,14
order-service,T010,Health check passed,2026-06-01T05:25:00+00:00,6
cart-service,T001,Health check passed,2026-06-01T05:30:00+00:00,8
cart-service,T002,Item added to cart for userId=<NUM>,2026-06-01T05:30:00+00:00,14
cart-service,T003,DB query executed table=cart rows=<NUM>,2026-06-01T05:30:00+00:00,7
cart-service,T008,Checkout completed orderId=ORD-<NUM>,2026-06-01T05:30:00+00:00,6
cart-service,T009,ProductCatalogCache loaded <NUM> entries,2026-06-01T05:30:00+00:00,6
cart-service,T011,Connection pool nearing limit pool=db connections=<NUM>/<NUM>,2026-06-01T05:30:00+00:00,2
cart-service,T015,Cache warm-up slower than expected startup_ms=<NUM>,2026-06-01T05:30:00+00:00,3
cart-service,T062,Health check response time elevated endpoint=/health latency=167ms,2026-06-01T05:30:00+00:00,1
cart-service,T074,Health check response time elevated endpoint=/health latency=138ms,2026-06-01T05:30:00+00:00,1
cart-service,T094,Health check response time elevated endpoint=/health latency=193ms,2026-06-01T05:30:00+00:00,1
order-service,T005,Cart service call succeeded,2026-06-01T05:30:00+00:00,10
order-service,T006,Order created orderId=ORD-<NUM> userId=<NUM>,2026-06-01T05:30:00+00:00,8
order-service,T010,Health check passed,2026-06-01T05:30:00+00:00,6
order-service,T012,Cart service timeout after <NUM>ms,2026-06-01T05:30:00+00:00,2
cart-service,T001,Health check passed,2026-06-01T05:35:00+00:00,10
cart-service,T002,Item added to cart for userId=<NUM>,2026-06-01T05:35:00+00:00,10
cart-service,T003,DB query executed table=cart rows=<NUM>,2026-06-01T05:35:00+00:00,11
cart-service,T008,Checkout completed orderId=ORD-<NUM>,2026-06-01T05:35:00+00:00,13
cart-service,T009,ProductCatalogCache loaded <NUM> entries,2026-06-01T05:35:00+00:00,8
cart-service,T015,Cache warm-up slower than expected startup_ms=<NUM>,2026-06-01T05:35:00+00:00,2
order-service,T005,Cart service call succeeded,2026-06-01T05:35:00+00:00,10
order-service,T006,Order created orderId=ORD-<NUM> userId=<NUM>,2026-06-01T05:35:00+00:00,5
order-service,T010,Health check passed,2026-06-01T05:35:00+00:00,5
order-service,T012,Cart service timeout after <NUM>ms,2026-06-01T05:35:00+00:00,3
cart-service,T001,Health check passed,2026-06-01T05:40:00+00:00,13
cart-service,T002,Item added to cart for userId=<NUM>,2026-06-01T05:40:00+00:00,12
cart-service,T003,DB query executed table=cart rows=<NUM>,2026-06-01T05:40:00+00:00,13
cart-service,T008,Checkout completed orderId=ORD-<NUM>,2026-06-01T05:40:00+00:00,3
cart-service,T009,ProductCatalogCache loaded <NUM> entries,2026-06-01T05:40:00+00:00,5
cart-service,T011,Connection pool nearing limit pool=db connections=<NUM>/<NUM>,2026-06-01T05:40:00+00:00,1
cart-service,T015,Cache warm-up slower than expected startup_ms=<NUM>,2026-06-01T05:40:00+00:00,4
cart-service,T098,Health check response time elevated endpoint=/health latency=183ms,2026-06-01T05:40:00+00:00,1
order-service,T005,Cart service call succeeded,2026-06-01T05:40:00+00:00,12
order-service,T006,Order created orderId=ORD-<NUM> userId=<NUM>,2026-06-01T05:40:00+00:00,7
order-service,T010,Health check passed,2026-06-01T05:40:00+00:00,8
cart-service,T001,Health check passed,2026-06-01T05:45:00+00:00,15
cart-service,T002,Item added to cart for userId=<NUM>,2026-06-01T05:45:00+00:00,10
cart-service,T003,DB query executed table=cart rows=<NUM>,2026-06-01T05:45:00+00:00,12
cart-service,T008,Checkout completed orderId=ORD-<NUM>,2026-06-01T05:45:00+00:00,12
cart-service,T009,ProductCatalogCache loaded <NUM> entries,2026-06-01T05:45:00+00:00,6
cart-service,T011,Connection pool nearing limit pool=db connections=<NUM>/<NUM>,2026-06-01T05:45:00+00:00,1
cart-service,T015,Cache warm-up slower than expected startup_ms=<NUM>,2026-06-01T05:45:00+00:00,1
cart-service,T019,Health check response time elevated endpoint=/health latency=231ms,2026-06-01T05:45:00+00:00,1
cart-service,T059,Health check response time elevated endpoint=/health latency=133ms,2026-06-01T05:45:00+00:00,1
order-service,T005,Cart service call succeeded,2026-06-01T05:45:00+00:00,7
order-service,T006,Order created orderId=ORD-<NUM> userId=<NUM>,2026-06-01T05:45:00+00:00,6
order-service,T010,Health check passed,2026-06-01T05:45:00+00:00,8
order-service,T012,Cart service timeout after <NUM>ms,2026-06-01T05:45:00+00:00,1
cart-service,T001,Health check passed,2026-06-01T05:50:00+00:00,10
cart-service,T002,Item added to cart for userId=<NUM>,2026-06-01T05:50:00+00:00,14
cart-service,T003,DB query executed table=cart rows=<NUM>,2026-06-01T05:50:00+00:00,10
cart-service,T008,Checkout completed orderId=ORD-<NUM>,2026-06-01T05:50:00+00:00,6
cart-service,T009,ProductCatalogCache loaded <NUM> entries,2026-06-01T05:50:00+00:00,12
cart-service,T011,Connection pool nearing limit pool=db connections=<NUM>/<NUM>,2026-06-01T05:50:00+00:00,1
cart-service,T015,Cache warm-up slower than expected startup_ms=<NUM>,2026-06-01T05:50:00+00:00,1
cart-service,T046,Health check response time elevated endpoint=/health latency=147ms,2026-06-01T05:50:00+00:00,1
order-service,T005,Cart service call succeeded,2026-06-01T05:50:00+00:00,7
order-service,T006,Order created orderId=ORD-<NUM> userId=<NUM>,2026-06-01T05:50:00+00:00,9
order-service,T010,Health check passed,2026-06-01T05:50:00+00:00,11
order-service,T012,Cart service timeout after <NUM>ms,2026-06-01T05:50:00+00:00,1
cart-service,T001,Health check passed,2026-06-01T05:55:00+00:00,11
cart-service,T002,Item added to cart for userId=<NUM>,2026-06-01T05:55:00+00:00,17
cart-service,T003,DB query executed table=cart rows=<NUM>,2026-06-01T05:55:00+00:00,11
cart-service,T008,Checkout completed orderId=ORD-<NUM>,2026-06-01T05:55:00+00:00,9
cart-service,T009,ProductCatalogCache loaded <NUM> entries,2026-06-01T05:55:00+00:00,6
cart-service,T070,Health check response time elevated endpoint=/health latency=162ms,2026-06-01T05:55:00+00:00,1
order-service,T005,Cart service call succeeded,2026-06-01T05:55:00+00:00,8
order-service,T006,Order created orderId=ORD-<NUM> userId=<NUM>,2026-06-01T05:55:00+00:00,6
order-service,T010,Health check passed,2026-06-01T05:55:00+00:00,4
order-service,T012,Cart service timeout after <NUM>ms,2026-06-01T05:55:00+00:00,2
cart-service,T001,Health check passed,2026-06-01T06:00:00+00:00,16
cart-service,T002,Item added to cart for userId=<NUM>,2026-06-01T06:00:00+00:00,14
cart-service,T003,DB query executed table=cart rows=<NUM>,2026-06-01T06:00:00+00:00,10
cart-service,T008,Checkout completed orderId=ORD-<NUM>,2026-06-01T06:00:00+00:00,9
cart-service,T009,ProductCatalogCache loaded <NUM> entries,2026-06-01T06:00:00+00:00,7
cart-service,T011,Connection pool nearing limit pool=db connections=<NUM>/<NUM>,2026-06-01T06:00:00+00:00,3
cart-service,T015,Cache warm-up slower than expected startup_ms=<NUM>,2026-06-01T06:00:00+00:00,3
order-service,T005,Cart service call succeeded,2026-06-01T06:00:00+00:00,5
order-service,T006,Order created orderId=ORD-<NUM> userId=<NUM>,2026-06-01T06:00:00+00:00,9
order-service,T010,Health check passed,2026-06-01T06:00:00+00:00,7
order-service,T012,Cart service timeout after <NUM>ms,2026-06-01T06:00:00+00:00,4
cart-service,T001,Health check passed,2026-06-01T06:05:00+00:00,14
cart-service,T002,Item added to cart for userId=<NUM>,2026-06-01T06:05:00+00:00,12
cart-service,T003,DB query executed table=cart rows=<NUM>,2026-06-01T06:05:00+00:00,12
cart-service,T008,Checkout completed orderId=ORD-<NUM>,2026-06-01T06:05:00+00:00,7
cart-service,T009,ProductCatalogCache loaded <NUM> entries,2026-06-01T06:05:00+00:00,6
cart-service,T011,Connection pool nearing limit pool=db connections=<NUM>/<NUM>,2026-06-01T06:05:00+00:00,1
cart-service,T015,Cache warm-up slower than expected startup_ms=<NUM>,2026-06-01T06:05:00+00:00,2
order-service,T005,Cart service call succeeded,2026-06-01T06:05:00+00:00,8
order-service,T006,Order created orderId=ORD-<NUM> userId=<NUM>,2026-06-01T06:05:00+00:00,5
order-service,T010,Health check passed,2026-06-01T06:05:00+00:00,7
order-service,T012,Cart service timeout after <NUM>ms,2026-06-01T06:05:00+00:00,1
cart-service,T001,Health check passed,2026-06-01T06:10:00+00:00,8
cart-service,T002,Item added to cart for userId=<NUM>,2026-06-01T06:10:00+00:00,18
cart-service,T003,DB query executed table=cart rows=<NUM>,2026-06-01T06:10:00+00:00,10
cart-service,T008,Checkout completed orderId=ORD-<NUM>,2026-06-01T06:10:00+00:00,6
cart-service,T009,ProductCatalogCache loaded <NUM> entries,2026-06-01T06:10:00+00:00,7
cart-service,T011,Connection pool nearing limit pool=db connections=<NUM>/<NUM>,2026-06-01T06:10:00+00:00,3
cart-service,T015,Cache warm-up slower than expected startup_ms=<NUM>,2026-06-01T06:10:00+00:00,2
cart-service,T060,Health check response time elevated endpoint=/health latency=134ms,2026-06-01T06:10:00+00:00,1
order-service,T005,Cart service call succeeded,2026-06-01T06:10:00+00:00,11
order-service,T006,Order created orderId=ORD-<NUM> userId=<NUM>,2026-06-01T06:10:00+00:00,5
order-service,T010,Health check passed,2026-06-01T06:10:00+00:00,7
order-service,T012,Cart service timeout after <NUM>ms,2026-06-01T06:10:00+00:00,3
cart-service,T001,Health check passed,2026-06-01T06:15:00+00:00,14
cart-service,T002,Item added to cart for userId=<NUM>,2026-06-01T06:15:00+00:00,12
cart-service,T003,DB query executed table=cart rows=<NUM>,2026-06-01T06:15:00+00:00,9
cart-service,T008,Checkout completed orderId=ORD-<NUM>,2026-06-01T06:15:00+00:00,4
cart-service,T009,ProductCatalogCache loaded <NUM> entries,2026-06-01T06:15:00+00:00,5
cart-service,T011,Connection pool nearing limit pool=db connections=<NUM>/<NUM>,2026-06-01T06:15:00+00:00,2
cart-service,T015,Cache warm-up slower than expected startup_ms=<NUM>,2026-06-01T06:15:00+00:00,3
cart-service,T084,Health check response time elevated endpoint=/health latency=169ms,2026-06-01T06:15:00+00:00,1
cart-service,T440,Health check response time elevated endpoint=/health latency=228ms,2026-06-01T06:15:00+00:00,1
order-service,T005,Cart service call succeeded,2026-06-01T06:15:00+00:00,17
order-service,T006,Order created orderId=ORD-<NUM> userId=<NUM>,2026-06-01T06:15:00+00:00,6
order-service,T010,Health check passed,2026-06-01T06:15:00+00:00,5
order-service,T012,Cart service timeout after <NUM>ms,2026-06-01T06:15:00+00:00,1
cart-service,T001,Health check passed,2026-06-01T06:20:00+00:00,4
cart-service,T002,Item added to cart for userId=<NUM>,2026-06-01T06:20:00+00:00,17
cart-service,T003,DB query executed table=cart rows=<NUM>,2026-06-01T06:20:00+00:00,14
cart-service,T008,Checkout completed orderId=ORD-<NUM>,2026-06-01T06:20:00+00:00,8
cart-service,T009,ProductCatalogCache loaded <NUM> entries,2026-06-01T06:20:00+00:00,10
cart-service,T011,Connection pool nearing limit pool=db connections=<NUM>/<NUM>,2026-06-01T06:20:00+00:00,2
cart-service,T015,Cache warm-up slower than expected startup_ms=<NUM>,2026-06-01T06:20:00+00:00,2
cart-service,T043,Health check response time elevated endpoint=/health latency=190ms,2026-06-01T06:20:00+00:00,1
order-service,T005,Cart service call succeeded,2026-06-01T06:20:00+00:00,9
order-service,T006,Order created orderId=ORD-<NUM> userId=<NUM>,2026-06-01T06:20:00+00:00,7
order-service,T010,Health check passed,2026-06-01T06:20:00+00:00,9
order-service,T012,Cart service timeout after <NUM>ms,2026-06-01T06:20:00+00:00,2
cart-service,T001,Health check passed,2026-06-01T06:25:00+00:00,12
cart-service,T002,Item added to cart for userId=<NUM>,2026-06-01T06:25:00+00:00,12
cart-service,T003,DB query executed table=cart rows=<NUM>,2026-06-01T06:25:00+00:00,14
cart-service,T008,Checkout completed orderId=ORD-<NUM>,2026-06-01T06:25:00+00:00,9
cart-service,T009,ProductCatalogCache loaded <NUM> entries,2026-06-01T06:25:00+00:00,10
cart-service,T011,Connection pool nearing limit pool=db connections=<NUM>/<NUM>,2026-06-01T06:25:00+00:00,1
cart-service,T015,Cache warm-up slower than expected startup_ms=<NUM>,2026-06-01T06:25:00+00:00,1
order-service,T005,Cart service call succeeded,2026-06-01T06:25:00+00:00,8
order-service,T006,Order created orderId=ORD-<NUM> userId=<NUM>,2026-06-01T06:25:00+00:00,7
order-service,T010,Health check passed,2026-06-01T06:25:00+00:00,8
order-service,T012,Cart service timeout after <NUM>ms,2026-06-01T06:25:00+00:00,3
cart-service,T001,Health check passed,2026-06-01T06:30:00+00:00,7
cart-service,T002,Item added to cart for userId=<NUM>,2026-06-01T06:30:00+00:00,14
cart-service,T003,DB query executed table=cart rows=<NUM>,2026-06-01T06:30:00+00:00,10
cart-service,T004,ProductCatalogCache eviction failed: heap pressure too high,2026-06-01T06:30:00+00:00,1
cart-service,T007,GC overhead limit warning: pause=<NUM>ms heap=<NUM>%,2026-06-01T06:30:00+00:00,2
cart-service,T008,Checkout completed orderId=ORD-<NUM>,2026-06-01T06:30:00+00:00,8
cart-service,T009,ProductCatalogCache loaded <NUM> entries,2026-06-01T06:30:00+00:00,8
cart-service,T011,Connection pool nearing limit pool=db connections=<NUM>/<NUM>,2026-06-01T06:30:00+00:00,8
cart-service,T015,Cache warm-up slower than expected startup_ms=<NUM>,2026-06-01T06:30:00+00:00,4
cart-service,T023,Health check response time elevated endpoint=/health latency=226ms,2026-06-01T06:30:00+00:00,1
cart-service,T034,Health check response time elevated endpoint=/health latency=211ms,2026-06-01T06:30:00+00:00,1
cart-service,T062,Health check response time elevated endpoint=/health latency=167ms,2026-06-01T06:30:00+00:00,1
cart-service,T082,Health check response time elevated endpoint=/health latency=207ms,2026-06-01T06:30:00+00:00,1
cart-service,T083,Health check response time elevated endpoint=/health latency=125ms,2026-06-01T06:30:00+00:00,1
cart-service,T213,Slow response detected endpoint=/api/cart latency=1153ms,2026-06-01T06:30:00+00:00,1
order-service,T005,Cart service call succeeded,2026-06-01T06:30:00+00:00,7
order-service,T006,Order created orderId=ORD-<NUM> userId=<NUM>,2026-06-01T06:30:00+00:00,11
order-service,T010,Health check passed,2026-06-01T06:30:00+00:00,5
order-service,T012,Cart service timeout after <NUM>ms,2026-06-01T06:30:00+00:00,2
cart-service,T001,Health check passed,2026-06-01T06:35:00+00:00,12
cart-service,T002,Item added to cart for userId=<NUM>,2026-06-01T06:35:00+00:00,14
cart-service,T003,DB query executed table=cart rows=<NUM>,2026-06-01T06:35:00+00:00,10
cart-service,T004,ProductCatalogCache eviction failed: heap pressure too high,2026-06-01T06:35:00+00:00,1
cart-service,T007,GC overhead limit warning: pause=<NUM>ms heap=<NUM>%,2026-06-01T06:35:00+00:00,3
cart-service,T008,Checkout completed orderId=ORD-<NUM>,2026-06-01T06:35:00+00:00,9
cart-service,T009,ProductCatalogCache loaded <NUM> entries,2026-06-01T06:35:00+00:00,7
cart-service,T011,Connection pool nearing limit pool=db connections=<NUM>/<NUM>,2026-06-01T06:35:00+00:00,1
cart-service,T015,Cache warm-up slower than expected startup_ms=<NUM>,2026-06-01T06:35:00+00:00,2
cart-service,T028,Health check response time elevated endpoint=/health latency=222ms,2026-06-01T06:35:00+00:00,1
cart-service,T053,Health check response time elevated endpoint=/health latency=185ms,2026-06-01T06:35:00+00:00,1
cart-service,T059,Health check response time elevated endpoint=/health latency=133ms,2026-06-01T06:35:00+00:00,1
cart-service,T082,Health check response time elevated endpoint=/health latency=207ms,2026-06-01T06:35:00+00:00,1
cart-service,T089,Health check response time elevated endpoint=/health latency=166ms,2026-06-01T06:35:00+00:00,1
cart-service,T1298,Health check response time elevated endpoint=/health latency=159ms,2026-06-01T06:35:00+00:00,1
cart-service,T432,Slow response detected endpoint=/api/cart latency=1957ms,2026-06-01T06:35:00+00:00,1
order-service,T005,Cart service call succeeded,2026-06-01T06:35:00+00:00,9
order-service,T006,Order created orderId=ORD-<NUM> userId=<NUM>,2026-06-01T06:35:00+00:00,7
order-service,T010,Health check passed,2026-06-01T06:35:00+00:00,9
cart-service,T001,Health check passed,2026-06-01T06:40:00+00:00,7
cart-service,T002,Item added to cart for userId=<NUM>,2026-06-01T06:40:00+00:00,22
cart-service,T003,DB query executed table=cart rows=<NUM>,2026-06-01T06:40:00+00:00,9
cart-service,T004,ProductCatalogCache eviction failed: heap pressure too high,2026-06-01T06:40:00+00:00,2
cart-service,T007,GC overhead limit warning: pause=<NUM>ms heap=<NUM>%,2026-06-01T06:40:00+00:00,2
cart-service,T008,Checkout completed orderId=ORD-<NUM>,2026-06-01T06:40:00+00:00,5
cart-service,T009,ProductCatalogCache loaded <NUM> entries,2026-06-01T06:40:00+00:00,6
cart-service,T011,Connection pool nearing limit pool=db connections=<NUM>/<NUM>,2026-06-01T06:40:00+00:00,5
cart-service,T015,Cache warm-up slower than expected startup_ms=<NUM>,2026-06-01T06:40:00+00:00,4
cart-service,T026,Health check response time elevated endpoint=/health latency=171ms,2026-06-01T06:40:00+00:00,1
cart-service,T042,Health check response time elevated endpoint=/health latency=216ms,2026-06-01T06:40:00+00:00,1
cart-service,T173,Health check response time elevated endpoint=/health latency=132ms,2026-06-01T06:40:00+00:00,1
cart-service,T330,Slow response detected endpoint=/api/cart latency=2505ms,2026-06-01T06:40:00+00:00,1
cart-service,T380,Slow response detected endpoint=/api/cart latency=2259ms,2026-06-01T06:40:00+00:00,1
order-service,T005,Cart service call succeeded,2026-06-01T06:40:00+00:00,5
order-service,T006,Order created orderId=ORD-<NUM> userId=<NUM>,2026-06-01T06:40:00+00:00,10
order-service,T010,Health check passed,2026-06-01T06:40:00+00:00,8
order-service,T012,Cart service timeout after <NUM>ms,2026-06-01T06:40:00+00:00,3
cart-service,T001,Health check passed,2026-06-01T06:45:00+00:00,15
cart-service,T002,Item added to cart for userId=<NUM>,2026-06-01T06:45:00+00:00,15
cart-service,T003,DB query executed table=cart rows=<NUM>,2026-06-01T06:45:00+00:00,8
cart-service,T004,ProductCatalogCache eviction failed: heap pressure too high,2026-06-01T06:45:00+00:00,5
cart-service,T007,GC overhead limit warning: pause=<NUM>ms heap=<NUM>%,2026-06-01T06:45:00+00:00,3
cart-service,T008,Checkout completed orderId=ORD-<NUM>,2026-06-01T06:45:00+00:00,15
cart-service,T009,ProductCatalogCache loaded <NUM> entries,2026-06-01T06:45:00+00:00,9
cart-service,T011,Connection pool nearing limit pool=db connections=<NUM>/<NUM>,2026-06-01T06:45:00+00:00,4
cart-service,T015,Cache warm-up slower than expected startup_ms=<NUM>,2026-06-01T06:45:00+00:00,4
cart-service,T054,Health check response time elevated endpoint=/health latency=240ms,2026-06-01T06:45:00+00:00,1
cart-service,T188,Slow response detected endpoint=/api/cart latency=836ms,2026-06-01T06:45:00+00:00,1
cart-service,T291,Slow response detected endpoint=/api/cart latency=2633ms,2026-06-01T06:45:00+00:00,1
cart-service,T514,Slow response detected endpoint=/api/cart latency=1743ms,2026-06-01T06:45:00+00:00,1
cart-service,T672,Slow response detected endpoint=/api/cart latency=2143ms,2026-06-01T06:45:00+00:00,1
order-service,T005,Cart service call succeeded,2026-06-01T06:45:00+00:00,8
order-service,T006,Order created orderId=ORD-<NUM> userId=<NUM>,2026-06-01T06:45:00+00:00,10
order-service,T010,Health check passed,2026-06-01T06:45:00+00:00,5
cart-service,T001,Health check passed,2026-06-01T06:50:00+00:00,13
cart-service,T002,Item added to cart for userId=<NUM>,2026-06-01T06:50:00+00:00,12
cart-service,T003,DB query executed table=cart rows=<NUM>,2026-06-01T06:50:00+00:00,15
cart-service,T004,ProductCatalogCache eviction failed: heap pressure too high,2026-06-01T06:50:00+00:00,2
cart-service,T007,GC overhead limit warning: pause=<NUM>ms heap=<NUM>%,2026-06-01T06:50:00+00:00,5
cart-service,T008,Checkout completed orderId=ORD-<NUM>,2026-06-01T06:50:00+00:00,13
cart-service,T009,ProductCatalogCache loaded <NUM> entries,2026-06-01T06:50:00+00:00,5
cart-service,T011,Connection pool nearing limit pool=db connections=<NUM>/<NUM>,2026-06-01T06:50:00+00:00,9
cart-service,T015,Cache warm-up slower than expected startup_ms=<NUM>,2026-06-01T06:50:00+00:00,3
cart-service,T083,Health check response time elevated endpoint=/health latency=125ms,2026-06-01T06:50:00+00:00,1
order-service,T005,Cart service call succeeded,2026-06-01T06:50:00+00:00,11
order-service,T006,Order created orderId=ORD-<NUM> userId=<NUM>,2026-06-01T06:50:00+00:00,10
order-service,T010,Health check passed,2026-06-01T06:50:00+00:00,3
order-service,T012,Cart service timeout after <NUM>ms,2026-06-01T06:50:00+00:00,2
cart-service,T001,Health check passed,2026-06-01T06:55:00+00:00,13
cart-service,T002,Item added to cart for userId=<NUM>,2026-06-01T06:55:00+00:00,13
cart-service,T003,DB query executed table=cart rows=<NUM>,2026-06-01T06:55:00+00:00,11
cart-service,T004,ProductCatalogCache eviction failed: heap pressure too high,2026-06-01T06:55:00+00:00,1
cart-service,T007,GC overhead limit warning: pause=<NUM>ms heap=<NUM>%,2026-06-01T06:55:00+00:00,4
cart-service,T008,Checkout completed orderId=ORD-<NUM>,2026-06-01T06:55:00+00:00,4
cart-service,T009,ProductCatalogCache loaded <NUM> entries,2026-06-01T06:55:00+00:00,7
cart-service,T011,Connection pool nearing limit pool=db connections=<NUM>/<NUM>,2026-06-01T06:55:00+00:00,4
cart-service,T015,Cache warm-up slower than expected startup_ms=<NUM>,2026-06-01T06:55:00+00:00,3
cart-service,T052,Health check response time elevated endpoint=/health latency=250ms,2026-06-01T06:55:00+00:00,1
cart-service,T107,Slow response detected endpoint=/api/cart latency=2458ms,2026-06-01T06:55:00+00:00,1
cart-service,T368,Slow response detected endpoint=/api/cart latency=2401ms,2026-06-01T06:55:00+00:00,1
cart-service,T450,Slow response detected endpoint=/api/cart latency=1639ms,2026-06-01T06:55:00+00:00,1
cart-service,T579,Slow response detected endpoint=/api/cart latency=1903ms,2026-06-01T06:55:00+00:00,1
order-service,T005,Cart service call succeeded,2026-06-01T06:55:00+00:00,7
order-service,T006,Order created orderId=ORD-<NUM> userId=<NUM>,2026-06-01T06:55:00+00:00,4
order-service,T010,Health check passed,2026-06-01T06:55:00+00:00,6
order-service,T012,Cart service timeout after <NUM>ms,2026-06-01T06:55:00+00:00,2
cart-service,T001,Health check passed,2026-06-01T07:00:00+00:00,14
cart-service,T002,Item added to cart for userId=<NUM>,2026-06-01T07:00:00+00:00,7
cart-service,T003,DB query executed table=cart rows=<NUM>,2026-06-01T07:00:00+00:00,10
cart-service,T004,ProductCatalogCache eviction failed: heap pressure too high,2026-06-01T07:00:00+00:00,3
cart-service,T007,GC overhead limit warning: pause=<NUM>ms heap=<NUM>%,2026-06-01T07:00:00+00:00,3
cart-service,T008,Checkout completed orderId=ORD-<NUM>,2026-06-01T07:00:00+00:00,11
cart-service,T009,ProductCatalogCache loaded <NUM> entries,2026-06-01T07:00:00+00:00,8
cart-service,T011,Connection pool nearing limit pool=db connections=<NUM>/<NUM>,2026-06-01T07:00:00+00:00,5
cart-service,T015,Cache warm-up slower than expected startup_ms=<NUM>,2026-06-01T07:00:00+00:00,4
cart-service,T021,Health check response time elevated endpoint=/health latency=139ms,2026-06-01T07:00:00+00:00,1
cart-service,T024,Health check response time elevated endpoint=/health latency=212ms,2026-06-01T07:00:00+00:00,1
cart-service,T028,Health check response time elevated endpoint=/health latency=222ms,2026-06-01T07:00:00+00:00,1
cart-service,T050,Health check response time elevated endpoint=/health latency=180ms,2026-06-01T07:00:00+00:00,1
cart-service,T079,Health check response time elevated endpoint=/health latency=218ms,2026-06-01T07:00:00+00:00,1
cart-service,T328,Slow response detected endpoint=/api/cart latency=1698ms,2026-06-01T07:00:00+00:00,1
cart-service,T968,Slow response detected endpoint=/api/cart latency=2706ms,2026-06-01T07:00:00+00:00,1
order-service,T005,Cart service call succeeded,2026-06-01T07:00:00+00:00,9
order-service,T006,Order created orderId=ORD-<NUM> userId=<NUM>,2026-06-01T07:00:00+00:00,3
order-service,T010,Health check passed,2026-06-01T07:00:00+00:00,6
order-service,T012,Cart service timeout after <NUM>ms,2026-06-01T07:00:00+00:00,2
cart-service,T001,Health check passed,2026-06-01T07:05:00+00:00,16
cart-service,T002,Item added to cart for userId=<NUM>,2026-06-01T07:05:00+00:00,17
cart-service,T003,DB query executed table=cart rows=<NUM>,2026-06-01T07:05:00+00:00,14
cart-service,T007,GC overhead limit warning: pause=<NUM>ms heap=<NUM>%,2026-06-01T07:05:00+00:00,4
cart-service,T008,Checkout completed orderId=ORD-<NUM>,2026-06-01T07:05:00+00:00,9
cart-service,T009,ProductCatalogCache loaded <NUM> entries,2026-06-01T07:05:00+00:00,9
cart-service,T011,Connection pool nearing limit pool=db connections=<NUM>/<NUM>,2026-06-01T07:05:00+00:00,4
cart-service,T015,Cache warm-up slower than expected startup_ms=<NUM>,2026-06-01T07:05:00+00:00,4
cart-service,T024,Health check response time elevated endpoint=/health latency=212ms,2026-06-01T07:05:00+00:00,1
cart-service,T028,Health check response time elevated endpoint=/health latency=222ms,2026-06-01T07:05:00+00:00,1
cart-service,T034,Health check response time elevated endpoint=/health latency=211ms,2026-06-01T07:05:00+00:00,1
cart-service,T044,Health check response time elevated endpoint=/health latency=192ms,2026-06-01T07:05:00+00:00,1
cart-service,T106,Health check response time elevated endpoint=/health latency=158ms,2026-06-01T07:05:00+00:00,1
cart-service,T1250,Slow response detected endpoint=/api/cart latency=1085ms,2026-06-01T07:05:00+00:00,1
cart-service,T154,Slow response detected endpoint=/api/cart latency=922ms,2026-06-01T07:05:00+00:00,1
cart-service,T337,Slow response detected endpoint=/api/cart latency=2538ms,2026-06-01T07:05:00+00:00,1
order-service,T005,Cart service call succeeded,2026-06-01T07:05:00+00:00,18
order-service,T006,Order created orderId=ORD-<NUM> userId=<NUM>,2026-06-01T07:05:00+00:00,4
order-service,T010,Health check passed,2026-06-01T07:05:00+00:00,9
order-service,T012,Cart service timeout after <NUM>ms,2026-06-01T07:05:00+00:00,2
cart-service,T001,Health check passed,2026-06-01T07:10:00+00:00,13
cart-service,T002,Item added to cart for userId=<NUM>,2026-06-01T07:10:00+00:00,11
cart-service,T003,DB query executed table=cart rows=<NUM>,2026-06-01T07:10:00+00:00,10
cart-service,T004,ProductCatalogCache eviction failed: heap pressure too high,2026-06-01T07:10:00+00:00,2
cart-service,T007,GC overhead limit warning: pause=<NUM>ms heap=<NUM>%,2026-06-01T07:10:00+00:00,4
cart-service,T008,Checkout completed orderId=ORD-<NUM>,2026-06-01T07:10:00+00:00,9
cart-service,T009,ProductCatalogCache loaded <NUM> entries,2026-06-01T07:10:00+00:00,6
cart-service,T011,Connection pool nearing limit pool=db connections=<NUM>/<NUM>,2026-06-01T07:10:00+00:00,5
cart-service,T015,Cache warm-up slower than expected startup_ms=<NUM>,2026-06-01T07:10:00+00:00,2
cart-service,T066,Health check response time elevated endpoint=/health latency=235ms,2026-06-01T07:10:00+00:00,1
cart-service,T087,Health check response time elevated endpoint=/health latency=157ms,2026-06-01T07:10:00+00:00,1
cart-service,T126,Health check response time elevated endpoint=/health latency=229ms,2026-06-01T07:10:00+00:00,1
cart-service,T159,Slow response detected endpoint=/api/cart latency=2510ms,2026-06-01T07:10:00+00:00,1
cart-service,T631,Slow response detected endpoint=/api/cart latency=1594ms,2026-06-01T07:10:00+00:00,1
cart-service,T834,Slow response detected endpoint=/api/cart latency=2424ms,2026-06-01T07:10:00+00:00,1
order-service,T005,Cart service call succeeded,2026-06-01T07:10:00+00:00,2
order-service,T006,Order created orderId=ORD-<NUM> userId=<NUM>,2026-06-01T07:10:00+00:00,10
order-service,T010,Health check passed,2026-06-01T07:10:00+00:00,9
order-service,T012,Cart service timeout after <NUM>ms,2026-06-01T07:10:00+00:00,2
cart-service,T001,Health check passed,2026-06-01T07:15:00+00:00,12
cart-service,T002,Item added to cart for userId=<NUM>,2026-06-01T07:15:00+00:00,8
cart-service,T003,DB query executed table=cart rows=<NUM>,2026-06-01T07:15:00+00:00,12
cart-service,T007,GC overhead limit warning: pause=<NUM>ms heap=<NUM>%,2026-06-01T07:15:00+00:00,2
cart-service,T008,Checkout completed orderId=ORD-<NUM>,2026-06-01T07:15:00+00:00,5
cart-service,T009,ProductCatalogCache loaded <NUM> entries,2026-06-01T07:15:00+00:00,4
cart-service,T011,Connection pool nearing limit pool=db connections=<NUM>/<NUM>,2026-06-01T07:15:00+00:00,4
cart-service,T015,Cache warm-up slower than expected startup_ms=<NUM>,2026-06-01T07:15:00+00:00,5
cart-service,T019,Health check response time elevated endpoint=/health latency=231ms,2026-06-01T07:15:00+00:00,1
cart-service,T024,Health check response time elevated endpoint=/health latency=212ms,2026-06-01T07:15:00+00:00,1
cart-service,T036,Health check response time elevated endpoint=/health latency=221ms,2026-06-01T07:15:00+00:00,1
cart-service,T050,Health check response time elevated endpoint=/health latency=180ms,2026-06-01T07:15:00+00:00,1
cart-service,T073,Health check response time elevated endpoint=/health latency=213ms,2026-06-01T07:15:00+00:00,1
cart-service,T074,Health check response time elevated endpoint=/health latency=138ms,2026-06-01T07:15:00+00:00,1
cart-service,T411,Slow response detected endpoint=/api/cart latency=2026ms,2026-06-01T07:15:00+00:00,1
cart-service,T458,Slow response detected endpoint=/api/cart latency=1792ms,2026-06-01T07:15:00+00:00,1
cart-service,T542,Slow response detected endpoint=/api/cart latency=1868ms,2026-06-01T07:15:00+00:00,1
order-service,T005,Cart service call succeeded,2026-06-01T07:15:00+00:00,5
order-service,T006,Order created orderId=ORD-<NUM> userId=<NUM>,2026-06-01T07:15:00+00:00,13
order-service,T010,Health check passed,2026-06-01T07:15:00+00:00,10
cart-service,T001,Health check passed,2026-06-01T07:20:00+00:00,9
cart-service,T002,Item added to cart for userId=<NUM>,2026-06-01T07:20:00+00:00,15
cart-service,T003,DB query executed table=cart rows=<NUM>,2026-06-01T07:20:00+00:00,13
cart-service,T004,ProductCatalogCache eviction failed: heap pressure too high,2026-06-01T07:20:00+00:00,2
cart-service,T007,GC overhead limit warning: pause=<NUM>ms heap=<NUM>%,2026-06-01T07:20:00+00:00,1
cart-service,T008,Checkout completed orderId=ORD-<NUM>,2026-06-01T07:20:00+00:00,8
cart-service,T009,ProductCatalogCache loaded <NUM> entries,2026-06-01T07:20:00+00:00,5
cart-service,T011,Connection pool nearing limit pool=db connections=<NUM>/<NUM>,2026-06-01T07:20:00+00:00,3
cart-service,T015,Cache warm-up slower than expected startup_ms=<NUM>,2026-06-01T07:20:00+00:00,5
cart-service,T036,Health check response time elevated endpoint=/health latency=221ms,2026-06-01T07:20:00+00:00,1
cart-service,T099,Health check response time elevated endpoint=/health latency=184ms,2026-06-01T07:20:00+00:00,1
cart-service,T111,Health check response time elevated endpoint=/health latency=149ms,2026-06-01T07:20:00+00:00,1
cart-service,T1118,Slow response detected endpoint=/api/cart latency=1200ms,2026-06-01T07:20:00+00:00,1
cart-service,T128,Health check response time elevated endpoint=/health latency=123ms,2026-06-01T07:20:00+00:00,1
cart-service,T146,Slow response detected endpoint=/api/cart latency=837ms,2026-06-01T07:20:00+00:00,1
cart-service,T155,Slow response detected endpoint=/api/cart latency=2720ms,2026-06-01T07:20:00+00:00,1
order-service,T005,Cart service call succeeded,2026-06-01T07:20:00+00:00,10
order-service,T006,Order created orderId=ORD-<NUM> userId=<NUM>,2026-06-01T07:20:00+00:00,10
order-service,T010,Health check passed,2026-06-01T07:20:00+00:00,8
order-service,T012,Cart service timeout after <NUM>ms,2026-06-01T07:20:00+00:00,2
cart-service,T001,Health check passed,2026-06-01T07:25:00+00:00,10
cart-service,T002,Item added to cart for userId=<NUM>,2026-06-01T07:25:00+00:00,13
cart-service,T003,DB query executed table=cart rows=<NUM>,2026-06-01T07:25:00+00:00,12
cart-service,T004,ProductCatalogCache eviction failed: heap pressure too high,2026-06-01T07:25:00+00:00,3
cart-service,T007,GC overhead limit warning: pause=<NUM>ms heap=<NUM>%,2026-06-01T07:25:00+00:00,1
cart-service,T008,Checkout completed orderId=ORD-<NUM>,2026-06-01T07:25:00+00:00,6
cart-service,T009,ProductCatalogCache loaded <NUM> entries,2026-06-01T07:25:00+00:00,10
cart-service,T011,Connection pool nearing limit pool=db connections=<NUM>/<NUM>,2026-06-01T07:25:00+00:00,4
cart-service,T015,Cache warm-up slower than expected startup_ms=<NUM>,2026-06-01T07:25:00+00:00,3
cart-service,T048,Health check response time elevated endpoint=/health latency=151ms,2026-06-01T07:25:00+00:00,2
cart-service,T303,Slow response detected endpoint=/api/cart latency=2731ms,2026-06-01T07:25:00+00:00,1
order-service,T005,Cart service call succeeded,2026-06-01T07:25:00+00:00,11
order-service,T006,Order created orderId=ORD-<NUM> userId=<NUM>,2026-06-01T07:25:00+00:00,9
order-service,T010,Health check passed,2026-06-01T07:25:00+00:00,9
order-service,T012,Cart service timeout after <NUM>ms,2026-06-01T07:25:00+00:00,2
cart-service,T001,Health check passed,2026-06-01T07:30:00+00:00,9
cart-service,T002,Item added to cart for userId=<NUM>,2026-06-01T07:30:00+00:00,14
cart-service,T003,DB query executed table=cart rows=<NUM>,2026-06-01T07:30:00+00:00,6
cart-service,T004,ProductCatalogCache eviction failed: heap pressure too high,2026-06-01T07:30:00+00:00,1
cart-service,T007,GC overhead limit warning: pause=<NUM>ms heap=<NUM>%,2026-06-01T07:30:00+00:00,4
cart-service,T008,Checkout completed orderId=ORD-<NUM>,2026-06-01T07:30:00+00:00,8
cart-service,T009,ProductCatalogCache loaded <NUM> entries,2026-06-01T07:30:00+00:00,4
cart-service,T011,Connection pool nearing limit pool=db connections=<NUM>/<NUM>,2026-06-01T07:30:00+00:00,7
cart-service,T015,Cache warm-up slower than expected startup_ms=<NUM>,2026-06-01T07:30:00+00:00,1
cart-service,T033,Health check response time elevated endpoint=/health latency=204ms,2026-06-01T07:30:00+00:00,1
cart-service,T051,Health check response time elevated endpoint=/health latency=187ms,2026-06-01T07:30:00+00:00,1
cart-service,T341,Slow response detected endpoint=/api/cart latency=1457ms,2026-06-01T07:30:00+00:00,1
cart-service,T445,Health check response time elevated endpoint=/health latency=124ms,2026-06-01T07:30:00+00:00,1
cart-service,T461,Health check response time elevated endpoint=/health latency=227ms,2026-06-01T07:30:00+00:00,1
order-service,T005,Cart service call succeeded,2026-06-01T07:30:00+00:00,8
order-service,T006,Order created orderId=ORD-<NUM> userId=<NUM>,2026-06-01T07:30:00+00:00,9
order-service,T010,Health check passed,2026-06-01T07:30:00+00:00,7
cart-service,T001,Health check passed,2026-06-01T07:35:00+00:00,12
cart-service,T002,Item added to cart for userId=<NUM>,2026-06-01T07:35:00+00:00,11
cart-service,T003,DB query executed table=cart rows=<NUM>,2026-06-01T07:35:00+00:00,15
cart-service,T004,ProductCatalogCache eviction failed: heap pressure too high,2026-06-01T07:35:00+00:00,1
cart-service,T007,GC overhead limit warning: pause=<NUM>ms heap=<NUM>%,2026-06-01T07:35:00+00:00,3
cart-service,T008,Checkout completed orderId=ORD-<NUM>,2026-06-01T07:35:00+00:00,8
cart-service,T009,ProductCatalogCache loaded <NUM> entries,2026-06-01T07:35:00+00:00,12
cart-service,T011,Connection pool nearing limit pool=db connections=<NUM>/<NUM>,2026-06-01T07:35:00+00:00,5
cart-service,T015,Cache warm-up slower than expected startup_ms=<NUM>,2026-06-01T07:35:00+00:00,2
cart-service,T036,Health check response time elevated endpoint=/health latency=221ms,2026-06-01T07:35:00+00:00,1
cart-service,T039,Health check response time elevated endpoint=/health latency=215ms,2026-06-01T07:35:00+00:00,1
cart-service,T177,Health check response time elevated endpoint=/health latency=144ms,2026-06-01T07:35:00+00:00,1
cart-service,T267,Slow response detected endpoint=/api/cart latency=2861ms,2026-06-01T07:35:00+00:00,1
cart-service,T432,Slow response detected endpoint=/api/cart latency=1957ms,2026-06-01T07:35:00+00:00,1
order-service,T005,Cart service call succeeded,2026-06-01T07:35:00+00:00,8
order-service,T006,Order created orderId=ORD-<NUM> userId=<NUM>,2026-06-01T07:35:00+00:00,10
order-service,T010,Health check passed,2026-06-01T07:35:00+00:00,6
order-service,T012,Cart service timeout after <NUM>ms,2026-06-01T07:35:00+00:00,2
cart-service,T001,Health check passed,2026-06-01T07:40:00+00:00,12
cart-service,T002,Item added to cart for userId=<NUM>,2026-06-01T07:40:00+00:00,6
cart-service,T003,DB query executed table=cart rows=<NUM>,2026-06-01T07:40:00+00:00,13
cart-service,T004,ProductCatalogCache eviction failed: heap pressure too high,2026-06-01T07:40:00+00:00,2
cart-service,T007,GC overhead limit warning: pause=<NUM>ms heap=<NUM>%,2026-06-01T07:40:00+00:00,3
cart-service,T008,Checkout completed orderId=ORD-<NUM>,2026-06-01T07:40:00+00:00,10
cart-service,T009,ProductCatalogCache loaded <NUM> entries,2026-06-01T07:40:00+00:00,2
cart-service,T011,Connection pool nearing limit pool=db connections=<NUM>/<NUM>,2026-06-01T07:40:00+00:00,4
cart-service,T015,Cache warm-up slower than expected startup_ms=<NUM>,2026-06-01T07:40:00+00:00,5
cart-service,T037,Health check response time elevated endpoint=/health latency=206ms,2026-06-01T07:40:00+00:00,1
cart-service,T083,Health check response time elevated endpoint=/health latency=125ms,2026-06-01T07:40:00+00:00,1
cart-service,T118,Health check response time elevated endpoint=/health latency=245ms,2026-06-01T07:40:00+00:00,1
order-service,T005,Cart service call succeeded,2026-06-01T07:40:00+00:00,12
order-service,T006,Order created orderId=ORD-<NUM> userId=<NUM>,2026-06-01T07:40:00+00:00,8
order-service,T010,Health check passed,2026-06-01T07:40:00+00:00,5
order-service,T012,Cart service timeout after <NUM>ms,2026-06-01T07:40:00+00:00,1
cart-service,T001,Health check passed,2026-06-01T07:45:00+00:00,10
cart-service,T002,Item added to cart for userId=<NUM>,2026-06-01T07:45:00+00:00,18
cart-service,T003,DB query executed table=cart rows=<NUM>,2026-06-01T07:45:00+00:00,7
cart-service,T004,ProductCatalogCache eviction failed: heap pressure too high,2026-06-01T07:45:00+00:00,2
cart-service,T007,GC overhead limit warning: pause=<NUM>ms heap=<NUM>%,2026-06-01T07:45:00+00:00,1
cart-service,T008,Checkout completed orderId=ORD-<NUM>,2026-06-01T07:45:00+00:00,8
cart-service,T009,ProductCatalogCache loaded <NUM> entries,2026-06-01T07:45:00+00:00,4
cart-service,T011,Connection pool nearing limit pool=db connections=<NUM>/<NUM>,2026-06-01T07:45:00+00:00,3
cart-service,T015,Cache warm-up slower than expected startup_ms=<NUM>,2026-06-01T07:45:00+00:00,1
cart-service,T052,Health check response time elevated endpoint=/health latency=250ms,2026-06-01T07:45:00+00:00,1
cart-service,T1320,Slow response detected endpoint=/api/cart latency=949ms,2026-06-01T07:45:00+00:00,1
cart-service,T172,Health check response time elevated endpoint=/health latency=230ms,2026-06-01T07:45:00+00:00,1
cart-service,T190,Slow response detected endpoint=/api/cart latency=824ms,2026-06-01T07:45:00+00:00,1
cart-service,T219,Slow response detected endpoint=/api/cart latency=684ms,2026-06-01T07:45:00+00:00,1
order-service,T005,Cart service call succeeded,2026-06-01T07:45:00+00:00,7
order-service,T006,Order created orderId=ORD-<NUM> userId=<NUM>,2026-06-01T07:45:00+00:00,12
order-service,T010,Health check passed,2026-06-01T07:45:00+00:00,3
cart-service,T001,Health check passed,2026-06-01T07:50:00+00:00,8
cart-service,T002,Item added to cart for userId=<NUM>,2026-06-01T07:50:00+00:00,7
cart-service,T003,DB query executed table=cart rows=<NUM>,2026-06-01T07:50:00+00:00,14
cart-service,T004,ProductCatalogCache eviction failed: heap pressure too high,2026-06-01T07:50:00+00:00,4
cart-service,T007,GC overhead limit warning: pause=<NUM>ms heap=<NUM>%,2026-06-01T07:50:00+00:00,1
cart-service,T008,Checkout completed orderId=ORD-<NUM>,2026-06-01T07:50:00+00:00,9
cart-service,T009,ProductCatalogCache loaded <NUM> entries,2026-06-01T07:50:00+00:00,7
cart-service,T011,Connection pool nearing limit pool=db connections=<NUM>/<NUM>,2026-06-01T07:50:00+00:00,6
cart-service,T015,Cache warm-up slower than expected startup_ms=<NUM>,2026-06-01T07:50:00+00:00,4
cart-service,T019,Health check response time elevated endpoint=/health latency=231ms,2026-06-01T07:50:00+00:00,1
cart-service,T027,Health check response time elevated endpoint=/health latency=244ms,2026-06-01T07:50:00+00:00,1
cart-service,T032,Health check response time elevated endpoint=/health latency=174ms,2026-06-01T07:50:00+00:00,1
cart-service,T042,Health check response time elevated endpoint=/health latency=216ms,2026-06-01T07:50:00+00:00,1
cart-service,T045,Health check response time elevated endpoint=/health latency=148ms,2026-06-01T07:50:00+00:00,1
cart-service,T059,Health check response time elevated endpoint=/health latency=133ms,2026-06-01T07:50:00+00:00,1
cart-service,T089,Health check response time elevated endpoint=/health latency=166ms,2026-06-01T07:50:00+00:00,1
cart-service,T097,Health check response time elevated endpoint=/health latency=182ms,2026-06-01T07:50:00+00:00,1
cart-service,T858,Slow response detected endpoint=/api/cart latency=2474ms,2026-06-01T07:50:00+00:00,1
order-service,T005,Cart service call succeeded,2026-06-01T07:50:00+00:00,13
order-service,T006,Order created orderId=ORD-<NUM> userId=<NUM>,2026-06-01T07:50:00+00:00,9
order-service,T010,Health check passed,2026-06-01T07:50:00+00:00,4
order-service,T012,Cart service timeout after <NUM>ms,2026-06-01T07:50:00+00:00,1
cart-service,T001,Health check passed,2026-06-01T07:55:00+00:00,11
cart-service,T002,Item added to cart for userId=<NUM>,2026-06-01T07:55:00+00:00,12
cart-service,T003,DB query executed table=cart rows=<NUM>,2026-06-01T07:55:00+00:00,13
cart-service,T004,ProductCatalogCache eviction failed: heap pressure too high,2026-06-01T07:55:00+00:00,2
cart-service,T007,GC overhead limit warning: pause=<NUM>ms heap=<NUM>%,2026-06-01T07:55:00+00:00,2
cart-service,T008,Checkout completed orderId=ORD-<NUM>,2026-06-01T07:55:00+00:00,6
cart-service,T009,ProductCatalogCache loaded <NUM> entries,2026-06-01T07:55:00+00:00,7
cart-service,T011,Connection pool nearing limit pool=db connections=<NUM>/<NUM>,2026-06-01T07:55:00+00:00,7
cart-service,T015,Cache warm-up slower than expected startup_ms=<NUM>,2026-06-01T07:55:00+00:00,3
cart-service,T020,Health check response time elevated endpoint=/health latency=209ms,2026-06-01T07:55:00+00:00,1
cart-service,T026,Health check response time elevated endpoint=/health latency=171ms,2026-06-01T07:55:00+00:00,1
cart-service,T121,Health check response time elevated endpoint=/health latency=219ms,2026-06-01T07:55:00+00:00,1
cart-service,T241,Slow response detected endpoint=/api/cart latency=1211ms,2026-06-01T07:55:00+00:00,1
cart-service,T940,Slow response detected endpoint=/api/cart latency=2654ms,2026-06-01T07:55:00+00:00,1
order-service,T005,Cart service call succeeded,2026-06-01T07:55:00+00:00,8
order-service,T006,Order created orderId=ORD-<NUM> userId=<NUM>,2026-06-01T07:55:00+00:00,8
order-service,T010,Health check passed,2026-06-01T07:55:00+00:00,4
order-service,T012,Cart service timeout after <NUM>ms,2026-06-01T07:55:00+00:00,1
cart-service,T001,Health check passed,2026-06-01T08:00:00+00:00,7
cart-service,T002,Item added to cart for userId=<NUM>,2026-06-01T08:00:00+00:00,22
cart-service,T003,DB query executed table=cart rows=<NUM>,2026-06-01T08:00:00+00:00,12
cart-service,T004,ProductCatalogCache eviction failed: heap pressure too high,2026-06-01T08:00:00+00:00,1
cart-service,T007,GC overhead limit warning: pause=<NUM>ms heap=<NUM>%,2026-06-01T08:00:00+00:00,2
cart-service,T008,Checkout completed orderId=ORD-<NUM>,2026-06-01T08:00:00+00:00,8
cart-service,T009,ProductCatalogCache loaded <NUM> entries,2026-06-01T08:00:00+00:00,6
cart-service,T011,Connection pool nearing limit pool=db connections=<NUM>/<NUM>,2026-06-01T08:00:00+00:00,7
cart-service,T015,Cache warm-up slower than expected startup_ms=<NUM>,2026-06-01T08:00:00+00:00,2
cart-service,T044,Health check response time elevated endpoint=/health latency=192ms,2026-06-01T08:00:00+00:00,1
cart-service,T049,Health check response time elevated endpoint=/health latency=178ms,2026-06-01T08:00:00+00:00,1
cart-service,T092,Health check response time elevated endpoint=/health latency=195ms,2026-06-01T08:00:00+00:00,1
cart-service,T109,Health check response time elevated endpoint=/health latency=155ms,2026-06-01T08:00:00+00:00,1
cart-service,T252,Health check response time elevated endpoint=/health latency=173ms,2026-06-01T08:00:00+00:00,1
cart-service,T305,Slow response detected endpoint=/api/cart latency=977ms,2026-06-01T08:00:00+00:00,1
cart-service,T944,Slow response detected endpoint=/api/cart latency=2664ms,2026-06-01T08:00:00+00:00,1
order-service,T005,Cart service call succeeded,2026-06-01T08:00:00+00:00,13
order-service,T006,Order created orderId=ORD-<NUM> userId=<NUM>,2026-06-01T08:00:00+00:00,8
order-service,T010,Health check passed,2026-06-01T08:00:00+00:00,3
order-service,T012,Cart service timeout after <NUM>ms,2026-06-01T08:00:00+00:00,5
cart-service,T001,Health check passed,2026-06-01T08:05:00+00:00,15
cart-service,T002,Item added to cart for userId=<NUM>,2026-06-01T08:05:00+00:00,13
cart-service,T003,DB query executed table=cart rows=<NUM>,2026-06-01T08:05:00+00:00,13
cart-service,T004,ProductCatalogCache eviction failed: heap pressure too high,2026-06-01T08:05:00+00:00,2
cart-service,T007,GC overhead limit warning: pause=<NUM>ms heap=<NUM>%,2026-06-01T08:05:00+00:00,4
cart-service,T008,Checkout completed orderId=ORD-<NUM>,2026-06-01T08:05:00+00:00,5
cart-service,T009,ProductCatalogCache loaded <NUM> entries,2026-06-01T08:05:00+00:00,13
cart-service,T011,Connection pool nearing limit pool=db connections=<NUM>/<NUM>,2026-06-01T08:05:00+00:00,3
cart-service,T015,Cache warm-up slower than expected startup_ms=<NUM>,2026-06-01T08:05:00+00:00,5
cart-service,T029,Health check response time elevated endpoint=/health latency=176ms,2026-06-01T08:05:00+00:00,1
cart-service,T116,Health check response time elevated endpoint=/health latency=224ms,2026-06-01T08:05:00+00:00,1
order-service,T005,Cart service call succeeded,2026-06-01T08:05:00+00:00,6
order-service,T006,Order created orderId=ORD-<NUM> userId=<NUM>,2026-06-01T08:05:00+00:00,10
order-service,T010,Health check passed,2026-06-01T08:05:00+00:00,8
order-service,T012,Cart service timeout after <NUM>ms,2026-06-01T08:05:00+00:00,2
cart-service,T001,Health check passed,2026-06-01T08:10:00+00:00,12
cart-service,T002,Item added to cart for userId=<NUM>,2026-06-01T08:10:00+00:00,11
cart-service,T003,DB query executed table=cart rows=<NUM>,2026-06-01T08:10:00+00:00,5
cart-service,T004,ProductCatalogCache eviction failed: heap pressure too high,2026-06-01T08:10:00+00:00,1
cart-service,T007,GC overhead limit warning: pause=<NUM>ms heap=<NUM>%,2026-06-01T08:10:00+00:00,2
cart-service,T008,Checkout completed orderId=ORD-<NUM>,2026-06-01T08:10:00+00:00,8
cart-service,T009,ProductCatalogCache loaded <NUM> entries,2026-06-01T08:10:00+00:00,9
cart-service,T011,Connection pool nearing limit pool=db connections=<NUM>/<NUM>,2026-06-01T08:10:00+00:00,6
cart-service,T015,Cache warm-up slower than expected startup_ms=<NUM>,2026-06-01T08:10:00+00:00,6
cart-service,T021,Health check response time elevated endpoint=/health latency=139ms,2026-06-01T08:10:00+00:00,1
cart-service,T025,Health check response time elevated endpoint=/health latency=225ms,2026-06-01T08:10:00+00:00,1
cart-service,T054,Health check response time elevated endpoint=/health latency=240ms,2026-06-01T08:10:00+00:00,1
cart-service,T072,Health check response time elevated endpoint=/health latency=239ms,2026-06-01T08:10:00+00:00,1
cart-service,T085,Health check response time elevated endpoint=/health latency=153ms,2026-06-01T08:10:00+00:00,1
cart-service,T087,Health check response time elevated endpoint=/health latency=157ms,2026-06-01T08:10:00+00:00,1
cart-service,T173,Health check response time elevated endpoint=/health latency=132ms,2026-06-01T08:10:00+00:00,1
cart-service,T259,Slow response detected endpoint=/api/cart latency=2970ms,2026-06-01T08:10:00+00:00,1
cart-service,T424,Slow response detected endpoint=/api/cart latency=1889ms,2026-06-01T08:10:00+00:00,1
cart-service,T900,Slow response detected endpoint=/api/cart latency=2577ms,2026-06-01T08:10:00+00:00,1
cart-service,T997,Slow response detected endpoint=/api/cart latency=2769ms,2026-06-01T08:10:00+00:00,1
order-service,T005,Cart service call succeeded,2026-06-01T08:10:00+00:00,5
order-service,T006,Order created orderId=ORD-<NUM> userId=<NUM>,2026-06-01T08:10:00+00:00,12
order-service,T010,Health check passed,2026-06-01T08:10:00+00:00,10
cart-service,T001,Health check passed,2026-06-01T08:15:00+00:00,10
cart-service,T002,Item added to cart for userId=<NUM>,2026-06-01T08:15:00+00:00,22
cart-service,T003,DB query executed table=cart rows=<NUM>,2026-06-01T08:15:00+00:00,11
cart-service,T007,GC overhead limit warning: pause=<NUM>ms heap=<NUM>%,2026-06-01T08:15:00+00:00,2
cart-service,T008,Checkout completed orderId=ORD-<NUM>,2026-06-01T08:15:00+00:00,7
cart-service,T009,ProductCatalogCache loaded <NUM> entries,2026-06-01T08:15:00+00:00,15
cart-service,T011,Connection pool nearing limit pool=db connections=<NUM>/<NUM>,2026-06-01T08:15:00+00:00,4
cart-service,T015,Cache warm-up slower than expected startup_ms=<NUM>,2026-06-01T08:15:00+00:00,3
cart-service,T027,Health check response time elevated endpoint=/health latency=244ms,2026-06-01T08:15:00+00:00,1
cart-service,T040,Health check response time elevated endpoint=/health latency=203ms,2026-06-01T08:15:00+00:00,1
cart-service,T1075,Slow response detected endpoint=/api/cart latency=1250ms,2026-06-01T08:15:00+00:00,1
order-service,T005,Cart service call succeeded,2026-06-01T08:15:00+00:00,12
order-service,T006,Order created orderId=ORD-<NUM> userId=<NUM>,2026-06-01T08:15:00+00:00,11
order-service,T010,Health check passed,2026-06-01T08:15:00+00:00,4
order-service,T012,Cart service timeout after <NUM>ms,2026-06-01T08:15:00+00:00,5
cart-service,T001,Health check passed,2026-06-01T08:20:00+00:00,12
cart-service,T002,Item added to cart for userId=<NUM>,2026-06-01T08:20:00+00:00,10
cart-service,T003,DB query executed table=cart rows=<NUM>,2026-06-01T08:20:00+00:00,13
cart-service,T004,ProductCatalogCache eviction failed: heap pressure too high,2026-06-01T08:20:00+00:00,2
cart-service,T007,GC overhead limit warning: pause=<NUM>ms heap=<NUM>%,2026-06-01T08:20:00+00:00,5
cart-service,T008,Checkout completed orderId=ORD-<NUM>,2026-06-01T08:20:00+00:00,8
cart-service,T009,ProductCatalogCache loaded <NUM> entries,2026-06-01T08:20:00+00:00,7
cart-service,T011,Connection pool nearing limit pool=db connections=<NUM>/<NUM>,2026-06-01T08:20:00+00:00,1
cart-service,T023,Health check response time elevated endpoint=/health latency=226ms,2026-06-01T08:20:00+00:00,1
cart-service,T028,Health check response time elevated endpoint=/health latency=222ms,2026-06-01T08:20:00+00:00,1
cart-service,T099,Health check response time elevated endpoint=/health latency=184ms,2026-06-01T08:20:00+00:00,1
cart-service,T102,Health check response time elevated endpoint=/health latency=177ms,2026-06-01T08:20:00+00:00,1
cart-service,T110,Health check response time elevated endpoint=/health latency=152ms,2026-06-01T08:20:00+00:00,1
cart-service,T1217,Slow response detected endpoint=/api/cart latency=717ms,2026-06-01T08:20:00+00:00,1
order-service,T005,Cart service call succeeded,2026-06-01T08:20:00+00:00,9
order-service,T006,Order created orderId=ORD-<NUM> userId=<NUM>,2026-06-01T08:20:00+00:00,6
order-service,T010,Health check passed,2026-06-01T08:20:00+00:00,3
order-service,T012,Cart service timeout after <NUM>ms,2026-06-01T08:20:00+00:00,3
cart-service,T001,Health check passed,2026-06-01T08:25:00+00:00,9
cart-service,T002,Item added to cart for userId=<NUM>,2026-06-01T08:25:00+00:00,11
cart-service,T003,DB query executed table=cart rows=<NUM>,2026-06-01T08:25:00+00:00,15
cart-service,T004,ProductCatalogCache eviction failed: heap pressure too high,2026-06-01T08:25:00+00:00,3
cart-service,T007,GC overhead limit warning: pause=<NUM>ms heap=<NUM>%,2026-06-01T08:25:00+00:00,3
cart-service,T008,Checkout completed orderId=ORD-<NUM>,2026-06-01T08:25:00+00:00,14
cart-service,T009,ProductCatalogCache loaded <NUM> entries,2026-06-01T08:25:00+00:00,11
cart-service,T011,Connection pool nearing limit pool=db connections=<NUM>/<NUM>,2026-06-01T08:25:00+00:00,3
cart-service,T015,Cache warm-up slower than expected startup_ms=<NUM>,2026-06-01T08:25:00+00:00,2
cart-service,T049,Health check response time elevated endpoint=/health latency=178ms,2026-06-01T08:25:00+00:00,1
cart-service,T088,Health check response time elevated endpoint=/health latency=163ms,2026-06-01T08:25:00+00:00,1
cart-service,T128,Health check response time elevated endpoint=/health latency=123ms,2026-06-01T08:25:00+00:00,1
cart-service,T667,Slow response detected endpoint=/api/cart latency=2128ms,2026-06-01T08:25:00+00:00,1
cart-service,T936,Slow response detected endpoint=/api/cart latency=2631ms,2026-06-01T08:25:00+00:00,1
order-service,T005,Cart service call succeeded,2026-06-01T08:25:00+00:00,10
order-service,T006,Order created orderId=ORD-<NUM> userId=<NUM>,2026-06-01T08:25:00+00:00,8
order-service,T010,Health check passed,2026-06-01T08:25:00+00:00,6
cart-service,T001,Health check passed,2026-06-01T08:30:00+00:00,11
cart-service,T002,Item added to cart for userId=<NUM>,2026-06-01T08:30:00+00:00,12
cart-service,T003,DB query executed table=cart rows=<NUM>,2026-06-01T08:30:00+00:00,12
cart-service,T004,ProductCatalogCache eviction failed: heap pressure too high,2026-06-01T08:30:00+00:00,2
cart-service,T007,GC overhead limit warning: pause=<NUM>ms heap=<NUM>%,2026-06-01T08:30:00+00:00,4
cart-service,T008,Checkout completed orderId=ORD-<NUM>,2026-06-01T08:30:00+00:00,6
cart-service,T009,ProductCatalogCache loaded <NUM> entries,2026-06-01T08:30:00+00:00,7
cart-service,T011,Connection pool nearing limit pool=db connections=<NUM>/<NUM>,2026-06-01T08:30:00+00:00,3
cart-service,T015,Cache warm-up slower than expected startup_ms=<NUM>,2026-06-01T08:30:00+00:00,5
cart-service,T019,Health check response time elevated endpoint=/health latency=231ms,2026-06-01T08:30:00+00:00,1
cart-service,T026,Health check response time elevated endpoint=/health latency=171ms,2026-06-01T08:30:00+00:00,1
cart-service,T044,Health check response time elevated endpoint=/health latency=192ms,2026-06-01T08:30:00+00:00,1
cart-service,T072,Health check response time elevated endpoint=/health latency=239ms,2026-06-01T08:30:00+00:00,1
cart-service,T099,Health check response time elevated endpoint=/health latency=184ms,2026-06-01T08:30:00+00:00,1
cart-service,T115,Health check response time elevated endpoint=/health latency=145ms,2026-06-01T08:30:00+00:00,1
cart-service,T134,Health check response time elevated endpoint=/health latency=248ms,2026-06-01T08:30:00+00:00,1
order-service,T005,Cart service call succeeded,2026-06-01T08:30:00+00:00,14
order-service,T006,Order created orderId=ORD-<NUM> userId=<NUM>,2026-06-01T08:30:00+00:00,5
order-service,T010,Health check passed,2026-06-01T08:30:00+00:00,8
order-service,T012,Cart service timeout after <NUM>ms,2026-06-01T08:30:00+00:00,2
cart-service,T001,Health check passed,2026-06-01T08:35:00+00:00,10
cart-service,T002,Item added to cart for userId=<NUM>,2026-06-01T08:35:00+00:00,15
cart-service,T003,DB query executed table=cart rows=<NUM>,2026-06-01T08:35:00+00:00,8
cart-service,T004,ProductCatalogCache eviction failed: heap pressure too high,2026-06-01T08:35:00+00:00,1
cart-service,T007,GC overhead limit warning: pause=<NUM>ms heap=<NUM>%,2026-06-01T08:35:00+00:00,2
cart-service,T008,Checkout completed orderId=ORD-<NUM>,2026-06-01T08:35:00+00:00,9
cart-service,T009,ProductCatalogCache loaded <NUM> entries,2026-06-01T08:35:00+00:00,8
cart-service,T011,Connection pool nearing limit pool=db connections=<NUM>/<NUM>,2026-06-01T08:35:00+00:00,4
cart-service,T015,Cache warm-up slower than expected startup_ms=<NUM>,2026-06-01T08:35:00+00:00,2
cart-service,T033,Health check response time elevated endpoint=/health latency=204ms,2026-06-01T08:35:00+00:00,1
cart-service,T042,Health check response time elevated endpoint=/health latency=216ms,2026-06-01T08:35:00+00:00,1
cart-service,T118,Health check response time elevated endpoint=/health latency=245ms,2026-06-01T08:35:00+00:00,1
cart-service,T122,Health check response time elevated endpoint=/health latency=217ms,2026-06-01T08:35:00+00:00,1
cart-service,T1236,Slow response detected endpoint=/api/cart latency=758ms,2026-06-01T08:35:00+00:00,1
cart-service,T175,Health check response time elevated endpoint=/health latency=120ms,2026-06-01T08:35:00+00:00,1
cart-service,T552,Slow response detected endpoint=/api/cart latency=1827ms,2026-06-01T08:35:00+00:00,1
order-service,T005,Cart service call succeeded,2026-06-01T08:35:00+00:00,6
order-service,T006,Order created orderId=ORD-<NUM> userId=<NUM>,2026-06-01T08:35:00+00:00,9
order-service,T010,Health check passed,2026-06-01T08:35:00+00:00,6
order-service,T012,Cart service timeout after <NUM>ms,2026-06-01T08:35:00+00:00,2
cart-service,T001,Health check passed,2026-06-01T08:40:00+00:00,16
cart-service,T002,Item added to cart for userId=<NUM>,2026-06-01T08:40:00+00:00,13
cart-service,T003,DB query executed table=cart rows=<NUM>,2026-06-01T08:40:00+00:00,13
cart-service,T004,ProductCatalogCache eviction failed: heap pressure too high,2026-06-01T08:40:00+00:00,1
cart-service,T007,GC overhead limit warning: pause=<NUM>ms heap=<NUM>%,2026-06-01T08:40:00+00:00,4
cart-service,T008,Checkout completed orderId=ORD-<NUM>,2026-06-01T08:40:00+00:00,5
cart-service,T009,ProductCatalogCache loaded <NUM> entries,2026-06-01T08:40:00+00:00,6
cart-service,T011,Connection pool nearing limit pool=db connections=<NUM>/<NUM>,2026-06-01T08:40:00+00:00,4
cart-service,T015,Cache warm-up slower than expected startup_ms=<NUM>,2026-06-01T08:40:00+00:00,3
cart-service,T038,Health check response time elevated endpoint=/health latency=121ms,2026-06-01T08:40:00+00:00,1
cart-service,T043,Health check response time elevated endpoint=/health latency=190ms,2026-06-01T08:40:00+00:00,1
cart-service,T049,Health check response time elevated endpoint=/health latency=178ms,2026-06-01T08:40:00+00:00,1
cart-service,T108,Health check response time elevated endpoint=/health latency=161ms,2026-06-01T08:40:00+00:00,1
cart-service,T1209,Slow response detected endpoint=/api/cart latency=701ms,2026-06-01T08:40:00+00:00,1
cart-service,T144,Health check response time elevated endpoint=/health latency=172ms,2026-06-01T08:40:00+00:00,1
cart-service,T199,Slow response detected endpoint=/api/cart latency=740ms,2026-06-01T08:40:00+00:00,1
cart-service,T426,Slow response detected endpoint=/api/cart latency=1843ms,2026-06-01T08:40:00+00:00,1
cart-service,T441,Slow response detected endpoint=/api/cart latency=951ms,2026-06-01T08:40:00+00:00,1
order-service,T005,Cart service call succeeded,2026-06-01T08:40:00+00:00,7
order-service,T006,Order created orderId=ORD-<NUM> userId=<NUM>,2026-06-01T08:40:00+00:00,5
order-service,T010,Health check passed,2026-06-01T08:40:00+00:00,11
order-service,T012,Cart service timeout after <NUM>ms,2026-06-01T08:40:00+00:00,4
cart-service,T001,Health check passed,2026-06-01T08:45:00+00:00,12
cart-service,T002,Item added to cart for userId=<NUM>,2026-06-01T08:45:00+00:00,19
cart-service,T003,DB query executed table=cart rows=<NUM>,2026-06-01T08:45:00+00:00,12
cart-service,T004,ProductCatalogCache eviction failed: heap pressure too high,2026-06-01T08:45:00+00:00,1
cart-service,T008,Checkout completed orderId=ORD-<NUM>,2026-06-01T08:45:00+00:00,10
cart-service,T009,ProductCatalogCache loaded <NUM> entries,2026-06-01T08:45:00+00:00,10
cart-service,T011,Connection pool nearing limit pool=db connections=<NUM>/<NUM>,2026-06-01T08:45:00+00:00,5
cart-service,T015,Cache warm-up slower than expected startup_ms=<NUM>,2026-06-01T08:45:00+00:00,3
cart-service,T099,Health check response time elevated endpoint=/health latency=184ms,2026-06-01T08:45:00+00:00,1
cart-service,T344,Slow response detected endpoint=/api/cart latency=1685ms,2026-06-01T08:45:00+00:00,1
order-service,T005,Cart service call succeeded,2026-06-01T08:45:00+00:00,9
order-service,T006,Order created orderId=ORD-<NUM> userId=<NUM>,2026-06-01T08:45:00+00:00,10
order-service,T010,Health check passed,2026-06-01T08:45:00+00:00,6
order-service,T012,Cart service timeout after <NUM>ms,2026-06-01T08:45:00+00:00,2
cart-service,T001,Health check passed,2026-06-01T08:50:00+00:00,9
cart-service,T002,Item added to cart for userId=<NUM>,2026-06-01T08:50:00+00:00,13
cart-service,T003,DB query executed table=cart rows=<NUM>,2026-06-01T08:50:00+00:00,12
cart-service,T004,ProductCatalogCache eviction failed: heap pressure too high,2026-06-01T08:50:00+00:00,1
cart-service,T007,GC overhead limit warning: pause=<NUM>ms heap=<NUM>%,2026-06-01T08:50:00+00:00,3
cart-service,T008,Checkout completed orderId=ORD-<NUM>,2026-06-01T08:50:00+00:00,3
cart-service,T009,ProductCatalogCache loaded <NUM> entries,2026-06-01T08:50:00+00:00,8
cart-service,T011,Connection pool nearing limit pool=db connections=<NUM>/<NUM>,2026-06-01T08:50:00+00:00,7
cart-service,T015,Cache warm-up slower than expected startup_ms=<NUM>,2026-06-01T08:50:00+00:00,2
cart-service,T034,Health check response time elevated endpoint=/health latency=211ms,2026-06-01T08:50:00+00:00,1
cart-service,T049,Health check response time elevated endpoint=/health latency=178ms,2026-06-01T08:50:00+00:00,1
cart-service,T127,Health check response time elevated endpoint=/health latency=233ms,2026-06-01T08:50:00+00:00,1
cart-service,T300,Slow response detected endpoint=/api/cart latency=2718ms,2026-06-01T08:50:00+00:00,1
cart-service,T522,Slow response detected endpoint=/api/cart latency=1657ms,2026-06-01T08:50:00+00:00,1
order-service,T005,Cart service call succeeded,2026-06-01T08:50:00+00:00,7
order-service,T006,Order created orderId=ORD-<NUM> userId=<NUM>,2026-06-01T08:50:00+00:00,9
order-service,T010,Health check passed,2026-06-01T08:50:00+00:00,11
cart-service,T001,Health check passed,2026-06-01T08:55:00+00:00,12
cart-service,T002,Item added to cart for userId=<NUM>,2026-06-01T08:55:00+00:00,13
cart-service,T003,DB query executed table=cart rows=<NUM>,2026-06-01T08:55:00+00:00,8
cart-service,T004,ProductCatalogCache eviction failed: heap pressure too high,2026-06-01T08:55:00+00:00,1
cart-service,T007,GC overhead limit warning: pause=<NUM>ms heap=<NUM>%,2026-06-01T08:55:00+00:00,1
cart-service,T008,Checkout completed orderId=ORD-<NUM>,2026-06-01T08:55:00+00:00,11
cart-service,T009,ProductCatalogCache loaded <NUM> entries,2026-06-01T08:55:00+00:00,14
cart-service,T011,Connection pool nearing limit pool=db connections=<NUM>/<NUM>,2026-06-01T08:55:00+00:00,7
cart-service,T015,Cache warm-up slower than expected startup_ms=<NUM>,2026-06-01T08:55:00+00:00,1
cart-service,T047,Health check response time elevated endpoint=/health latency=156ms,2026-06-01T08:55:00+00:00,1
cart-service,T119,Health check response time elevated endpoint=/health latency=210ms,2026-06-01T08:55:00+00:00,1
cart-service,T158,Health check response time elevated endpoint=/health latency=154ms,2026-06-01T08:55:00+00:00,1
cart-service,T959,Slow response detected endpoint=/api/cart latency=2684ms,2026-06-01T08:55:00+00:00,1
order-service,T005,Cart service call succeeded,2026-06-01T08:55:00+00:00,14
order-service,T006,Order created orderId=ORD-<NUM> userId=<NUM>,2026-06-01T08:55:00+00:00,6
order-service,T010,Health check passed,2026-06-01T08:55:00+00:00,5
order-service,T012,Cart service timeout after <NUM>ms,2026-06-01T08:55:00+00:00,4
cart-service,T001,Health check passed,2026-06-01T09:00:00+00:00,7
cart-service,T002,Item added to cart for userId=<NUM>,2026-06-01T09:00:00+00:00,11
cart-service,T003,DB query executed table=cart rows=<NUM>,2026-06-01T09:00:00+00:00,14
cart-service,T004,ProductCatalogCache eviction failed: heap pressure too high,2026-06-01T09:00:00+00:00,2
cart-service,T007,GC overhead limit warning: pause=<NUM>ms heap=<NUM>%,2026-06-01T09:00:00+00:00,3
cart-service,T008,Checkout completed orderId=ORD-<NUM>,2026-06-01T09:00:00+00:00,10
cart-service,T009,ProductCatalogCache loaded <NUM> entries,2026-06-01T09:00:00+00:00,6
cart-service,T011,Connection pool nearing limit pool=db connections=<NUM>/<NUM>,2026-06-01T09:00:00+00:00,7
cart-service,T015,Cache warm-up slower than expected startup_ms=<NUM>,2026-06-01T09:00:00+00:00,3
cart-service,T059,Health check response time elevated endpoint=/health latency=133ms,2026-06-01T09:00:00+00:00,1
cart-service,T1091,Slow response detected endpoint=/api/cart latency=2971ms,2026-06-01T09:00:00+00:00,1
cart-service,T124,Health check response time elevated endpoint=/health latency=242ms,2026-06-01T09:00:00+00:00,1
cart-service,T221,Slow response detected endpoint=/api/cart latency=664ms,2026-06-01T09:00:00+00:00,1
cart-service,T418,Slow response detected endpoint=/api/cart latency=2112ms,2026-06-01T09:00:00+00:00,1
order-service,T005,Cart service call succeeded,2026-06-01T09:00:00+00:00,9
order-service,T006,Order created orderId=ORD-<NUM> userId=<NUM>,2026-06-01T09:00:00+00:00,9
order-service,T010,Health check passed,2026-06-01T09:00:00+00:00,2
cart-service,T001,Health check passed,2026-06-01T09:05:00+00:00,13
cart-service,T002,Item added to cart for userId=<NUM>,2026-06-01T09:05:00+00:00,12
cart-service,T003,DB query executed table=cart rows=<NUM>,2026-06-01T09:05:00+00:00,13
cart-service,T007,GC overhead limit warning: pause=<NUM>ms heap=<NUM>%,2026-06-01T09:05:00+00:00,8
cart-service,T008,Checkout completed orderId=ORD-<NUM>,2026-06-01T09:05:00+00:00,6
cart-service,T009,ProductCatalogCache loaded <NUM> entries,2026-06-01T09:05:00+00:00,5
cart-service,T011,Connection pool nearing limit pool=db connections=<NUM>/<NUM>,2026-06-01T09:05:00+00:00,2
cart-service,T015,Cache warm-up slower than expected startup_ms=<NUM>,2026-06-01T09:05:00+00:00,3
cart-service,T030,Health check response time elevated endpoint=/health latency=188ms,2026-06-01T09:05:00+00:00,2
cart-service,T034,Health check response time elevated endpoint=/health latency=211ms,2026-06-01T09:05:00+00:00,2
cart-service,T061,Health check response time elevated endpoint=/health latency=168ms,2026-06-01T09:05:00+00:00,1
cart-service,T114,Health check response time elevated endpoint=/health latency=136ms,2026-06-01T09:05:00+00:00,1
cart-service,T417,Slow response detected endpoint=/api/cart latency=2047ms,2026-06-01T09:05:00+00:00,1
cart-service,T429,Slow response detected endpoint=/api/cart latency=1934ms,2026-06-01T09:05:00+00:00,1
order-service,T005,Cart service call succeeded,2026-06-01T09:05:00+00:00,9
order-service,T006,Order created orderId=ORD-<NUM> userId=<NUM>,2026-06-01T09:05:00+00:00,10
order-service,T010,Health check passed,2026-06-01T09:05:00+00:00,6
order-service,T012,Cart service timeout after <NUM>ms,2026-06-01T09:05:00+00:00,1
cart-service,T001,Health check passed,2026-06-01T09:10:00+00:00,21
cart-service,T002,Item added to cart for userId=<NUM>,2026-06-01T09:10:00+00:00,8
cart-service,T003,DB query executed table=cart rows=<NUM>,2026-06-01T09:10:00+00:00,11
cart-service,T004,ProductCatalogCache eviction failed: heap pressure too high,2026-06-01T09:10:00+00:00,1
cart-service,T007,GC overhead limit warning: pause=<NUM>ms heap=<NUM>%,2026-06-01T09:10:00+00:00,2
cart-service,T008,Checkout completed orderId=ORD-<NUM>,2026-06-01T09:10:00+00:00,7
cart-service,T009,ProductCatalogCache loaded <NUM> entries,2026-06-01T09:10:00+00:00,11
cart-service,T011,Connection pool nearing limit pool=db connections=<NUM>/<NUM>,2026-06-01T09:10:00+00:00,7
cart-service,T015,Cache warm-up slower than expected startup_ms=<NUM>,2026-06-01T09:10:00+00:00,2
cart-service,T053,Health check response time elevated endpoint=/health latency=185ms,2026-06-01T09:10:00+00:00,1
cart-service,T064,Health check response time elevated endpoint=/health latency=179ms,2026-06-01T09:10:00+00:00,1
cart-service,T121,Health check response time elevated endpoint=/health latency=219ms,2026-06-01T09:10:00+00:00,1
cart-service,T128,Health check response time elevated endpoint=/health latency=123ms,2026-06-01T09:10:00+00:00,1
cart-service,T186,Slow response detected endpoint=/api/cart latency=855ms,2026-06-01T09:10:00+00:00,1
order-service,T005,Cart service call succeeded,2026-06-01T09:10:00+00:00,7
order-service,T006,Order created orderId=ORD-<NUM> userId=<NUM>,2026-06-01T09:10:00+00:00,6
order-service,T010,Health check passed,2026-06-01T09:10:00+00:00,6
order-service,T012,Cart service timeout after <NUM>ms,2026-06-01T09:10:00+00:00,1
cart-service,T001,Health check passed,2026-06-01T09:15:00+00:00,13
cart-service,T002,Item added to cart for userId=<NUM>,2026-06-01T09:15:00+00:00,12
cart-service,T003,DB query executed table=cart rows=<NUM>,2026-06-01T09:15:00+00:00,11
cart-service,T007,GC overhead limit warning: pause=<NUM>ms heap=<NUM>%,2026-06-01T09:15:00+00:00,3
cart-service,T008,Checkout completed orderId=ORD-<NUM>,2026-06-01T09:15:00+00:00,12
cart-service,T009,ProductCatalogCache loaded <NUM> entries,2026-06-01T09:15:00+00:00,9
cart-service,T011,Connection pool nearing limit pool=db connections=<NUM>/<NUM>,2026-06-01T09:15:00+00:00,3
cart-service,T015,Cache warm-up slower than expected startup_ms=<NUM>,2026-06-01T09:15:00+00:00,7
cart-service,T123,Health check response time elevated endpoint=/health latency=196ms,2026-06-01T09:15:00+00:00,1
cart-service,T446,Health check response time elevated endpoint=/health latency=122ms,2026-06-01T09:15:00+00:00,1
order-service,T005,Cart service call succeeded,2026-06-01T09:15:00+00:00,7
order-service,T006,Order created orderId=ORD-<NUM> userId=<NUM>,2026-06-01T09:15:00+00:00,14
order-service,T010,Health check passed,2026-06-01T09:15:00+00:00,6
order-service,T012,Cart service timeout after <NUM>ms,2026-06-01T09:15:00+00:00,1
cart-service,T001,Health check passed,2026-06-01T09:20:00+00:00,12
cart-service,T002,Item added to cart for userId=<NUM>,2026-06-01T09:20:00+00:00,9
cart-service,T003,DB query executed table=cart rows=<NUM>,2026-06-01T09:20:00+00:00,17
cart-service,T007,GC overhead limit warning: pause=<NUM>ms heap=<NUM>%,2026-06-01T09:20:00+00:00,2
cart-service,T008,Checkout completed orderId=ORD-<NUM>,2026-06-01T09:20:00+00:00,10
cart-service,T009,ProductCatalogCache loaded <NUM> entries,2026-06-01T09:20:00+00:00,6
cart-service,T011,Connection pool nearing limit pool=db connections=<NUM>/<NUM>,2026-06-01T09:20:00+00:00,6
cart-service,T015,Cache warm-up slower than expected startup_ms=<NUM>,2026-06-01T09:20:00+00:00,8
cart-service,T035,Health check response time elevated endpoint=/health latency=201ms,2026-06-01T09:20:00+00:00,1
cart-service,T056,Health check response time elevated endpoint=/health latency=241ms,2026-06-01T09:20:00+00:00,1
cart-service,T684,Slow response detected endpoint=/api/cart latency=1541ms,2026-06-01T09:20:00+00:00,1
order-service,T005,Cart service call succeeded,2026-06-01T09:20:00+00:00,15
order-service,T006,Order created orderId=ORD-<NUM> userId=<NUM>,2026-06-01T09:20:00+00:00,9
order-service,T010,Health check passed,2026-06-01T09:20:00+00:00,2
order-service,T012,Cart service timeout after <NUM>ms,2026-06-01T09:20:00+00:00,1
cart-service,T001,Health check passed,2026-06-01T09:25:00+00:00,15
cart-service,T002,Item added to cart for userId=<NUM>,2026-06-01T09:25:00+00:00,11
cart-service,T003,DB query executed table=cart rows=<NUM>,2026-06-01T09:25:00+00:00,13
cart-service,T004,ProductCatalogCache eviction failed: heap pressure too high,2026-06-01T09:25:00+00:00,2
cart-service,T007,GC overhead limit warning: pause=<NUM>ms heap=<NUM>%,2026-06-01T09:25:00+00:00,2
cart-service,T008,Checkout completed orderId=ORD-<NUM>,2026-06-01T09:25:00+00:00,6
cart-service,T009,ProductCatalogCache loaded <NUM> entries,2026-06-01T09:25:00+00:00,15
cart-service,T011,Connection pool nearing limit pool=db connections=<NUM>/<NUM>,2026-06-01T09:25:00+00:00,6
cart-service,T015,Cache warm-up slower than expected startup_ms=<NUM>,2026-06-01T09:25:00+00:00,5
cart-service,T027,Health check response time elevated endpoint=/health latency=244ms,2026-06-01T09:25:00+00:00,1
cart-service,T039,Health check response time elevated endpoint=/health latency=215ms,2026-06-01T09:25:00+00:00,1
cart-service,T077,Health check response time elevated endpoint=/health latency=199ms,2026-06-01T09:25:00+00:00,1
cart-service,T082,Health check response time elevated endpoint=/health latency=207ms,2026-06-01T09:25:00+00:00,1
order-service,T005,Cart service call succeeded,2026-06-01T09:25:00+00:00,8
order-service,T006,Order created orderId=ORD-<NUM> userId=<NUM>,2026-06-01T09:25:00+00:00,7
order-service,T010,Health check passed,2026-06-01T09:25:00+00:00,8
order-service,T012,Cart service timeout after <NUM>ms,2026-06-01T09:25:00+00:00,3
cart-service,T001,Health check passed,2026-06-01T09:30:00+00:00,17
cart-service,T002,Item added to cart for userId=<NUM>,2026-06-01T09:30:00+00:00,13
cart-service,T003,DB query executed table=cart rows=<NUM>,2026-06-01T09:30:00+00:00,8
cart-service,T004,ProductCatalogCache eviction failed: heap pressure too high,2026-06-01T09:30:00+00:00,1
cart-service,T007,GC overhead limit warning: pause=<NUM>ms heap=<NUM>%,2026-06-01T09:30:00+00:00,2
cart-service,T008,Checkout completed orderId=ORD-<NUM>,2026-06-01T09:30:00+00:00,2
cart-service,T009,ProductCatalogCache loaded <NUM> entries,2026-06-01T09:30:00+00:00,10
cart-service,T011,Connection pool nearing limit pool=db connections=<NUM>/<NUM>,2026-06-01T09:30:00+00:00,7
cart-service,T015,Cache warm-up slower than expected startup_ms=<NUM>,2026-06-01T09:30:00+00:00,3
cart-service,T1218,Slow response detected endpoint=/api/cart latency=720ms,2026-06-01T09:30:00+00:00,1
cart-service,T902,Slow response detected endpoint=/api/cart latency=2582ms,2026-06-01T09:30:00+00:00,1
order-service,T005,Cart service call succeeded,2026-06-01T09:30:00+00:00,8
order-service,T006,Order created orderId=ORD-<NUM> userId=<NUM>,2026-06-01T09:30:00+00:00,8
order-service,T010,Health check passed,2026-06-01T09:30:00+00:00,12
order-service,T012,Cart service timeout after <NUM>ms,2026-06-01T09:30:00+00:00,3
cart-service,T001,Health check passed,2026-06-01T09:35:00+00:00,12
cart-service,T002,Item added to cart for userId=<NUM>,2026-06-01T09:35:00+00:00,17
cart-service,T003,DB query executed table=cart rows=<NUM>,2026-06-01T09:35:00+00:00,13
cart-service,T004,ProductCatalogCache eviction failed: heap pressure too high,2026-06-01T09:35:00+00:00,1
cart-service,T007,GC overhead limit warning: pause=<NUM>ms heap=<NUM>%,2026-06-01T09:35:00+00:00,5
cart-service,T008,Checkout completed orderId=ORD-<NUM>,2026-06-01T09:35:00+00:00,9
cart-service,T009,ProductCatalogCache loaded <NUM> entries,2026-06-01T09:35:00+00:00,7
cart-service,T011,Connection pool nearing limit pool=db connections=<NUM>/<NUM>,2026-06-01T09:35:00+00:00,4
cart-service,T015,Cache warm-up slower than expected startup_ms=<NUM>,2026-06-01T09:35:00+00:00,4
cart-service,T061,Health check response time elevated endpoint=/health latency=168ms,2026-06-01T09:35:00+00:00,1
cart-service,T389,Slow response detected endpoint=/api/cart latency=1556ms,2026-06-01T09:35:00+00:00,1
cart-service,T832,Slow response detected endpoint=/api/cart latency=2422ms,2026-06-01T09:35:00+00:00,1
order-service,T005,Cart service call succeeded,2026-06-01T09:35:00+00:00,11
order-service,T006,Order created orderId=ORD-<NUM> userId=<NUM>,2026-06-01T09:35:00+00:00,9
order-service,T010,Health check passed,2026-06-01T09:35:00+00:00,10
cart-service,T001,Health check passed,2026-06-01T09:40:00+00:00,13
cart-service,T002,Item added to cart for userId=<NUM>,2026-06-01T09:40:00+00:00,15
cart-service,T003,DB query executed table=cart rows=<NUM>,2026-06-01T09:40:00+00:00,16
cart-service,T007,GC overhead limit warning: pause=<NUM>ms heap=<NUM>%,2026-06-01T09:40:00+00:00,5
cart-service,T008,Checkout completed orderId=ORD-<NUM>,2026-06-01T09:40:00+00:00,5
cart-service,T009,ProductCatalogCache loaded <NUM> entries,2026-06-01T09:40:00+00:00,9
cart-service,T011,Connection pool nearing limit pool=db connections=<NUM>/<NUM>,2026-06-01T09:40:00+00:00,4
cart-service,T015,Cache warm-up slower than expected startup_ms=<NUM>,2026-06-01T09:40:00+00:00,3
cart-service,T075,Health check response time elevated endpoint=/health latency=137ms,2026-06-01T09:40:00+00:00,1
cart-service,T094,Health check response time elevated endpoint=/health latency=193ms,2026-06-01T09:40:00+00:00,1
order-service,T005,Cart service call succeeded,2026-06-01T09:40:00+00:00,7
order-service,T006,Order created orderId=ORD-<NUM> userId=<NUM>,2026-06-01T09:40:00+00:00,7
order-service,T010,Health check passed,2026-06-01T09:40:00+00:00,5
cart-service,T001,Health check passed,2026-06-01T09:45:00+00:00,7
cart-service,T002,Item added to cart for userId=<NUM>,2026-06-01T09:45:00+00:00,12
cart-service,T003,DB query executed table=cart rows=<NUM>,2026-06-01T09:45:00+00:00,7
cart-service,T004,ProductCatalogCache eviction failed: heap pressure too high,2026-06-01T09:45:00+00:00,3
cart-service,T007,GC overhead limit warning: pause=<NUM>ms heap=<NUM>%,2026-06-01T09:45:00+00:00,3
cart-service,T008,Checkout completed orderId=ORD-<NUM>,2026-06-01T09:45:00+00:00,9
cart-service,T009,ProductCatalogCache loaded <NUM> entries,2026-06-01T09:45:00+00:00,5
cart-service,T011,Connection pool nearing limit pool=db connections=<NUM>/<NUM>,2026-06-01T09:45:00+00:00,2
cart-service,T015,Cache warm-up slower than expected startup_ms=<NUM>,2026-06-01T09:45:00+00:00,3
cart-service,T037,Health check response time elevated endpoint=/health latency=206ms,2026-06-01T09:45:00+00:00,1
cart-service,T090,Health check response time elevated endpoint=/health latency=175ms,2026-06-01T09:45:00+00:00,1
cart-service,T097,Health check response time elevated endpoint=/health latency=182ms,2026-06-01T09:45:00+00:00,1
cart-service,T113,Slow response detected endpoint=/api/cart latency=1763ms,2026-06-01T09:45:00+00:00,1
cart-service,T868,Slow response detected endpoint=/api/cart latency=2519ms,2026-06-01T09:45:00+00:00,1
order-service,T005,Cart service call succeeded,2026-06-01T09:45:00+00:00,12
order-service,T006,Order created orderId=ORD-<NUM> userId=<NUM>,2026-06-01T09:45:00+00:00,6
order-service,T010,Health check passed,2026-06-01T09:45:00+00:00,7
order-service,T012,Cart service timeout after <NUM>ms,2026-06-01T09:45:00+00:00,2
cart-service,T001,Health check passed,2026-06-01T09:50:00+00:00,10
cart-service,T002,Item added to cart for userId=<NUM>,2026-06-01T09:50:00+00:00,11
cart-service,T003,DB query executed table=cart rows=<NUM>,2026-06-01T09:50:00+00:00,16
cart-service,T004,ProductCatalogCache eviction failed: heap pressure too high,2026-06-01T09:50:00+00:00,1
cart-service,T007,GC overhead limit warning: pause=<NUM>ms heap=<NUM>%,2026-06-01T09:50:00+00:00,3
cart-service,T008,Checkout completed orderId=ORD-<NUM>,2026-06-01T09:50:00+00:00,8
cart-service,T009,ProductCatalogCache loaded <NUM> entries,2026-06-01T09:50:00+00:00,7
cart-service,T011,Connection pool nearing limit pool=db connections=<NUM>/<NUM>,2026-06-01T09:50:00+00:00,2
cart-service,T015,Cache warm-up slower than expected startup_ms=<NUM>,2026-06-01T09:50:00+00:00,3
cart-service,T020,Health check response time elevated endpoint=/health latency=209ms,2026-06-01T09:50:00+00:00,1
cart-service,T158,Health check response time elevated endpoint=/health latency=154ms,2026-06-01T09:50:00+00:00,1
cart-service,T224,Slow response detected endpoint=/api/cart latency=1157ms,2026-06-01T09:50:00+00:00,1
cart-service,T424,Slow response detected endpoint=/api/cart latency=1889ms,2026-06-01T09:50:00+00:00,1
cart-service,T461,Health check response time elevated endpoint=/health latency=227ms,2026-06-01T09:50:00+00:00,1
order-service,T005,Cart service call succeeded,2026-06-01T09:50:00+00:00,7
order-service,T006,Order created orderId=ORD-<NUM> userId=<NUM>,2026-06-01T09:50:00+00:00,11
order-service,T010,Health check passed,2026-06-01T09:50:00+00:00,7
order-service,T012,Cart service timeout after <NUM>ms,2026-06-01T09:50:00+00:00,1
cart-service,T001,Health check passed,2026-06-01T09:55:00+00:00,10
cart-service,T002,Item added to cart for userId=<NUM>,2026-06-01T09:55:00+00:00,10
cart-service,T003,DB query executed table=cart rows=<NUM>,2026-06-01T09:55:00+00:00,6
cart-service,T004,ProductCatalogCache eviction failed: heap pressure too high,2026-06-01T09:55:00+00:00,2
cart-service,T007,GC overhead limit warning: pause=<NUM>ms heap=<NUM>%,2026-06-01T09:55:00+00:00,1
cart-service,T008,Checkout completed orderId=ORD-<NUM>,2026-06-01T09:55:00+00:00,4
cart-service,T009,ProductCatalogCache loaded <NUM> entries,2026-06-01T09:55:00+00:00,13
cart-service,T011,Connection pool nearing limit pool=db connections=<NUM>/<NUM>,2026-06-01T09:55:00+00:00,5
cart-service,T015,Cache warm-up slower than expected startup_ms=<NUM>,2026-06-01T09:55:00+00:00,2
cart-service,T021,Health check response time elevated endpoint=/health latency=139ms,2026-06-01T09:55:00+00:00,1
cart-service,T029,Health check response time elevated endpoint=/health latency=176ms,2026-06-01T09:55:00+00:00,1
order-service,T005,Cart service call succeeded,2026-06-01T09:55:00+00:00,8
order-service,T006,Order created orderId=ORD-<NUM> userId=<NUM>,2026-06-01T09:55:00+00:00,8
order-service,T010,Health check passed,2026-06-01T09:55:00+00:00,6
order-service,T012,Cart service timeout after <NUM>ms,2026-06-01T09:55:00+00:00,2
cart-service,T001,Health check passed,2026-06-01T10:00:00+00:00,10
cart-service,T002,Item added to cart for userId=<NUM>,2026-06-01T10:00:00+00:00,17
cart-service,T003,DB query executed table=cart rows=<NUM>,2026-06-01T10:00:00+00:00,13
cart-service,T004,ProductCatalogCache eviction failed: heap pressure too high,2026-06-01T10:00:00+00:00,2
cart-service,T007,GC overhead limit warning: pause=<NUM>ms heap=<NUM>%,2026-06-01T10:00:00+00:00,4
cart-service,T008,Checkout completed orderId=ORD-<NUM>,2026-06-01T10:00:00+00:00,5
cart-service,T009,ProductCatalogCache loaded <NUM> entries,2026-06-01T10:00:00+00:00,1
cart-service,T011,Connection pool nearing limit pool=db connections=<NUM>/<NUM>,2026-06-01T10:00:00+00:00,4
cart-service,T015,Cache warm-up slower than expected startup_ms=<NUM>,2026-06-01T10:00:00+00:00,4
cart-service,T058,Health check response time elevated endpoint=/health latency=131ms,2026-06-01T10:00:00+00:00,1
cart-service,T073,Health check response time elevated endpoint=/health latency=213ms,2026-06-01T10:00:00+00:00,1
cart-service,T098,Health check response time elevated endpoint=/health latency=183ms,2026-06-01T10:00:00+00:00,1
cart-service,T100,Health check response time elevated endpoint=/health latency=191ms,2026-06-01T10:00:00+00:00,1
cart-service,T123,Health check response time elevated endpoint=/health latency=196ms,2026-06-01T10:00:00+00:00,1
cart-service,T209,Slow response detected endpoint=/api/cart latency=644ms,2026-06-01T10:00:00+00:00,1
cart-service,T255,Slow response detected endpoint=/api/cart latency=1253ms,2026-06-01T10:00:00+00:00,1
cart-service,T439,Health check response time elevated endpoint=/health latency=186ms,2026-06-01T10:00:00+00:00,1
cart-service,T995,Slow response detected endpoint=/api/cart latency=2767ms,2026-06-01T10:00:00+00:00,1
order-service,T005,Cart service call succeeded,2026-06-01T10:00:00+00:00,7
order-service,T006,Order created orderId=ORD-<NUM> userId=<NUM>,2026-06-01T10:00:00+00:00,9
order-service,T010,Health check passed,2026-06-01T10:00:00+00:00,5
order-service,T012,Cart service timeout after <NUM>ms,2026-06-01T10:00:00+00:00,3
cart-service,T001,Health check passed,2026-06-01T10:05:00+00:00,13
cart-service,T002,Item added to cart for userId=<NUM>,2026-06-01T10:05:00+00:00,11
cart-service,T003,DB query executed table=cart rows=<NUM>,2026-06-01T10:05:00+00:00,15
cart-service,T007,GC overhead limit warning: pause=<NUM>ms heap=<NUM>%,2026-06-01T10:05:00+00:00,2
cart-service,T008,Checkout completed orderId=ORD-<NUM>,2026-06-01T10:05:00+00:00,10
cart-service,T009,ProductCatalogCache loaded <NUM> entries,2026-06-01T10:05:00+00:00,6
cart-service,T011,Connection pool nearing limit pool=db connections=<NUM>/<NUM>,2026-06-01T10:05:00+00:00,6
cart-service,T015,Cache warm-up slower than expected startup_ms=<NUM>,2026-06-01T10:05:00+00:00,5
cart-service,T035,Health check response time elevated endpoint=/health latency=201ms,2026-06-01T10:05:00+00:00,1
cart-service,T111,Health check response time elevated endpoint=/health latency=149ms,2026-06-01T10:05:00+00:00,1
cart-service,T1169,Slow response detected endpoint=/api/cart latency=609ms,2026-06-01T10:05:00+00:00,1
cart-service,T253,Health check response time elevated endpoint=/health latency=170ms,2026-06-01T10:05:00+00:00,1
order-service,T005,Cart service call succeeded,2026-06-01T10:05:00+00:00,5
order-service,T006,Order created orderId=ORD-<NUM> userId=<NUM>,2026-06-01T10:05:00+00:00,12
order-service,T010,Health check passed,2026-06-01T10:05:00+00:00,8
order-service,T012,Cart service timeout after <NUM>ms,2026-06-01T10:05:00+00:00,3
cart-service,T001,Health check passed,2026-06-01T10:10:00+00:00,9
cart-service,T002,Item added to cart for userId=<NUM>,2026-06-01T10:10:00+00:00,16
cart-service,T003,DB query executed table=cart rows=<NUM>,2026-06-01T10:10:00+00:00,14
cart-service,T004,ProductCatalogCache eviction failed: heap pressure too high,2026-06-01T10:10:00+00:00,1
cart-service,T007,GC overhead limit warning: pause=<NUM>ms heap=<NUM>%,2026-06-01T10:10:00+00:00,1
cart-service,T008,Checkout completed orderId=ORD-<NUM>,2026-06-01T10:10:00+00:00,7
cart-service,T009,ProductCatalogCache loaded <NUM> entries,2026-06-01T10:10:00+00:00,6
cart-service,T011,Connection pool nearing limit pool=db connections=<NUM>/<NUM>,2026-06-01T10:10:00+00:00,7
cart-service,T015,Cache warm-up slower than expected startup_ms=<NUM>,2026-06-01T10:10:00+00:00,5
cart-service,T055,Health check response time elevated endpoint=/health latency=202ms,2026-06-01T10:10:00+00:00,1
cart-service,T059,Health check response time elevated endpoint=/health latency=133ms,2026-06-01T10:10:00+00:00,1
cart-service,T088,Health check response time elevated endpoint=/health latency=163ms,2026-06-01T10:10:00+00:00,1
cart-service,T990,Slow response detected endpoint=/api/cart latency=2756ms,2026-06-01T10:10:00+00:00,1
order-service,T005,Cart service call succeeded,2026-06-01T10:10:00+00:00,11
order-service,T006,Order created orderId=ORD-<NUM> userId=<NUM>,2026-06-01T10:10:00+00:00,5
order-service,T010,Health check passed,2026-06-01T10:10:00+00:00,11
order-service,T012,Cart service timeout after <NUM>ms,2026-06-01T10:10:00+00:00,1
cart-service,T001,Health check passed,2026-06-01T10:15:00+00:00,12
cart-service,T002,Item added to cart for userId=<NUM>,2026-06-01T10:15:00+00:00,10
cart-service,T003,DB query executed table=cart rows=<NUM>,2026-06-01T10:15:00+00:00,7
cart-service,T004,ProductCatalogCache eviction failed: heap pressure too high,2026-06-01T10:15:00+00:00,3
cart-service,T007,GC overhead limit warning: pause=<NUM>ms heap=<NUM>%,2026-06-01T10:15:00+00:00,3
cart-service,T008,Checkout completed orderId=ORD-<NUM>,2026-06-01T10:15:00+00:00,11
cart-service,T009,ProductCatalogCache loaded <NUM> entries,2026-06-01T10:15:00+00:00,10
cart-service,T011,Connection pool nearing limit pool=db connections=<NUM>/<NUM>,2026-06-01T10:15:00+00:00,4
cart-service,T015,Cache warm-up slower than expected startup_ms=<NUM>,2026-06-01T10:15:00+00:00,5
cart-service,T031,Health check response time elevated endpoint=/health latency=150ms,2026-06-01T10:15:00+00:00,1
cart-service,T092,Health check response time elevated endpoint=/health latency=195ms,2026-06-01T10:15:00+00:00,1
cart-service,T178,Health check response time elevated endpoint=/health latency=135ms,2026-06-01T10:15:00+00:00,1
cart-service,T307,Slow response detected endpoint=/api/cart latency=2522ms,2026-06-01T10:15:00+00:00,1
cart-service,T584,Slow response detected endpoint=/api/cart latency=1599ms,2026-06-01T10:15:00+00:00,1
cart-service,T586,Slow response detected endpoint=/api/cart latency=1602ms,2026-06-01T10:15:00+00:00,1
order-service,T005,Cart service call succeeded,2026-06-01T10:15:00+00:00,8
order-service,T006,Order created orderId=ORD-<NUM> userId=<NUM>,2026-06-01T10:15:00+00:00,8
order-service,T010,Health check passed,2026-06-01T10:15:00+00:00,7
order-service,T012,Cart service timeout after <NUM>ms,2026-06-01T10:15:00+00:00,1
cart-service,T001,Health check passed,2026-06-01T10:20:00+00:00,10
cart-service,T002,Item added to cart for userId=<NUM>,2026-06-01T10:20:00+00:00,20
cart-service,T003,DB query executed table=cart rows=<NUM>,2026-06-01T10:20:00+00:00,4
cart-service,T007,GC overhead limit warning: pause=<NUM>ms heap=<NUM>%,2026-06-01T10:20:00+00:00,3
cart-service,T008,Checkout completed orderId=ORD-<NUM>,2026-06-01T10:20:00+00:00,6
cart-service,T009,ProductCatalogCache loaded <NUM> entries,2026-06-01T10:20:00+00:00,8
cart-service,T011,Connection pool nearing limit pool=db connections=<NUM>/<NUM>,2026-06-01T10:20:00+00:00,4
cart-service,T015,Cache warm-up slower than expected startup_ms=<NUM>,2026-06-01T10:20:00+00:00,4
cart-service,T053,Health check response time elevated endpoint=/health latency=185ms,2026-06-01T10:20:00+00:00,1
cart-service,T077,Health check response time elevated endpoint=/health latency=199ms,2026-06-01T10:20:00+00:00,1
cart-service,T693,Slow response detected endpoint=/api/cart latency=2120ms,2026-06-01T10:20:00+00:00,1
cart-service,T894,Slow response detected endpoint=/api/cart latency=2566ms,2026-06-01T10:20:00+00:00,1
order-service,T005,Cart service call succeeded,2026-06-01T10:20:00+00:00,12
order-service,T006,Order created orderId=ORD-<NUM> userId=<NUM>,2026-06-01T10:20:00+00:00,4
order-service,T010,Health check passed,2026-06-01T10:20:00+00:00,6
order-service,T012,Cart service timeout after <NUM>ms,2026-06-01T10:20:00+00:00,1
cart-service,T001,Health check passed,2026-06-01T10:25:00+00:00,11
cart-service,T002,Item added to cart for userId=<NUM>,2026-06-01T10:25:00+00:00,16
cart-service,T003,DB query executed table=cart rows=<NUM>,2026-06-01T10:25:00+00:00,7
cart-service,T004,ProductCatalogCache eviction failed: heap pressure too high,2026-06-01T10:25:00+00:00,1
cart-service,T007,GC overhead limit warning: pause=<NUM>ms heap=<NUM>%,2026-06-01T10:25:00+00:00,5
cart-service,T008,Checkout completed orderId=ORD-<NUM>,2026-06-01T10:25:00+00:00,6
cart-service,T009,ProductCatalogCache loaded <NUM> entries,2026-06-01T10:25:00+00:00,11
cart-service,T011,Connection pool nearing limit pool=db connections=<NUM>/<NUM>,2026-06-01T10:25:00+00:00,3
cart-service,T015,Cache warm-up slower than expected startup_ms=<NUM>,2026-06-01T10:25:00+00:00,3
cart-service,T078,Health check response time elevated endpoint=/health latency=197ms,2026-06-01T10:25:00+00:00,1
cart-service,T085,Health check response time elevated endpoint=/health latency=153ms,2026-06-01T10:25:00+00:00,1
cart-service,T088,Health check response time elevated endpoint=/health latency=163ms,2026-06-01T10:25:00+00:00,1
order-service,T005,Cart service call succeeded,2026-06-01T10:25:00+00:00,9
order-service,T006,Order created orderId=ORD-<NUM> userId=<NUM>,2026-06-01T10:25:00+00:00,7
order-service,T010,Health check passed,2026-06-01T10:25:00+00:00,6
order-service,T012,Cart service timeout after <NUM>ms,2026-06-01T10:25:00+00:00,2
cart-service,T001,Health check passed,2026-06-01T10:30:00+00:00,14
cart-service,T002,Item added to cart for userId=<NUM>,2026-06-01T10:30:00+00:00,11
cart-service,T003,DB query executed table=cart rows=<NUM>,2026-06-01T10:30:00+00:00,11
cart-service,T004,ProductCatalogCache eviction failed: heap pressure too high,2026-06-01T10:30:00+00:00,3
cart-service,T007,GC overhead limit warning: pause=<NUM>ms heap=<NUM>%,2026-06-01T10:30:00+00:00,3
cart-service,T008,Checkout completed orderId=ORD-<NUM>,2026-06-01T10:30:00+00:00,10
cart-service,T009,ProductCatalogCache loaded <NUM> entries,2026-06-01T10:30:00+00:00,9
cart-service,T011,Connection pool nearing limit pool=db connections=<NUM>/<NUM>,2026-06-01T10:30:00+00:00,5
cart-service,T015,Cache warm-up slower than expected startup_ms=<NUM>,2026-06-01T10:30:00+00:00,4
cart-service,T074,Health check response time elevated endpoint=/health latency=138ms,2026-06-01T10:30:00+00:00,1
cart-service,T094,Health check response time elevated endpoint=/health latency=193ms,2026-06-01T10:30:00+00:00,1
cart-service,T624,Slow response detected endpoint=/api/cart latency=1576ms,2026-06-01T10:30:00+00:00,1
cart-service,T725,Slow response detected endpoint=/api/cart latency=2185ms,2026-06-01T10:30:00+00:00,1
order-service,T005,Cart service call succeeded,2026-06-01T10:30:00+00:00,6
order-service,T006,Order created orderId=ORD-<NUM> userId=<NUM>,2026-06-01T10:30:00+00:00,7
order-service,T010,Health check passed,2026-06-01T10:30:00+00:00,9
cart-service,T001,Health check passed,2026-06-01T10:35:00+00:00,11
cart-service,T002,Item added to cart for userId=<NUM>,2026-06-01T10:35:00+00:00,8
cart-service,T003,DB query executed table=cart rows=<NUM>,2026-06-01T10:35:00+00:00,13
cart-service,T004,ProductCatalogCache eviction failed: heap pressure too high,2026-06-01T10:35:00+00:00,1
cart-service,T007,GC overhead limit warning: pause=<NUM>ms heap=<NUM>%,2026-06-01T10:35:00+00:00,1
cart-service,T008,Checkout completed orderId=ORD-<NUM>,2026-06-01T10:35:00+00:00,10
cart-service,T009,ProductCatalogCache loaded <NUM> entries,2026-06-01T10:35:00+00:00,8
cart-service,T011,Connection pool nearing limit pool=db connections=<NUM>/<NUM>,2026-06-01T10:35:00+00:00,5
cart-service,T015,Cache warm-up slower than expected startup_ms=<NUM>,2026-06-01T10:35:00+00:00,5
cart-service,T036,Health check response time elevated endpoint=/health latency=221ms,2026-06-01T10:35:00+00:00,1
cart-service,T062,Health check response time elevated endpoint=/health latency=167ms,2026-06-01T10:35:00+00:00,1
cart-service,T323,Slow response detected endpoint=/api/cart latency=1425ms,2026-06-01T10:35:00+00:00,1
order-service,T005,Cart service call succeeded,2026-06-01T10:35:00+00:00,5
order-service,T006,Order created orderId=ORD-<NUM> userId=<NUM>,2026-06-01T10:35:00+00:00,10
order-service,T010,Health check passed,2026-06-01T10:35:00+00:00,8
order-service,T012,Cart service timeout after <NUM>ms,2026-06-01T10:35:00+00:00,1
cart-service,T001,Health check passed,2026-06-01T10:40:00+00:00,19
cart-service,T002,Item added to cart for userId=<NUM>,2026-06-01T10:40:00+00:00,9
cart-service,T003,DB query executed table=cart rows=<NUM>,2026-06-01T10:40:00+00:00,12
cart-service,T004,ProductCatalogCache eviction failed: heap pressure too high,2026-06-01T10:40:00+00:00,2
cart-service,T007,GC overhead limit warning: pause=<NUM>ms heap=<NUM>%,2026-06-01T10:40:00+00:00,5
cart-service,T008,Checkout completed orderId=ORD-<NUM>,2026-06-01T10:40:00+00:00,4
cart-service,T009,ProductCatalogCache loaded <NUM> entries,2026-06-01T10:40:00+00:00,6
cart-service,T011,Connection pool nearing limit pool=db connections=<NUM>/<NUM>,2026-06-01T10:40:00+00:00,2
cart-service,T015,Cache warm-up slower than expected startup_ms=<NUM>,2026-06-01T10:40:00+00:00,7
cart-service,T025,Health check response time elevated endpoint=/health latency=225ms,2026-06-01T10:40:00+00:00,1
cart-service,T056,Health check response time elevated endpoint=/health latency=241ms,2026-06-01T10:40:00+00:00,1
cart-service,T477,Slow response detected endpoint=/api/cart latency=902ms,2026-06-01T10:40:00+00:00,1
cart-service,T577,Slow response detected endpoint=/api/cart latency=1892ms,2026-06-01T10:40:00+00:00,1
order-service,T005,Cart service call succeeded,2026-06-01T10:40:00+00:00,14
order-service,T006,Order created orderId=ORD-<NUM> userId=<NUM>,2026-06-01T10:40:00+00:00,11
order-service,T010,Health check passed,2026-06-01T10:40:00+00:00,5
order-service,T012,Cart service timeout after <NUM>ms,2026-06-01T10:40:00+00:00,1
cart-service,T001,Health check passed,2026-06-01T10:45:00+00:00,13
cart-service,T002,Item added to cart for userId=<NUM>,2026-06-01T10:45:00+00:00,16
cart-service,T003,DB query executed table=cart rows=<NUM>,2026-06-01T10:45:00+00:00,15
cart-service,T004,ProductCatalogCache eviction failed: heap pressure too high,2026-06-01T10:45:00+00:00,3
cart-service,T007,GC overhead limit warning: pause=<NUM>ms heap=<NUM>%,2026-06-01T10:45:00+00:00,2
cart-service,T008,Checkout completed orderId=ORD-<NUM>,2026-06-01T10:45:00+00:00,7
cart-service,T009,ProductCatalogCache loaded <NUM> entries,2026-06-01T10:45:00+00:00,5
cart-service,T011,Connection pool nearing limit pool=db connections=<NUM>/<NUM>,2026-06-01T10:45:00+00:00,6
cart-service,T015,Cache warm-up slower than expected startup_ms=<NUM>,2026-06-01T10:45:00+00:00,2
cart-service,T087,Health check response time elevated endpoint=/health latency=157ms,2026-06-01T10:45:00+00:00,1
cart-service,T120,Health check response time elevated endpoint=/health latency=200ms,2026-06-01T10:45:00+00:00,1
order-service,T005,Cart service call succeeded,2026-06-01T10:45:00+00:00,12
order-service,T006,Order created orderId=ORD-<NUM> userId=<NUM>,2026-06-01T10:45:00+00:00,8
order-service,T010,Health check passed,2026-06-01T10:45:00+00:00,5
order-service,T012,Cart service timeout after <NUM>ms,2026-06-01T10:45:00+00:00,1
cart-service,T001,Health check passed,2026-06-01T10:50:00+00:00,15
cart-service,T002,Item added to cart for userId=<NUM>,2026-06-01T10:50:00+00:00,9
cart-service,T003,DB query executed table=cart rows=<NUM>,2026-06-01T10:50:00+00:00,15
cart-service,T004,ProductCatalogCache eviction failed: heap pressure too high,2026-06-01T10:50:00+00:00,1
cart-service,T007,GC overhead limit warning: pause=<NUM>ms heap=<NUM>%,2026-06-01T10:50:00+00:00,2
cart-service,T008,Checkout completed orderId=ORD-<NUM>,2026-06-01T10:50:00+00:00,6
cart-service,T009,ProductCatalogCache loaded <NUM> entries,2026-06-01T10:50:00+00:00,9
cart-service,T011,Connection pool nearing limit pool=db connections=<NUM>/<NUM>,2026-06-01T10:50:00+00:00,4
cart-service,T015,Cache warm-up slower than expected startup_ms=<NUM>,2026-06-01T10:50:00+00:00,3
cart-service,T043,Health check response time elevated endpoint=/health latency=190ms,2026-06-01T10:50:00+00:00,1
cart-service,T055,Health check response time elevated endpoint=/health latency=202ms,2026-06-01T10:50:00+00:00,1
cart-service,T071,Health check response time elevated endpoint=/health latency=220ms,2026-06-01T10:50:00+00:00,1
cart-service,T265,Slow response detected endpoint=/api/cart latency=2880ms,2026-06-01T10:50:00+00:00,1
cart-service,T770,Slow response detected endpoint=/api/cart latency=2343ms,2026-06-01T10:50:00+00:00,1
order-service,T005,Cart service call succeeded,2026-06-01T10:50:00+00:00,14
order-service,T006,Order created orderId=ORD-<NUM> userId=<NUM>,2026-06-01T10:50:00+00:00,8
order-service,T010,Health check passed,2026-06-01T10:50:00+00:00,4
order-service,T012,Cart service timeout after <NUM>ms,2026-06-01T10:50:00+00:00,3
cart-service,T001,Health check passed,2026-06-01T10:55:00+00:00,13
cart-service,T002,Item added to cart for userId=<NUM>,2026-06-01T10:55:00+00:00,14
cart-service,T003,DB query executed table=cart rows=<NUM>,2026-06-01T10:55:00+00:00,4
cart-service,T004,ProductCatalogCache eviction failed: heap pressure too high,2026-06-01T10:55:00+00:00,3
cart-service,T007,GC overhead limit warning: pause=<NUM>ms heap=<NUM>%,2026-06-01T10:55:00+00:00,1
cart-service,T008,Checkout completed orderId=ORD-<NUM>,2026-06-01T10:55:00+00:00,16
cart-service,T009,ProductCatalogCache loaded <NUM> entries,2026-06-01T10:55:00+00:00,6
cart-service,T011,Connection pool nearing limit pool=db connections=<NUM>/<NUM>,2026-06-01T10:55:00+00:00,5
cart-service,T015,Cache warm-up slower than expected startup_ms=<NUM>,2026-06-01T10:55:00+00:00,7
cart-service,T023,Health check response time elevated endpoint=/health latency=226ms,2026-06-01T10:55:00+00:00,1
cart-service,T036,Health check response time elevated endpoint=/health latency=221ms,2026-06-01T10:55:00+00:00,1
cart-service,T040,Health check response time elevated endpoint=/health latency=203ms,2026-06-01T10:55:00+00:00,1
cart-service,T041,Health check response time elevated endpoint=/health latency=214ms,2026-06-01T10:55:00+00:00,1
cart-service,T066,Health check response time elevated endpoint=/health latency=235ms,2026-06-01T10:55:00+00:00,1
cart-service,T084,Health check response time elevated endpoint=/health latency=169ms,2026-06-01T10:55:00+00:00,1
cart-service,T115,Health check response time elevated endpoint=/health latency=145ms,2026-06-01T10:55:00+00:00,1
cart-service,T156,Slow response detected endpoint=/api/cart latency=1392ms,2026-06-01T10:55:00+00:00,1
cart-service,T223,Slow response detected endpoint=/api/cart latency=1162ms,2026-06-01T10:55:00+00:00,1
cart-service,T394,Slow response detected endpoint=/api/cart latency=1534ms,2026-06-01T10:55:00+00:00,1
order-service,T005,Cart service call succeeded,2026-06-01T10:55:00+00:00,7
order-service,T006,Order created orderId=ORD-<NUM> userId=<NUM>,2026-06-01T10:55:00+00:00,7
order-service,T010,Health check passed,2026-06-01T10:55:00+00:00,7
order-service,T012,Cart service timeout after <NUM>ms,2026-06-01T10:55:00+00:00,2
cart-service,T001,Health check passed,2026-06-01T11:00:00+00:00,9
cart-service,T002,Item added to cart for userId=<NUM>,2026-06-01T11:00:00+00:00,12
cart-service,T003,DB query executed table=cart rows=<NUM>,2026-06-01T11:00:00+00:00,12
cart-service,T004,ProductCatalogCache eviction failed: heap pressure too high,2026-06-01T11:00:00+00:00,3
cart-service,T007,GC overhead limit warning: pause=<NUM>ms heap=<NUM>%,2026-06-01T11:00:00+00:00,4
cart-service,T008,Checkout completed orderId=ORD-<NUM>,2026-06-01T11:00:00+00:00,5
cart-service,T009,ProductCatalogCache loaded <NUM> entries,2026-06-01T11:00:00+00:00,8
cart-service,T011,Connection pool nearing limit pool=db connections=<NUM>/<NUM>,2026-06-01T11:00:00+00:00,3
cart-service,T015,Cache warm-up slower than expected startup_ms=<NUM>,2026-06-01T11:00:00+00:00,2
cart-service,T086,Health check response time elevated endpoint=/health latency=140ms,2026-06-01T11:00:00+00:00,1
cart-service,T1092,Slow response detected endpoint=/api/cart latency=2972ms,2026-06-01T11:00:00+00:00,1
cart-service,T1150,Slow response detected endpoint=/api/cart latency=582ms,2026-06-01T11:00:00+00:00,1
order-service,T005,Cart service call succeeded,2026-06-01T11:00:00+00:00,11
order-service,T006,Order created orderId=ORD-<NUM> userId=<NUM>,2026-06-01T11:00:00+00:00,10
order-service,T010,Health check passed,2026-06-01T11:00:00+00:00,4
order-service,T012,Cart service timeout after <NUM>ms,2026-06-01T11:00:00+00:00,1
cart-service,T001,Health check passed,2026-06-01T11:05:00+00:00,13
cart-service,T002,Item added to cart for userId=<NUM>,2026-06-01T11:05:00+00:00,14
cart-service,T003,DB query executed table=cart rows=<NUM>,2026-06-01T11:05:00+00:00,15
cart-service,T004,ProductCatalogCache eviction failed: heap pressure too high,2026-06-01T11:05:00+00:00,2
cart-service,T007,GC overhead limit warning: pause=<NUM>ms heap=<NUM>%,2026-06-01T11:05:00+00:00,3
cart-service,T008,Checkout completed orderId=ORD-<NUM>,2026-06-01T11:05:00+00:00,4
cart-service,T009,ProductCatalogCache loaded <NUM> entries,2026-06-01T11:05:00+00:00,4
cart-service,T011,Connection pool nearing limit pool=db connections=<NUM>/<NUM>,2026-06-01T11:05:00+00:00,1
cart-service,T015,Cache warm-up slower than expected startup_ms=<NUM>,2026-06-01T11:05:00+00:00,3
cart-service,T042,Health check response time elevated endpoint=/health latency=216ms,2026-06-01T11:05:00+00:00,2
cart-service,T045,Health check response time elevated endpoint=/health latency=148ms,2026-06-01T11:05:00+00:00,1
cart-service,T073,Health check response time elevated endpoint=/health latency=213ms,2026-06-01T11:05:00+00:00,1
cart-service,T080,Health check response time elevated endpoint=/health latency=208ms,2026-06-01T11:05:00+00:00,1
cart-service,T1004,Slow response detected endpoint=/api/cart latency=2844ms,2026-06-01T11:05:00+00:00,1
cart-service,T1026,Slow response detected endpoint=/api/cart latency=1284ms,2026-06-01T11:05:00+00:00,1
cart-service,T126,Health check response time elevated endpoint=/health latency=229ms,2026-06-01T11:05:00+00:00,1
order-service,T005,Cart service call succeeded,2026-06-01T11:05:00+00:00,10
order-service,T006,Order created orderId=ORD-<NUM> userId=<NUM>,2026-06-01T11:05:00+00:00,8
order-service,T010,Health check passed,2026-06-01T11:05:00+00:00,9
order-service,T012,Cart service timeout after <NUM>ms,2026-06-01T11:05:00+00:00,2
cart-service,T001,Health check passed,2026-06-01T11:10:00+00:00,14
cart-service,T002,Item added to cart for userId=<NUM>,2026-06-01T11:10:00+00:00,11
cart-service,T003,DB query executed table=cart rows=<NUM>,2026-06-01T11:10:00+00:00,18
cart-service,T004,ProductCatalogCache eviction failed: heap pressure too high,2026-06-01T11:10:00+00:00,2
cart-service,T007,GC overhead limit warning: pause=<NUM>ms heap=<NUM>%,2026-06-01T11:10:00+00:00,3
cart-service,T008,Checkout completed orderId=ORD-<NUM>,2026-06-01T11:10:00+00:00,10
cart-service,T009,ProductCatalogCache loaded <NUM> entries,2026-06-01T11:10:00+00:00,10
cart-service,T011,Connection pool nearing limit pool=db connections=<NUM>/<NUM>,2026-06-01T11:10:00+00:00,4
cart-service,T015,Cache warm-up slower than expected startup_ms=<NUM>,2026-06-01T11:10:00+00:00,4
cart-service,T026,Health check response time elevated endpoint=/health latency=171ms,2026-06-01T11:10:00+00:00,1
cart-service,T057,Health check response time elevated endpoint=/health latency=237ms,2026-06-01T11:10:00+00:00,1
cart-service,T062,Health check response time elevated endpoint=/health latency=167ms,2026-06-01T11:10:00+00:00,1
cart-service,T089,Health check response time elevated endpoint=/health latency=166ms,2026-06-01T11:10:00+00:00,1
cart-service,T120,Health check response time elevated endpoint=/health latency=200ms,2026-06-01T11:10:00+00:00,1
cart-service,T446,Health check response time elevated endpoint=/health latency=122ms,2026-06-01T11:10:00+00:00,1
order-service,T005,Cart service call succeeded,2026-06-01T11:10:00+00:00,13
order-service,T006,Order created orderId=ORD-<NUM> userId=<NUM>,2026-06-01T11:10:00+00:00,7
order-service,T010,Health check passed,2026-06-01T11:10:00+00:00,7
order-service,T012,Cart service timeout after <NUM>ms,2026-06-01T11:10:00+00:00,1
cart-service,T001,Health check passed,2026-06-01T11:15:00+00:00,14
cart-service,T002,Item added to cart for userId=<NUM>,2026-06-01T11:15:00+00:00,12
cart-service,T003,DB query executed table=cart rows=<NUM>,2026-06-01T11:15:00+00:00,8
cart-service,T004,ProductCatalogCache eviction failed: heap pressure too high,2026-06-01T11:15:00+00:00,2
cart-service,T007,GC overhead limit warning: pause=<NUM>ms heap=<NUM>%,2026-06-01T11:15:00+00:00,1
cart-service,T008,Checkout completed orderId=ORD-<NUM>,2026-06-01T11:15:00+00:00,10
cart-service,T009,ProductCatalogCache loaded <NUM> entries,2026-06-01T11:15:00+00:00,6
cart-service,T011,Connection pool nearing limit pool=db connections=<NUM>/<NUM>,2026-06-01T11:15:00+00:00,2
cart-service,T015,Cache warm-up slower than expected startup_ms=<NUM>,2026-06-01T11:15:00+00:00,3
cart-service,T024,Health check response time elevated endpoint=/health latency=212ms,2026-06-01T11:15:00+00:00,1
cart-service,T029,Health check response time elevated endpoint=/health latency=176ms,2026-06-01T11:15:00+00:00,1
cart-service,T030,Health check response time elevated endpoint=/health latency=188ms,2026-06-01T11:15:00+00:00,1
cart-service,T032,Health check response time elevated endpoint=/health latency=174ms,2026-06-01T11:15:00+00:00,1
cart-service,T194,Slow response detected endpoint=/api/cart latency=1044ms,2026-06-01T11:15:00+00:00,1
order-service,T005,Cart service call succeeded,2026-06-01T11:15:00+00:00,10
order-service,T006,Order created orderId=ORD-<NUM> userId=<NUM>,2026-06-01T11:15:00+00:00,11
order-service,T010,Health check passed,2026-06-01T11:15:00+00:00,6
order-service,T012,Cart service timeout after <NUM>ms,2026-06-01T11:15:00+00:00,2
cart-service,T001,Health check passed,2026-06-01T11:20:00+00:00,20
cart-service,T002,Item added to cart for userId=<NUM>,2026-06-01T11:20:00+00:00,14
cart-service,T003,DB query executed table=cart rows=<NUM>,2026-06-01T11:20:00+00:00,15
cart-service,T007,GC overhead limit warning: pause=<NUM>ms heap=<NUM>%,2026-06-01T11:20:00+00:00,4
cart-service,T008,Checkout completed orderId=ORD-<NUM>,2026-06-01T11:20:00+00:00,6
cart-service,T009,ProductCatalogCache loaded <NUM> entries,2026-06-01T11:20:00+00:00,8
cart-service,T011,Connection pool nearing limit pool=db connections=<NUM>/<NUM>,2026-06-01T11:20:00+00:00,3
cart-service,T015,Cache warm-up slower than expected startup_ms=<NUM>,2026-06-01T11:20:00+00:00,3
cart-service,T064,Health check response time elevated endpoint=/health latency=179ms,2026-06-01T11:20:00+00:00,1
cart-service,T115,Health check response time elevated endpoint=/health latency=145ms,2026-06-01T11:20:00+00:00,1
cart-service,T564,Slow response detected endpoint=/api/cart latency=1834ms,2026-06-01T11:20:00+00:00,1
order-service,T005,Cart service call succeeded,2026-06-01T11:20:00+00:00,10
order-service,T006,Order created orderId=ORD-<NUM> userId=<NUM>,2026-06-01T11:20:00+00:00,4
order-service,T010,Health check passed,2026-06-01T11:20:00+00:00,4
cart-service,T001,Health check passed,2026-06-01T11:25:00+00:00,14
cart-service,T002,Item added to cart for userId=<NUM>,2026-06-01T11:25:00+00:00,9
cart-service,T003,DB query executed table=cart rows=<NUM>,2026-06-01T11:25:00+00:00,14
cart-service,T008,Checkout completed orderId=ORD-<NUM>,2026-06-01T11:25:00+00:00,14
cart-service,T009,ProductCatalogCache loaded <NUM> entries,2026-06-01T11:25:00+00:00,7
cart-service,T011,Connection pool nearing limit pool=db connections=<NUM>/<NUM>,2026-06-01T11:25:00+00:00,4
cart-service,T015,Cache warm-up slower than expected startup_ms=<NUM>,2026-06-01T11:25:00+00:00,5
cart-service,T061,Health check response time elevated endpoint=/health latency=168ms,2026-06-01T11:25:00+00:00,1
cart-service,T124,Health check response time elevated endpoint=/health latency=242ms,2026-06-01T11:25:00+00:00,1
cart-service,T1317,Health check response time elevated endpoint=/health latency=127ms,2026-06-01T11:25:00+00:00,1
cart-service,T224,Slow response detected endpoint=/api/cart latency=1157ms,2026-06-01T11:25:00+00:00,1
cart-service,T399,Slow response detected endpoint=/api/cart latency=2201ms,2026-06-01T11:25:00+00:00,1
cart-service,T754,Slow response detected endpoint=/api/cart latency=2254ms,2026-06-01T11:25:00+00:00,1
order-service,T005,Cart service call succeeded,2026-06-01T11:25:00+00:00,14
order-service,T006,Order created orderId=ORD-<NUM> userId=<NUM>,2026-06-01T11:25:00+00:00,12
order-service,T010,Health check passed,2026-06-01T11:25:00+00:00,5
order-service,T012,Cart service timeout after <NUM>ms,2026-06-01T11:25:00+00:00,1
cart-service,T001,Health check passed,2026-06-01T11:30:00+00:00,10
cart-service,T002,Item added to cart for userId=<NUM>,2026-06-01T11:30:00+00:00,15
cart-service,T003,DB query executed table=cart rows=<NUM>,2026-06-01T11:30:00+00:00,9
cart-service,T004,ProductCatalogCache eviction failed: heap pressure too high,2026-06-01T11:30:00+00:00,4
cart-service,T007,GC overhead limit warning: pause=<NUM>ms heap=<NUM>%,2026-06-01T11:30:00+00:00,1
cart-service,T008,Checkout completed orderId=ORD-<NUM>,2026-06-01T11:30:00+00:00,10
cart-service,T009,ProductCatalogCache loaded <NUM> entries,2026-06-01T11:30:00+00:00,10
cart-service,T011,Connection pool nearing limit pool=db connections=<NUM>/<NUM>,2026-06-01T11:30:00+00:00,10
cart-service,T015,Cache warm-up slower than expected startup_ms=<NUM>,2026-06-01T11:30:00+00:00,5
cart-service,T050,Health check response time elevated endpoint=/health latency=180ms,2026-06-01T11:30:00+00:00,1
cart-service,T096,Health check response time elevated endpoint=/health latency=142ms,2026-06-01T11:30:00+00:00,1
cart-service,T360,Slow response detected endpoint=/api/cart latency=1479ms,2026-06-01T11:30:00+00:00,1
order-service,T005,Cart service call succeeded,2026-06-01T11:30:00+00:00,12
order-service,T006,Order created orderId=ORD-<NUM> userId=<NUM>,2026-06-01T11:30:00+00:00,4
order-service,T010,Health check passed,2026-06-01T11:30:00+00:00,7
cart-service,T001,Health check passed,2026-06-01T11:35:00+00:00,11
cart-service,T002,Item added to cart for userId=<NUM>,2026-06-01T11:35:00+00:00,14
cart-service,T003,DB query executed table=cart rows=<NUM>,2026-06-01T11:35:00+00:00,11
cart-service,T004,ProductCatalogCache eviction failed: heap pressure too high,2026-06-01T11:35:00+00:00,6
cart-service,T007,GC overhead limit warning: pause=<NUM>ms heap=<NUM>%,2026-06-01T11:35:00+00:00,3
cart-service,T008,Checkout completed orderId=ORD-<NUM>,2026-06-01T11:35:00+00:00,6
cart-service,T009,ProductCatalogCache loaded <NUM> entries,2026-06-01T11:35:00+00:00,8
cart-service,T011,Connection pool nearing limit pool=db connections=<NUM>/<NUM>,2026-06-01T11:35:00+00:00,4
cart-service,T015,Cache warm-up slower than expected startup_ms=<NUM>,2026-06-01T11:35:00+00:00,3
cart-service,T026,Health check response time elevated endpoint=/health latency=171ms,2026-06-01T11:35:00+00:00,1
cart-service,T036,Health check response time elevated endpoint=/health latency=221ms,2026-06-01T11:35:00+00:00,1
cart-service,T066,Health check response time elevated endpoint=/health latency=235ms,2026-06-01T11:35:00+00:00,1
cart-service,T070,Health check response time elevated endpoint=/health latency=162ms,2026-06-01T11:35:00+00:00,1
cart-service,T089,Health check response time elevated endpoint=/health latency=166ms,2026-06-01T11:35:00+00:00,1
cart-service,T232,Slow response detected endpoint=/api/cart latency=573ms,2026-06-01T11:35:00+00:00,1
cart-service,T651,Slow response detected endpoint=/api/cart latency=2101ms,2026-06-01T11:35:00+00:00,1
cart-service,T806,Slow response detected endpoint=/api/cart latency=2374ms,2026-06-01T11:35:00+00:00,1
order-service,T005,Cart service call succeeded,2026-06-01T11:35:00+00:00,10
order-service,T006,Order created orderId=ORD-<NUM> userId=<NUM>,2026-06-01T11:35:00+00:00,5
order-service,T010,Health check passed,2026-06-01T11:35:00+00:00,8
order-service,T012,Cart service timeout after <NUM>ms,2026-06-01T11:35:00+00:00,3
cart-service,T001,Health check passed,2026-06-01T11:40:00+00:00,14
cart-service,T002,Item added to cart for userId=<NUM>,2026-06-01T11:40:00+00:00,8
cart-service,T003,DB query executed table=cart rows=<NUM>,2026-06-01T11:40:00+00:00,13
cart-service,T004,ProductCatalogCache eviction failed: heap pressure too high,2026-06-01T11:40:00+00:00,3
cart-service,T007,GC overhead limit warning: pause=<NUM>ms heap=<NUM>%,2026-06-01T11:40:00+00:00,2
cart-service,T008,Checkout completed orderId=ORD-<NUM>,2026-06-01T11:40:00+00:00,8
cart-service,T009,ProductCatalogCache loaded <NUM> entries,2026-06-01T11:40:00+00:00,7
cart-service,T011,Connection pool nearing limit pool=db connections=<NUM>/<NUM>,2026-06-01T11:40:00+00:00,7
cart-service,T015,Cache warm-up slower than expected startup_ms=<NUM>,2026-06-01T11:40:00+00:00,4
cart-service,T033,Health check response time elevated endpoint=/health latency=204ms,2026-06-01T11:40:00+00:00,1
cart-service,T1204,Slow response detected endpoint=/api/cart latency=681ms,2026-06-01T11:40:00+00:00,1
cart-service,T696,Slow response detected endpoint=/api/cart latency=2125ms,2026-06-01T11:40:00+00:00,1
cart-service,T774,Slow response detected endpoint=/api/cart latency=2279ms,2026-06-01T11:40:00+00:00,1
order-service,T005,Cart service call succeeded,2026-06-01T11:40:00+00:00,10
order-service,T006,Order created orderId=ORD-<NUM> userId=<NUM>,2026-06-01T11:40:00+00:00,11
order-service,T010,Health check passed,2026-06-01T11:40:00+00:00,4
order-service,T012,Cart service timeout after <NUM>ms,2026-06-01T11:40:00+00:00,2
cart-service,T001,Health check passed,2026-06-01T11:45:00+00:00,15
cart-service,T002,Item added to cart for userId=<NUM>,2026-06-01T11:45:00+00:00,14
cart-service,T003,DB query executed table=cart rows=<NUM>,2026-06-01T11:45:00+00:00,10
cart-service,T004,ProductCatalogCache eviction failed: heap pressure too high,2026-06-01T11:45:00+00:00,2
cart-service,T007,GC overhead limit warning: pause=<NUM>ms heap=<NUM>%,2026-06-01T11:45:00+00:00,5
cart-service,T008,Checkout completed orderId=ORD-<NUM>,2026-06-01T11:45:00+00:00,12
cart-service,T009,ProductCatalogCache loaded <NUM> entries,2026-06-01T11:45:00+00:00,6
cart-service,T011,Connection pool nearing limit pool=db connections=<NUM>/<NUM>,2026-06-01T11:45:00+00:00,3
cart-service,T015,Cache warm-up slower than expected startup_ms=<NUM>,2026-06-01T11:45:00+00:00,3
cart-service,T022,Health check response time elevated endpoint=/health latency=243ms,2026-06-01T11:45:00+00:00,1
cart-service,T046,Health check response time elevated endpoint=/health latency=147ms,2026-06-01T11:45:00+00:00,1
cart-service,T089,Health check response time elevated endpoint=/health latency=166ms,2026-06-01T11:45:00+00:00,1
cart-service,T521,Slow response detected endpoint=/api/cart latency=1771ms,2026-06-01T11:45:00+00:00,1
cart-service,T608,Slow response detected endpoint=/api/cart latency=1997ms,2026-06-01T11:45:00+00:00,1
order-service,T005,Cart service call succeeded,2026-06-01T11:45:00+00:00,4
order-service,T006,Order created orderId=ORD-<NUM> userId=<NUM>,2026-06-01T11:45:00+00:00,5
order-service,T010,Health check passed,2026-06-01T11:45:00+00:00,7
order-service,T012,Cart service timeout after <NUM>ms,2026-06-01T11:45:00+00:00,1
cart-service,T001,Health check passed,2026-06-01T11:50:00+00:00,15
cart-service,T002,Item added to cart for userId=<NUM>,2026-06-01T11:50:00+00:00,13
cart-service,T003,DB query executed table=cart rows=<NUM>,2026-06-01T11:50:00+00:00,16
cart-service,T004,ProductCatalogCache eviction failed: heap pressure too high,2026-06-01T11:50:00+00:00,1
cart-service,T007,GC overhead limit warning: pause=<NUM>ms heap=<NUM>%,2026-06-01T11:50:00+00:00,1
cart-service,T008,Checkout completed orderId=ORD-<NUM>,2026-06-01T11:50:00+00:00,5
cart-service,T009,ProductCatalogCache loaded <NUM> entries,2026-06-01T11:50:00+00:00,10
cart-service,T011,Connection pool nearing limit pool=db connections=<NUM>/<NUM>,2026-06-01T11:50:00+00:00,6
cart-service,T015,Cache warm-up slower than expected startup_ms=<NUM>,2026-06-01T11:50:00+00:00,5
cart-service,T055,Health check response time elevated endpoint=/health latency=202ms,2026-06-01T11:50:00+00:00,1
cart-service,T393,Slow response detected endpoint=/api/cart latency=1545ms,2026-06-01T11:50:00+00:00,1
order-service,T005,Cart service call succeeded,2026-06-01T11:50:00+00:00,12
order-service,T006,Order created orderId=ORD-<NUM> userId=<NUM>,2026-06-01T11:50:00+00:00,6
order-service,T010,Health check passed,2026-06-01T11:50:00+00:00,12
cart-service,T001,Health check passed,2026-06-01T11:55:00+00:00,10
cart-service,T002,Item added to cart for userId=<NUM>,2026-06-01T11:55:00+00:00,16
cart-service,T003,DB query executed table=cart rows=<NUM>,2026-06-01T11:55:00+00:00,15
cart-service,T004,ProductCatalogCache eviction failed: heap pressure too high,2026-06-01T11:55:00+00:00,2
cart-service,T007,GC overhead limit warning: pause=<NUM>ms heap=<NUM>%,2026-06-01T11:55:00+00:00,5
cart-service,T008,Checkout completed orderId=ORD-<NUM>,2026-06-01T11:55:00+00:00,4
cart-service,T009,ProductCatalogCache loaded <NUM> entries,2026-06-01T11:55:00+00:00,8
cart-service,T011,Connection pool nearing limit pool=db connections=<NUM>/<NUM>,2026-06-01T11:55:00+00:00,6
cart-service,T040,Health check response time elevated endpoint=/health latency=203ms,2026-06-01T11:55:00+00:00,1
cart-service,T049,Health check response time elevated endpoint=/health latency=178ms,2026-06-01T11:55:00+00:00,1
cart-service,T073,Health check response time elevated endpoint=/health latency=213ms,2026-06-01T11:55:00+00:00,1
cart-service,T127,Health check response time elevated endpoint=/health latency=233ms,2026-06-01T11:55:00+00:00,1
cart-service,T563,Slow response detected endpoint=/api/cart latency=1626ms,2026-06-01T11:55:00+00:00,1
cart-service,T866,Slow response detected endpoint=/api/cart latency=2514ms,2026-06-01T11:55:00+00:00,1
order-service,T005,Cart service call succeeded,2026-06-01T11:55:00+00:00,6
order-service,T006,Order created orderId=ORD-<NUM> userId=<NUM>,2026-06-01T11:55:00+00:00,7
order-service,T010,Health check passed,2026-06-01T11:55:00+00:00,4
order-service,T012,Cart service timeout after <NUM>ms,2026-06-01T11:55:00+00:00,2
cart-service,T001,Health check passed,2026-06-01T12:00:00+00:00,20
cart-service,T002,Item added to cart for userId=<NUM>,2026-06-01T12:00:00+00:00,11
cart-service,T003,DB query executed table=cart rows=<NUM>,2026-06-01T12:00:00+00:00,6
cart-service,T004,ProductCatalogCache eviction failed: heap pressure too high,2026-06-01T12:00:00+00:00,2
cart-service,T007,GC overhead limit warning: pause=<NUM>ms heap=<NUM>%,2026-06-01T12:00:00+00:00,3
cart-service,T008,Checkout completed orderId=ORD-<NUM>,2026-06-01T12:00:00+00:00,17
cart-service,T009,ProductCatalogCache loaded <NUM> entries,2026-06-01T12:00:00+00:00,6
cart-service,T011,Connection pool nearing limit pool=db connections=<NUM>/<NUM>,2026-06-01T12:00:00+00:00,7
cart-service,T015,Cache warm-up slower than expected startup_ms=<NUM>,2026-06-01T12:00:00+00:00,2
cart-service,T024,Health check response time elevated endpoint=/health latency=212ms,2026-06-01T12:00:00+00:00,1
cart-service,T065,Health check response time elevated endpoint=/health latency=238ms,2026-06-01T12:00:00+00:00,1
cart-service,T1103,Slow response detected endpoint=/api/cart latency=532ms,2026-06-01T12:00:00+00:00,1
cart-service,T1165,Slow response detected endpoint=/api/cart latency=660ms,2026-06-01T12:00:00+00:00,1
cart-service,T1311,Slow response detected endpoint=/api/cart latency=1718ms,2026-06-01T12:00:00+00:00,1
cart-service,T861,Slow response detected endpoint=/api/cart latency=2490ms,2026-06-01T12:00:00+00:00,1
order-service,T005,Cart service call succeeded,2026-06-01T12:00:00+00:00,7
order-service,T006,Order created orderId=ORD-<NUM> userId=<NUM>,2026-06-01T12:00:00+00:00,7
order-service,T010,Health check passed,2026-06-01T12:00:00+00:00,4
order-service,T012,Cart service timeout after <NUM>ms,2026-06-01T12:00:00+00:00,4
cart-service,T001,Health check passed,2026-06-01T12:05:00+00:00,10
cart-service,T002,Item added to cart for userId=<NUM>,2026-06-01T12:05:00+00:00,20
cart-service,T003,DB query executed table=cart rows=<NUM>,2026-06-01T12:05:00+00:00,9
cart-service,T004,ProductCatalogCache eviction failed: heap pressure too high,2026-06-01T12:05:00+00:00,1
cart-service,T007,GC overhead limit warning: pause=<NUM>ms heap=<NUM>%,2026-06-01T12:05:00+00:00,3
cart-service,T008,Checkout completed orderId=ORD-<NUM>,2026-06-01T12:05:00+00:00,10
cart-service,T009,ProductCatalogCache loaded <NUM> entries,2026-06-01T12:05:00+00:00,8
cart-service,T011,Connection pool nearing limit pool=db connections=<NUM>/<NUM>,2026-06-01T12:05:00+00:00,2
cart-service,T015,Cache warm-up slower than expected startup_ms=<NUM>,2026-06-01T12:05:00+00:00,3
cart-service,T019,Health check response time elevated endpoint=/health latency=231ms,2026-06-01T12:05:00+00:00,1
cart-service,T210,Slow response detected endpoint=/api/cart latency=642ms,2026-06-01T12:05:00+00:00,1
cart-service,T255,Slow response detected endpoint=/api/cart latency=1253ms,2026-06-01T12:05:00+00:00,1
cart-service,T730,Slow response detected endpoint=/api/cart latency=2198ms,2026-06-01T12:05:00+00:00,1
cart-service,T840,Slow response detected endpoint=/api/cart latency=1443ms,2026-06-01T12:05:00+00:00,1
order-service,T005,Cart service call succeeded,2026-06-01T12:05:00+00:00,6
order-service,T006,Order created orderId=ORD-<NUM> userId=<NUM>,2026-06-01T12:05:00+00:00,9
order-service,T010,Health check passed,2026-06-01T12:05:00+00:00,7
cart-service,T001,Health check passed,2026-06-01T12:10:00+00:00,15
cart-service,T002,Item added to cart for userId=<NUM>,2026-06-01T12:10:00+00:00,6
cart-service,T003,DB query executed table=cart rows=<NUM>,2026-06-01T12:10:00+00:00,14
cart-service,T007,GC overhead limit warning: pause=<NUM>ms heap=<NUM>%,2026-06-01T12:10:00+00:00,5
cart-service,T008,Checkout completed orderId=ORD-<NUM>,2026-06-01T12:10:00+00:00,10
cart-service,T009,ProductCatalogCache loaded <NUM> entries,2026-06-01T12:10:00+00:00,8
cart-service,T011,Connection pool nearing limit pool=db connections=<NUM>/<NUM>,2026-06-01T12:10:00+00:00,2
cart-service,T015,Cache warm-up slower than expected startup_ms=<NUM>,2026-06-01T12:10:00+00:00,6
cart-service,T049,Health check response time elevated endpoint=/health latency=178ms,2026-06-01T12:10:00+00:00,1
cart-service,T092,Health check response time elevated endpoint=/health latency=195ms,2026-06-01T12:10:00+00:00,1
cart-service,T1029,Slow response detected endpoint=/api/cart latency=2817ms,2026-06-01T12:10:00+00:00,1
cart-service,T175,Health check response time elevated endpoint=/health latency=120ms,2026-06-01T12:10:00+00:00,1
cart-service,T400,Slow response detected endpoint=/api/cart latency=2199ms,2026-06-01T12:10:00+00:00,1
cart-service,T710,Slow response detected endpoint=/api/cart latency=2164ms,2026-06-01T12:10:00+00:00,1
cart-service,T849,Slow response detected endpoint=/api/cart latency=1437ms,2026-06-01T12:10:00+00:00,1
order-service,T005,Cart service call succeeded,2026-06-01T12:10:00+00:00,8
order-service,T006,Order created orderId=ORD-<NUM> userId=<NUM>,2026-06-01T12:10:00+00:00,5
order-service,T010,Health check passed,2026-06-01T12:10:00+00:00,7
order-service,T012,Cart service timeout after <NUM>ms,2026-06-01T12:10:00+00:00,2
cart-service,T001,Health check passed,2026-06-01T12:15:00+00:00,12
cart-service,T002,Item added to cart for userId=<NUM>,2026-06-01T12:15:00+00:00,17
cart-service,T003,DB query executed table=cart rows=<NUM>,2026-06-01T12:15:00+00:00,13
cart-service,T007,GC overhead limit warning: pause=<NUM>ms heap=<NUM>%,2026-06-01T12:15:00+00:00,1
cart-service,T008,Checkout completed orderId=ORD-<NUM>,2026-06-01T12:15:00+00:00,11
cart-service,T009,ProductCatalogCache loaded <NUM> entries,2026-06-01T12:15:00+00:00,3
cart-service,T011,Connection pool nearing limit pool=db connections=<NUM>/<NUM>,2026-06-01T12:15:00+00:00,6
cart-service,T015,Cache warm-up slower than expected startup_ms=<NUM>,2026-06-01T12:15:00+00:00,3
cart-service,T028,Health check response time elevated endpoint=/health latency=222ms,2026-06-01T12:15:00+00:00,1
cart-service,T042,Health check response time elevated endpoint=/health latency=216ms,2026-06-01T12:15:00+00:00,1
cart-service,T048,Health check response time elevated endpoint=/health latency=151ms,2026-06-01T12:15:00+00:00,1
cart-service,T055,Health check response time elevated endpoint=/health latency=202ms,2026-06-01T12:15:00+00:00,1
order-service,T005,Cart service call succeeded,2026-06-01T12:15:00+00:00,12
order-service,T006,Order created orderId=ORD-<NUM> userId=<NUM>,2026-06-01T12:15:00+00:00,9
order-service,T010,Health check passed,2026-06-01T12:15:00+00:00,6
order-service,T012,Cart service timeout after <NUM>ms,2026-06-01T12:15:00+00:00,1
cart-service,T001,Health check passed,2026-06-01T12:20:00+00:00,8
cart-service,T002,Item added to cart for userId=<NUM>,2026-06-01T12:20:00+00:00,10
cart-service,T003,DB query executed table=cart rows=<NUM>,2026-06-01T12:20:00+00:00,13
cart-service,T004,ProductCatalogCache eviction failed: heap pressure too high,2026-06-01T12:20:00+00:00,1
cart-service,T007,GC overhead limit warning: pause=<NUM>ms heap=<NUM>%,2026-06-01T12:20:00+00:00,5
cart-service,T008,Checkout completed orderId=ORD-<NUM>,2026-06-01T12:20:00+00:00,9
cart-service,T009,ProductCatalogCache loaded <NUM> entries,2026-06-01T12:20:00+00:00,9
cart-service,T011,Connection pool nearing limit pool=db connections=<NUM>/<NUM>,2026-06-01T12:20:00+00:00,4
cart-service,T015,Cache warm-up slower than expected startup_ms=<NUM>,2026-06-01T12:20:00+00:00,2
cart-service,T055,Health check response time elevated endpoint=/health latency=202ms,2026-06-01T12:20:00+00:00,1
cart-service,T085,Health check response time elevated endpoint=/health latency=153ms,2026-06-01T12:20:00+00:00,1
cart-service,T1156,Slow response detected endpoint=/api/cart latency=605ms,2026-06-01T12:20:00+00:00,1
cart-service,T128,Health check response time elevated endpoint=/health latency=123ms,2026-06-01T12:20:00+00:00,1
cart-service,T1287,Slow response detected endpoint=/api/cart latency=882ms,2026-06-01T12:20:00+00:00,1
cart-service,T276,Slow response detected endpoint=/api/cart latency=1323ms,2026-06-01T12:20:00+00:00,1
order-service,T005,Cart service call succeeded,2026-06-01T12:20:00+00:00,7
order-service,T006,Order created orderId=ORD-<NUM> userId=<NUM>,2026-06-01T12:20:00+00:00,8
order-service,T010,Health check passed,2026-06-01T12:20:00+00:00,7
cart-service,T001,Health check passed,2026-06-01T12:25:00+00:00,11
cart-service,T002,Item added to cart for userId=<NUM>,2026-06-01T12:25:00+00:00,22
cart-service,T003,DB query executed table=cart rows=<NUM>,2026-06-01T12:25:00+00:00,12
cart-service,T004,ProductCatalogCache eviction failed: heap pressure too high,2026-06-01T12:25:00+00:00,1
cart-service,T007,GC overhead limit warning: pause=<NUM>ms heap=<NUM>%,2026-06-01T12:25:00+00:00,1
cart-service,T008,Checkout completed orderId=ORD-<NUM>,2026-06-01T12:25:00+00:00,9
cart-service,T009,ProductCatalogCache loaded <NUM> entries,2026-06-01T12:25:00+00:00,7
cart-service,T011,Connection pool nearing limit pool=db connections=<NUM>/<NUM>,2026-06-01T12:25:00+00:00,6
cart-service,T015,Cache warm-up slower than expected startup_ms=<NUM>,2026-06-01T12:25:00+00:00,4
cart-service,T022,Health check response time elevated endpoint=/health latency=243ms,2026-06-01T12:25:00+00:00,1
cart-service,T033,Health check response time elevated endpoint=/health latency=204ms,2026-06-01T12:25:00+00:00,1
cart-service,T040,Health check response time elevated endpoint=/health latency=203ms,2026-06-01T12:25:00+00:00,1
cart-service,T063,Health check response time elevated endpoint=/health latency=164ms,2026-06-01T12:25:00+00:00,1
cart-service,T072,Health check response time elevated endpoint=/health latency=239ms,2026-06-01T12:25:00+00:00,1
cart-service,T123,Health check response time elevated endpoint=/health latency=196ms,2026-06-01T12:25:00+00:00,1
cart-service,T841,Slow response detected endpoint=/api/cart latency=1446ms,2026-06-01T12:25:00+00:00,1
order-service,T005,Cart service call succeeded,2026-06-01T12:25:00+00:00,9
order-service,T006,Order created orderId=ORD-<NUM> userId=<NUM>,2026-06-01T12:25:00+00:00,7
order-service,T010,Health check passed,2026-06-01T12:25:00+00:00,7
order-service,T012,Cart service timeout after <NUM>ms,2026-06-01T12:25:00+00:00,1
cart-service,T001,Health check passed,2026-06-01T12:30:00+00:00,18
cart-service,T002,Item added to cart for userId=<NUM>,2026-06-01T12:30:00+00:00,22
cart-service,T003,DB query executed table=cart rows=<NUM>,2026-06-01T12:30:00+00:00,15
cart-service,T004,ProductCatalogCache eviction failed: heap pressure too high,2026-06-01T12:30:00+00:00,1
cart-service,T007,GC overhead limit warning: pause=<NUM>ms heap=<NUM>%,2026-06-01T12:30:00+00:00,2
cart-service,T008,Checkout completed orderId=ORD-<NUM>,2026-06-01T12:30:00+00:00,1
cart-service,T009,ProductCatalogCache loaded <NUM> entries,2026-06-01T12:30:00+00:00,13
cart-service,T011,Connection pool nearing limit pool=db connections=<NUM>/<NUM>,2026-06-01T12:30:00+00:00,3
cart-service,T015,Cache warm-up slower than expected startup_ms=<NUM>,2026-06-01T12:30:00+00:00,2
cart-service,T035,Health check response time elevated endpoint=/health latency=201ms,2026-06-01T12:30:00+00:00,1
cart-service,T039,Health check response time elevated endpoint=/health latency=215ms,2026-06-01T12:30:00+00:00,2
cart-service,T041,Health check response time elevated endpoint=/health latency=214ms,2026-06-01T12:30:00+00:00,1
cart-service,T070,Health check response time elevated endpoint=/health latency=162ms,2026-06-01T12:30:00+00:00,1
cart-service,T100,Health check response time elevated endpoint=/health latency=191ms,2026-06-01T12:30:00+00:00,1
cart-service,T365,Slow response detected endpoint=/api/cart latency=2412ms,2026-06-01T12:30:00+00:00,1
cart-service,T443,Slow response detected endpoint=/api/cart latency=938ms,2026-06-01T12:30:00+00:00,1
cart-service,T620,Slow response detected endpoint=/api/cart latency=1569ms,2026-06-01T12:30:00+00:00,1
order-service,T005,Cart service call succeeded,2026-06-01T12:30:00+00:00,9
order-service,T006,Order created orderId=ORD-<NUM> userId=<NUM>,2026-06-01T12:30:00+00:00,8
order-service,T010,Health check passed,2026-06-01T12:30:00+00:00,8
order-service,T012,Cart service timeout after <NUM>ms,2026-06-01T12:30:00+00:00,3
cart-service,T001,Health check passed,2026-06-01T12:35:00+00:00,13
cart-service,T002,Item added to cart for userId=<NUM>,2026-06-01T12:35:00+00:00,8
cart-service,T003,DB query executed table=cart rows=<NUM>,2026-06-01T12:35:00+00:00,12
cart-service,T007,GC overhead limit warning: pause=<NUM>ms heap=<NUM>%,2026-06-01T12:35:00+00:00,3
cart-service,T008,Checkout completed orderId=ORD-<NUM>,2026-06-01T12:35:00+00:00,3
cart-service,T009,ProductCatalogCache loaded <NUM> entries,2026-06-01T12:35:00+00:00,10
cart-service,T011,Connection pool nearing limit pool=db connections=<NUM>/<NUM>,2026-06-01T12:35:00+00:00,4
cart-service,T015,Cache warm-up slower than expected startup_ms=<NUM>,2026-06-01T12:35:00+00:00,4
cart-service,T022,Health check response time elevated endpoint=/health latency=243ms,2026-06-01T12:35:00+00:00,1
cart-service,T093,Health check response time elevated endpoint=/health latency=165ms,2026-06-01T12:35:00+00:00,1
cart-service,T096,Health check response time elevated endpoint=/health latency=142ms,2026-06-01T12:35:00+00:00,1
cart-service,T106,Health check response time elevated endpoint=/health latency=158ms,2026-06-01T12:35:00+00:00,1
cart-service,T1285,Slow response detected endpoint=/api/cart latency=872ms,2026-06-01T12:35:00+00:00,1
cart-service,T618,Slow response detected endpoint=/api/cart latency=1964ms,2026-06-01T12:35:00+00:00,1
order-service,T005,Cart service call succeeded,2026-06-01T12:35:00+00:00,7
order-service,T006,Order created orderId=ORD-<NUM> userId=<NUM>,2026-06-01T12:35:00+00:00,5
order-service,T010,Health check passed,2026-06-01T12:35:00+00:00,7
cart-service,T001,Health check passed,2026-06-01T12:40:00+00:00,17
cart-service,T002,Item added to cart for userId=<NUM>,2026-06-01T12:40:00+00:00,11
cart-service,T003,DB query executed table=cart rows=<NUM>,2026-06-01T12:40:00+00:00,18
cart-service,T007,GC overhead limit warning: pause=<NUM>ms heap=<NUM>%,2026-06-01T12:40:00+00:00,5
cart-service,T008,Checkout completed orderId=ORD-<NUM>,2026-06-01T12:40:00+00:00,4
cart-service,T009,ProductCatalogCache loaded <NUM> entries,2026-06-01T12:40:00+00:00,6
cart-service,T011,Connection pool nearing limit pool=db connections=<NUM>/<NUM>,2026-06-01T12:40:00+00:00,9
cart-service,T015,Cache warm-up slower than expected startup_ms=<NUM>,2026-06-01T12:40:00+00:00,5
cart-service,T090,Health check response time elevated endpoint=/health latency=175ms,2026-06-01T12:40:00+00:00,1
cart-service,T1235,Slow response detected endpoint=/api/cart latency=756ms,2026-06-01T12:40:00+00:00,1
cart-service,T1300,Slow response detected endpoint=/api/cart latency=1005ms,2026-06-01T12:40:00+00:00,1
cart-service,T274,Slow response detected endpoint=/api/cart latency=2945ms,2026-06-01T12:40:00+00:00,1
cart-service,T294,Slow response detected endpoint=/api/cart latency=1367ms,2026-06-01T12:40:00+00:00,1
order-service,T005,Cart service call succeeded,2026-06-01T12:40:00+00:00,10
order-service,T006,Order created orderId=ORD-<NUM> userId=<NUM>,2026-06-01T12:40:00+00:00,6
order-service,T010,Health check passed,2026-06-01T12:40:00+00:00,5
order-service,T012,Cart service timeout after <NUM>ms,2026-06-01T12:40:00+00:00,1
cart-service,T001,Health check passed,2026-06-01T12:45:00+00:00,15
cart-service,T002,Item added to cart for userId=<NUM>,2026-06-01T12:45:00+00:00,18
cart-service,T003,DB query executed table=cart rows=<NUM>,2026-06-01T12:45:00+00:00,9
cart-service,T007,GC overhead limit warning: pause=<NUM>ms heap=<NUM>%,2026-06-01T12:45:00+00:00,2
cart-service,T008,Checkout completed orderId=ORD-<NUM>,2026-06-01T12:45:00+00:00,6
cart-service,T009,ProductCatalogCache loaded <NUM> entries,2026-06-01T12:45:00+00:00,7
cart-service,T011,Connection pool nearing limit pool=db connections=<NUM>/<NUM>,2026-06-01T12:45:00+00:00,4
cart-service,T015,Cache warm-up slower than expected startup_ms=<NUM>,2026-06-01T12:45:00+00:00,2
cart-service,T023,Health check response time elevated endpoint=/health latency=226ms,2026-06-01T12:45:00+00:00,1
cart-service,T024,Health check response time elevated endpoint=/health latency=212ms,2026-06-01T12:45:00+00:00,1
cart-service,T038,Health check response time elevated endpoint=/health latency=121ms,2026-06-01T12:45:00+00:00,1
cart-service,T046,Health check response time elevated endpoint=/health latency=147ms,2026-06-01T12:45:00+00:00,1
cart-service,T073,Health check response time elevated endpoint=/health latency=213ms,2026-06-01T12:45:00+00:00,1
order-service,T005,Cart service call succeeded,2026-06-01T12:45:00+00:00,13
order-service,T006,Order created orderId=ORD-<NUM> userId=<NUM>,2026-06-01T12:45:00+00:00,10
order-service,T010,Health check passed,2026-06-01T12:45:00+00:00,5
order-service,T012,Cart service timeout after <NUM>ms,2026-06-01T12:45:00+00:00,1
cart-service,T001,Health check passed,2026-06-01T12:50:00+00:00,17
cart-service,T002,Item added to cart for userId=<NUM>,2026-06-01T12:50:00+00:00,10
cart-service,T003,DB query executed table=cart rows=<NUM>,2026-06-01T12:50:00+00:00,16
cart-service,T004,ProductCatalogCache eviction failed: heap pressure too high,2026-06-01T12:50:00+00:00,1
cart-service,T007,GC overhead limit warning: pause=<NUM>ms heap=<NUM>%,2026-06-01T12:50:00+00:00,3
cart-service,T008,Checkout completed orderId=ORD-<NUM>,2026-06-01T12:50:00+00:00,11
cart-service,T009,ProductCatalogCache loaded <NUM> entries,2026-06-01T12:50:00+00:00,7
cart-service,T011,Connection pool nearing limit pool=db connections=<NUM>/<NUM>,2026-06-01T12:50:00+00:00,8
cart-service,T015,Cache warm-up slower than expected startup_ms=<NUM>,2026-06-01T12:50:00+00:00,5
cart-service,T033,Health check response time elevated endpoint=/health latency=204ms,2026-06-01T12:50:00+00:00,1
cart-service,T070,Health check response time elevated endpoint=/health latency=162ms,2026-06-01T12:50:00+00:00,1
cart-service,T308,Slow response detected endpoint=/api/cart latency=984ms,2026-06-01T12:50:00+00:00,1
cart-service,T462,Slow response detected endpoint=/api/cart latency=1820ms,2026-06-01T12:50:00+00:00,1
order-service,T005,Cart service call succeeded,2026-06-01T12:50:00+00:00,11
order-service,T006,Order created orderId=ORD-<NUM> userId=<NUM>,2026-06-01T12:50:00+00:00,7
order-service,T010,Health check passed,2026-06-01T12:50:00+00:00,4
order-service,T012,Cart service timeout after <NUM>ms,2026-06-01T12:50:00+00:00,1
cart-service,T001,Health check passed,2026-06-01T12:55:00+00:00,14
cart-service,T002,Item added to cart for userId=<NUM>,2026-06-01T12:55:00+00:00,16
cart-service,T003,DB query executed table=cart rows=<NUM>,2026-06-01T12:55:00+00:00,12
cart-service,T004,ProductCatalogCache eviction failed: heap pressure too high,2026-06-01T12:55:00+00:00,1
cart-service,T007,GC overhead limit warning: pause=<NUM>ms heap=<NUM>%,2026-06-01T12:55:00+00:00,3
cart-service,T008,Checkout completed orderId=ORD-<NUM>,2026-06-01T12:55:00+00:00,4
cart-service,T009,ProductCatalogCache loaded <NUM> entries,2026-06-01T12:55:00+00:00,5
cart-service,T011,Connection pool nearing limit pool=db connections=<NUM>/<NUM>,2026-06-01T12:55:00+00:00,3
cart-service,T015,Cache warm-up slower than expected startup_ms=<NUM>,2026-06-01T12:55:00+00:00,4
cart-service,T028,Health check response time elevated endpoint=/health latency=222ms,2026-06-01T12:55:00+00:00,1
cart-service,T063,Health check response time elevated endpoint=/health latency=164ms,2026-06-01T12:55:00+00:00,1
cart-service,T122,Health check response time elevated endpoint=/health latency=217ms,2026-06-01T12:55:00+00:00,1
cart-service,T177,Health check response time elevated endpoint=/health latency=144ms,2026-06-01T12:55:00+00:00,1
cart-service,T454,Slow response detected endpoint=/api/cart latency=1637ms,2026-06-01T12:55:00+00:00,1
order-service,T005,Cart service call succeeded,2026-06-01T12:55:00+00:00,13
order-service,T006,Order created orderId=ORD-<NUM> userId=<NUM>,2026-06-01T12:55:00+00:00,7
order-service,T010,Health check passed,2026-06-01T12:55:00+00:00,4
order-service,T012,Cart service timeout after <NUM>ms,2026-06-01T12:55:00+00:00,1
cart-service,T001,Health check passed,2026-06-01T13:00:00+00:00,13
cart-service,T002,Item added to cart for userId=<NUM>,2026-06-01T13:00:00+00:00,11
cart-service,T003,DB query executed table=cart rows=<NUM>,2026-06-01T13:00:00+00:00,10
cart-service,T004,ProductCatalogCache eviction failed: heap pressure too high,2026-06-01T13:00:00+00:00,4
cart-service,T007,GC overhead limit warning: pause=<NUM>ms heap=<NUM>%,2026-06-01T13:00:00+00:00,4
cart-service,T008,Checkout completed orderId=ORD-<NUM>,2026-06-01T13:00:00+00:00,9
cart-service,T009,ProductCatalogCache loaded <NUM> entries,2026-06-01T13:00:00+00:00,10
cart-service,T011,Connection pool nearing limit pool=db connections=<NUM>/<NUM>,2026-06-01T13:00:00+00:00,6
cart-service,T015,Cache warm-up slower than expected startup_ms=<NUM>,2026-06-01T13:00:00+00:00,2
cart-service,T072,Health check response time elevated endpoint=/health latency=239ms,2026-06-01T13:00:00+00:00,1
cart-service,T109,Health check response time elevated endpoint=/health latency=155ms,2026-06-01T13:00:00+00:00,1
cart-service,T115,Health check response time elevated endpoint=/health latency=145ms,2026-06-01T13:00:00+00:00,1
order-service,T005,Cart service call succeeded,2026-06-01T13:00:00+00:00,8
order-service,T006,Order created orderId=ORD-<NUM> userId=<NUM>,2026-06-01T13:00:00+00:00,10
order-service,T010,Health check passed,2026-06-01T13:00:00+00:00,2
order-service,T012,Cart service timeout after <NUM>ms,2026-06-01T13:00:00+00:00,3
cart-service,T001,Health check passed,2026-06-01T13:05:00+00:00,16
cart-service,T002,Item added to cart for userId=<NUM>,2026-06-01T13:05:00+00:00,11
cart-service,T003,DB query executed table=cart rows=<NUM>,2026-06-01T13:05:00+00:00,5
cart-service,T004,ProductCatalogCache eviction failed: heap pressure too high,2026-06-01T13:05:00+00:00,3
cart-service,T007,GC overhead limit warning: pause=<NUM>ms heap=<NUM>%,2026-06-01T13:05:00+00:00,3
cart-service,T008,Checkout completed orderId=ORD-<NUM>,2026-06-01T13:05:00+00:00,9
cart-service,T009,ProductCatalogCache loaded <NUM> entries,2026-06-01T13:05:00+00:00,8
cart-service,T011,Connection pool nearing limit pool=db connections=<NUM>/<NUM>,2026-06-01T13:05:00+00:00,3
cart-service,T015,Cache warm-up slower than expected startup_ms=<NUM>,2026-06-01T13:05:00+00:00,4
cart-service,T027,Health check response time elevated endpoint=/health latency=244ms,2026-06-01T13:05:00+00:00,1
cart-service,T080,Health check response time elevated endpoint=/health latency=208ms,2026-06-01T13:05:00+00:00,1
cart-service,T356,Slow response detected endpoint=/api/cart latency=2339ms,2026-06-01T13:05:00+00:00,1
order-service,T005,Cart service call succeeded,2026-06-01T13:05:00+00:00,11
order-service,T006,Order created orderId=ORD-<NUM> userId=<NUM>,2026-06-01T13:05:00+00:00,8
order-service,T010,Health check passed,2026-06-01T13:05:00+00:00,9
order-service,T012,Cart service timeout after <NUM>ms,2026-06-01T13:05:00+00:00,1
cart-service,T001,Health check passed,2026-06-01T13:10:00+00:00,8
cart-service,T002,Item added to cart for userId=<NUM>,2026-06-01T13:10:00+00:00,9
cart-service,T003,DB query executed table=cart rows=<NUM>,2026-06-01T13:10:00+00:00,12
cart-service,T004,ProductCatalogCache eviction failed: heap pressure too high,2026-06-01T13:10:00+00:00,1
cart-service,T007,GC overhead limit warning: pause=<NUM>ms heap=<NUM>%,2026-06-01T13:10:00+00:00,6
cart-service,T008,Checkout completed orderId=ORD-<NUM>,2026-06-01T13:10:00+00:00,10
cart-service,T009,ProductCatalogCache loaded <NUM> entries,2026-06-01T13:10:00+00:00,5
cart-service,T011,Connection pool nearing limit pool=db connections=<NUM>/<NUM>,2026-06-01T13:10:00+00:00,5
cart-service,T015,Cache warm-up slower than expected startup_ms=<NUM>,2026-06-01T13:10:00+00:00,1
cart-service,T022,Health check response time elevated endpoint=/health latency=243ms,2026-06-01T13:10:00+00:00,1
cart-service,T097,Health check response time elevated endpoint=/health latency=182ms,2026-06-01T13:10:00+00:00,1
cart-service,T109,Health check response time elevated endpoint=/health latency=155ms,2026-06-01T13:10:00+00:00,1
cart-service,T1095,Slow response detected endpoint=/api/cart latency=2976ms,2026-06-01T13:10:00+00:00,1
cart-service,T703,Slow response detected endpoint=/api/cart latency=2148ms,2026-06-01T13:10:00+00:00,1
order-service,T005,Cart service call succeeded,2026-06-01T13:10:00+00:00,11
order-service,T006,Order created orderId=ORD-<NUM> userId=<NUM>,2026-06-01T13:10:00+00:00,2
order-service,T010,Health check passed,2026-06-01T13:10:00+00:00,8
order-service,T012,Cart service timeout after <NUM>ms,2026-06-01T13:10:00+00:00,2
cart-service,T001,Health check passed,2026-06-01T13:15:00+00:00,12
cart-service,T002,Item added to cart for userId=<NUM>,2026-06-01T13:15:00+00:00,16
cart-service,T003,DB query executed table=cart rows=<NUM>,2026-06-01T13:15:00+00:00,12
cart-service,T004,ProductCatalogCache eviction failed: heap pressure too high,2026-06-01T13:15:00+00:00,2
cart-service,T007,GC overhead limit warning: pause=<NUM>ms heap=<NUM>%,2026-06-01T13:15:00+00:00,4
cart-service,T008,Checkout completed orderId=ORD-<NUM>,2026-06-01T13:15:00+00:00,11
cart-service,T009,ProductCatalogCache loaded <NUM> entries,2026-06-01T13:15:00+00:00,12
cart-service,T011,Connection pool nearing limit pool=db connections=<NUM>/<NUM>,2026-06-01T13:15:00+00:00,3
cart-service,T015,Cache warm-up slower than expected startup_ms=<NUM>,2026-06-01T13:15:00+00:00,4
cart-service,T022,Health check response time elevated endpoint=/health latency=243ms,2026-06-01T13:15:00+00:00,1
cart-service,T025,Health check response time elevated endpoint=/health latency=225ms,2026-06-01T13:15:00+00:00,1
cart-service,T069,Health check response time elevated endpoint=/health latency=146ms,2026-06-01T13:15:00+00:00,1
cart-service,T1260,Slow response detected endpoint=/api/cart latency=888ms,2026-06-01T13:15:00+00:00,1
cart-service,T349,Slow response detected endpoint=/api/cart latency=1676ms,2026-06-01T13:15:00+00:00,1
order-service,T005,Cart service call succeeded,2026-06-01T13:15:00+00:00,11
order-service,T006,Order created orderId=ORD-<NUM> userId=<NUM>,2026-06-01T13:15:00+00:00,8
order-service,T010,Health check passed,2026-06-01T13:15:00+00:00,6
order-service,T012,Cart service timeout after <NUM>ms,2026-06-01T13:15:00+00:00,2
cart-service,T001,Health check passed,2026-06-01T13:20:00+00:00,12
cart-service,T002,Item added to cart for userId=<NUM>,2026-06-01T13:20:00+00:00,16
cart-service,T003,DB query executed table=cart rows=<NUM>,2026-06-01T13:20:00+00:00,11
cart-service,T004,ProductCatalogCache eviction failed: heap pressure too high,2026-06-01T13:20:00+00:00,1
cart-service,T007,GC overhead limit warning: pause=<NUM>ms heap=<NUM>%,2026-06-01T13:20:00+00:00,5
cart-service,T008,Checkout completed orderId=ORD-<NUM>,2026-06-01T13:20:00+00:00,8
cart-service,T009,ProductCatalogCache loaded <NUM> entries,2026-06-01T13:20:00+00:00,7
cart-service,T011,Connection pool nearing limit pool=db connections=<NUM>/<NUM>,2026-06-01T13:20:00+00:00,3
cart-service,T015,Cache warm-up slower than expected startup_ms=<NUM>,2026-06-01T13:20:00+00:00,1
cart-service,T031,Health check response time elevated endpoint=/health latency=150ms,2026-06-01T13:20:00+00:00,1
cart-service,T035,Health check response time elevated endpoint=/health latency=201ms,2026-06-01T13:20:00+00:00,1
cart-service,T082,Health check response time elevated endpoint=/health latency=207ms,2026-06-01T13:20:00+00:00,1
cart-service,T905,Slow response detected endpoint=/api/cart latency=1377ms,2026-06-01T13:20:00+00:00,1
order-service,T005,Cart service call succeeded,2026-06-01T13:20:00+00:00,8
order-service,T006,Order created orderId=ORD-<NUM> userId=<NUM>,2026-06-01T13:20:00+00:00,14
order-service,T010,Health check passed,2026-06-01T13:20:00+00:00,5
order-service,T012,Cart service timeout after <NUM>ms,2026-06-01T13:20:00+00:00,1
cart-service,T001,Health check passed,2026-06-01T13:25:00+00:00,13
cart-service,T002,Item added to cart for userId=<NUM>,2026-06-01T13:25:00+00:00,15
cart-service,T003,DB query executed table=cart rows=<NUM>,2026-06-01T13:25:00+00:00,9
cart-service,T007,GC overhead limit warning: pause=<NUM>ms heap=<NUM>%,2026-06-01T13:25:00+00:00,2
cart-service,T008,Checkout completed orderId=ORD-<NUM>,2026-06-01T13:25:00+00:00,8
cart-service,T009,ProductCatalogCache loaded <NUM> entries,2026-06-01T13:25:00+00:00,9
cart-service,T011,Connection pool nearing limit pool=db connections=<NUM>/<NUM>,2026-06-01T13:25:00+00:00,1
cart-service,T015,Cache warm-up slower than expected startup_ms=<NUM>,2026-06-01T13:25:00+00:00,6
cart-service,T1184,Slow response detected endpoint=/api/cart latency=1137ms,2026-06-01T13:25:00+00:00,1
cart-service,T119,Health check response time elevated endpoint=/health latency=210ms,2026-06-01T13:25:00+00:00,1
cart-service,T180,Slow response detected endpoint=/api/cart latency=1830ms,2026-06-01T13:25:00+00:00,1
cart-service,T357,Slow response detected endpoint=/api/cart latency=1762ms,2026-06-01T13:25:00+00:00,1
cart-service,T863,Slow response detected endpoint=/api/cart latency=2499ms,2026-06-01T13:25:00+00:00,1
order-service,T005,Cart service call succeeded,2026-06-01T13:25:00+00:00,6
order-service,T006,Order created orderId=ORD-<NUM> userId=<NUM>,2026-06-01T13:25:00+00:00,10
order-service,T010,Health check passed,2026-06-01T13:25:00+00:00,7
order-service,T012,Cart service timeout after <NUM>ms,2026-06-01T13:25:00+00:00,1
cart-service,T001,Health check passed,2026-06-01T13:30:00+00:00,12
cart-service,T002,Item added to cart for userId=<NUM>,2026-06-01T13:30:00+00:00,12
cart-service,T003,DB query executed table=cart rows=<NUM>,2026-06-01T13:30:00+00:00,12
cart-service,T004,ProductCatalogCache eviction failed: heap pressure too high,2026-06-01T13:30:00+00:00,2
cart-service,T007,GC overhead limit warning: pause=<NUM>ms heap=<NUM>%,2026-06-01T13:30:00+00:00,4
cart-service,T008,Checkout completed orderId=ORD-<NUM>,2026-06-01T13:30:00+00:00,10
cart-service,T009,ProductCatalogCache loaded <NUM> entries,2026-06-01T13:30:00+00:00,7
cart-service,T011,Connection pool nearing limit pool=db connections=<NUM>/<NUM>,2026-06-01T13:30:00+00:00,2
cart-service,T015,Cache warm-up slower than expected startup_ms=<NUM>,2026-06-01T13:30:00+00:00,3
cart-service,T021,Health check response time elevated endpoint=/health latency=139ms,2026-06-01T13:30:00+00:00,1
cart-service,T023,Health check response time elevated endpoint=/health latency=226ms,2026-06-01T13:30:00+00:00,1
cart-service,T035,Health check response time elevated endpoint=/health latency=201ms,2026-06-01T13:30:00+00:00,1
cart-service,T053,Health check response time elevated endpoint=/health latency=185ms,2026-06-01T13:30:00+00:00,1
cart-service,T078,Health check response time elevated endpoint=/health latency=197ms,2026-06-01T13:30:00+00:00,1
order-service,T005,Cart service call succeeded,2026-06-01T13:30:00+00:00,8
order-service,T006,Order created orderId=ORD-<NUM> userId=<NUM>,2026-06-01T13:30:00+00:00,10
order-service,T010,Health check passed,2026-06-01T13:30:00+00:00,9
order-service,T012,Cart service timeout after <NUM>ms,2026-06-01T13:30:00+00:00,2
cart-service,T001,Health check passed,2026-06-01T13:35:00+00:00,11
cart-service,T002,Item added to cart for userId=<NUM>,2026-06-01T13:35:00+00:00,14
cart-service,T003,DB query executed table=cart rows=<NUM>,2026-06-01T13:35:00+00:00,10
cart-service,T004,ProductCatalogCache eviction failed: heap pressure too high,2026-06-01T13:35:00+00:00,1
cart-service,T007,GC overhead limit warning: pause=<NUM>ms heap=<NUM>%,2026-06-01T13:35:00+00:00,4
cart-service,T008,Checkout completed orderId=ORD-<NUM>,2026-06-01T13:35:00+00:00,8
cart-service,T009,ProductCatalogCache loaded <NUM> entries,2026-06-01T13:35:00+00:00,8
cart-service,T011,Connection pool nearing limit pool=db connections=<NUM>/<NUM>,2026-06-01T13:35:00+00:00,6
cart-service,T015,Cache warm-up slower than expected startup_ms=<NUM>,2026-06-01T13:35:00+00:00,6
cart-service,T031,Health check response time elevated endpoint=/health latency=150ms,2026-06-01T13:35:00+00:00,1
cart-service,T071,Health check response time elevated endpoint=/health latency=220ms,2026-06-01T13:35:00+00:00,1
order-service,T005,Cart service call succeeded,2026-06-01T13:35:00+00:00,10
order-service,T006,Order created orderId=ORD-<NUM> userId=<NUM>,2026-06-01T13:35:00+00:00,10
order-service,T010,Health check passed,2026-06-01T13:35:00+00:00,6
order-service,T012,Cart service timeout after <NUM>ms,2026-06-01T13:35:00+00:00,2
cart-service,T001,Health check passed,2026-06-01T13:40:00+00:00,11
cart-service,T002,Item added to cart for userId=<NUM>,2026-06-01T13:40:00+00:00,12
cart-service,T003,DB query executed table=cart rows=<NUM>,2026-06-01T13:40:00+00:00,9
cart-service,T007,GC overhead limit warning: pause=<NUM>ms heap=<NUM>%,2026-06-01T13:40:00+00:00,1
cart-service,T008,Checkout completed orderId=ORD-<NUM>,2026-06-01T13:40:00+00:00,10
cart-service,T009,ProductCatalogCache loaded <NUM> entries,2026-06-01T13:40:00+00:00,7
cart-service,T011,Connection pool nearing limit pool=db connections=<NUM>/<NUM>,2026-06-01T13:40:00+00:00,4
cart-service,T015,Cache warm-up slower than expected startup_ms=<NUM>,2026-06-01T13:40:00+00:00,3
cart-service,T037,Health check response time elevated endpoint=/health latency=206ms,2026-06-01T13:40:00+00:00,1
cart-service,T1077,Slow response detected endpoint=/api/cart latency=2926ms,2026-06-01T13:40:00+00:00,1
cart-service,T1180,Slow response detected endpoint=/api/cart latency=1132ms,2026-06-01T13:40:00+00:00,1
cart-service,T776,Slow response detected endpoint=/api/cart latency=2283ms,2026-06-01T13:40:00+00:00,1
order-service,T005,Cart service call succeeded,2026-06-01T13:40:00+00:00,13
order-service,T006,Order created orderId=ORD-<NUM> userId=<NUM>,2026-06-01T13:40:00+00:00,6
order-service,T010,Health check passed,2026-06-01T13:40:00+00:00,8
order-service,T012,Cart service timeout after <NUM>ms,2026-06-01T13:40:00+00:00,2
cart-service,T001,Health check passed,2026-06-01T13:45:00+00:00,14
cart-service,T002,Item added to cart for userId=<NUM>,2026-06-01T13:45:00+00:00,15
cart-service,T003,DB query executed table=cart rows=<NUM>,2026-06-01T13:45:00+00:00,5
cart-service,T004,ProductCatalogCache eviction failed: heap pressure too high,2026-06-01T13:45:00+00:00,2
cart-service,T007,GC overhead limit warning: pause=<NUM>ms heap=<NUM>%,2026-06-01T13:45:00+00:00,4
cart-service,T008,Checkout completed orderId=ORD-<NUM>,2026-06-01T13:45:00+00:00,6
cart-service,T009,ProductCatalogCache loaded <NUM> entries,2026-06-01T13:45:00+00:00,10
cart-service,T011,Connection pool nearing limit pool=db connections=<NUM>/<NUM>,2026-06-01T13:45:00+00:00,6
cart-service,T015,Cache warm-up slower than expected startup_ms=<NUM>,2026-06-01T13:45:00+00:00,1
cart-service,T038,Health check response time elevated endpoint=/health latency=121ms,2026-06-01T13:45:00+00:00,1
cart-service,T067,Health check response time elevated endpoint=/health latency=143ms,2026-06-01T13:45:00+00:00,1
cart-service,T080,Health check response time elevated endpoint=/health latency=208ms,2026-06-01T13:45:00+00:00,1
cart-service,T129,Slow response detected endpoint=/api/cart latency=699ms,2026-06-01T13:45:00+00:00,1
cart-service,T277,Slow response detected endpoint=/api/cart latency=1313ms,2026-06-01T13:45:00+00:00,1
order-service,T005,Cart service call succeeded,2026-06-01T13:45:00+00:00,6
order-service,T006,Order created orderId=ORD-<NUM> userId=<NUM>,2026-06-01T13:45:00+00:00,13
order-service,T010,Health check passed,2026-06-01T13:45:00+00:00,5
cart-service,T001,Health check passed,2026-06-01T13:50:00+00:00,4
cart-service,T002,Item added to cart for userId=<NUM>,2026-06-01T13:50:00+00:00,11
cart-service,T003,DB query executed table=cart rows=<NUM>,2026-06-01T13:50:00+00:00,14
cart-service,T004,ProductCatalogCache eviction failed: heap pressure too high,2026-06-01T13:50:00+00:00,3
cart-service,T007,GC overhead limit warning: pause=<NUM>ms heap=<NUM>%,2026-06-01T13:50:00+00:00,4
cart-service,T008,Checkout completed orderId=ORD-<NUM>,2026-06-01T13:50:00+00:00,11
cart-service,T009,ProductCatalogCache loaded <NUM> entries,2026-06-01T13:50:00+00:00,5
cart-service,T011,Connection pool nearing limit pool=db connections=<NUM>/<NUM>,2026-06-01T13:50:00+00:00,3
cart-service,T015,Cache warm-up slower than expected startup_ms=<NUM>,2026-06-01T13:50:00+00:00,7
cart-service,T055,Health check response time elevated endpoint=/health latency=202ms,2026-06-01T13:50:00+00:00,1
cart-service,T058,Health check response time elevated endpoint=/health latency=131ms,2026-06-01T13:50:00+00:00,1
cart-service,T251,Slow response detected endpoint=/api/cart latency=2934ms,2026-06-01T13:50:00+00:00,1
order-service,T005,Cart service call succeeded,2026-06-01T13:50:00+00:00,4
order-service,T006,Order created orderId=ORD-<NUM> userId=<NUM>,2026-06-01T13:50:00+00:00,5
order-service,T010,Health check passed,2026-06-01T13:50:00+00:00,7
order-service,T012,Cart service timeout after <NUM>ms,2026-06-01T13:50:00+00:00,3
cart-service,T001,Health check passed,2026-06-01T13:55:00+00:00,12
cart-service,T002,Item added to cart for userId=<NUM>,2026-06-01T13:55:00+00:00,10
cart-service,T003,DB query executed table=cart rows=<NUM>,2026-06-01T13:55:00+00:00,7
cart-service,T007,GC overhead limit warning: pause=<NUM>ms heap=<NUM>%,2026-06-01T13:55:00+00:00,6
cart-service,T008,Checkout completed orderId=ORD-<NUM>,2026-06-01T13:55:00+00:00,14
cart-service,T009,ProductCatalogCache loaded <NUM> entries,2026-06-01T13:55:00+00:00,6
cart-service,T011,Connection pool nearing limit pool=db connections=<NUM>/<NUM>,2026-06-01T13:55:00+00:00,7
cart-service,T015,Cache warm-up slower than expected startup_ms=<NUM>,2026-06-01T13:55:00+00:00,3
cart-service,T032,Health check response time elevated endpoint=/health latency=174ms,2026-06-01T13:55:00+00:00,1
cart-service,T318,Slow response detected endpoint=/api/cart latency=2604ms,2026-06-01T13:55:00+00:00,1
order-service,T005,Cart service call succeeded,2026-06-01T13:55:00+00:00,9
order-service,T006,Order created orderId=ORD-<NUM> userId=<NUM>,2026-06-01T13:55:00+00:00,9
order-service,T010,Health check passed,2026-06-01T13:55:00+00:00,9
cart-service,T001,Health check passed,2026-06-01T14:00:00+00:00,14
cart-service,T002,Item added to cart for userId=<NUM>,2026-06-01T14:00:00+00:00,11
cart-service,T003,DB query executed table=cart rows=<NUM>,2026-06-01T14:00:00+00:00,9
cart-service,T004,ProductCatalogCache eviction failed: heap pressure too high,2026-06-01T14:00:00+00:00,23
cart-service,T007,GC overhead limit warning: pause=<NUM>ms heap=<NUM>%,2026-06-01T14:00:00+00:00,17
cart-service,T008,Checkout completed orderId=ORD-<NUM>,2026-06-01T14:00:00+00:00,6
cart-service,T009,ProductCatalogCache loaded <NUM> entries,2026-06-01T14:00:00+00:00,4
cart-service,T011,Connection pool nearing limit pool=db connections=<NUM>/<NUM>,2026-06-01T14:00:00+00:00,1
cart-service,T069,Health check response time elevated endpoint=/health latency=146ms,2026-06-01T14:00:00+00:00,1
cart-service,T1005,Slow response detected endpoint=/api/cart latency=2845ms,2026-06-01T14:00:00+00:00,1
cart-service,T1194,Slow response detected endpoint=/api/cart latency=651ms,2026-06-01T14:00:00+00:00,1
cart-service,T153,Slow response detected endpoint=/api/cart latency=896ms,2026-06-01T14:00:00+00:00,1
cart-service,T185,Slow response detected endpoint=/api/cart latency=1066ms,2026-06-01T14:00:00+00:00,1
cart-service,T374,Slow response detected endpoint=/api/cart latency=2239ms,2026-06-01T14:00:00+00:00,1
cart-service,T425,Slow response detected endpoint=/api/cart latency=1656ms,2026-06-01T14:00:00+00:00,1
cart-service,T492,Slow response detected endpoint=/api/cart latency=1668ms,2026-06-01T14:00:00+00:00,1
cart-service,T677,Slow response detected endpoint=/api/cart latency=2089ms,2026-06-01T14:00:00+00:00,1
cart-service,T689,Slow response detected endpoint=/api/cart latency=1559ms,2026-06-01T14:00:00+00:00,1
cart-service,T826,Slow response detected endpoint=/api/cart latency=2398ms,2026-06-01T14:00:00+00:00,1
cart-service,T857,Slow response detected endpoint=/api/cart latency=2470ms,2026-06-01T14:00:00+00:00,1
cart-service,T890,Slow response detected endpoint=/api/cart latency=2550ms,2026-06-01T14:00:00+00:00,1
order-service,T005,Cart service call succeeded,2026-06-01T14:00:00+00:00,14
order-service,T006,Order created orderId=ORD-<NUM> userId=<NUM>,2026-06-01T14:00:00+00:00,11
order-service,T010,Health check passed,2026-06-01T14:00:00+00:00,6
cart-service,T001,Health check passed,2026-06-01T14:05:00+00:00,10
cart-service,T002,Item added to cart for userId=<NUM>,2026-06-01T14:05:00+00:00,7
cart-service,T003,DB query executed table=cart rows=<NUM>,2026-06-01T14:05:00+00:00,10
cart-service,T004,ProductCatalogCache eviction failed: heap pressure too high,2026-06-01T14:05:00+00:00,20
cart-service,T007,GC overhead limit warning: pause=<NUM>ms heap=<NUM>%,2026-06-01T14:05:00+00:00,12
cart-service,T008,Checkout completed orderId=ORD-<NUM>,2026-06-01T14:05:00+00:00,6
cart-service,T009,ProductCatalogCache loaded <NUM> entries,2026-06-01T14:05:00+00:00,5
cart-service,T011,Connection pool nearing limit pool=db connections=<NUM>/<NUM>,2026-06-01T14:05:00+00:00,4
cart-service,T015,Cache warm-up slower than expected startup_ms=<NUM>,2026-06-01T14:05:00+00:00,3
cart-service,T046,Health check response time elevated endpoint=/health latency=147ms,2026-06-01T14:05:00+00:00,2
cart-service,T1027,Slow response detected endpoint=/api/cart latency=1287ms,2026-06-01T14:05:00+00:00,1
cart-service,T1124,Slow response detected endpoint=/api/cart latency=1220ms,2026-06-01T14:05:00+00:00,1
cart-service,T1139,Slow response detected endpoint=/api/cart latency=548ms,2026-06-01T14:05:00+00:00,1
cart-service,T135,Slow response detected endpoint=/api/cart latency=1102ms,2026-06-01T14:05:00+00:00,1
cart-service,T154,Slow response detected endpoint=/api/cart latency=922ms,2026-06-01T14:05:00+00:00,1
cart-service,T167,Slow response detected endpoint=/api/cart latency=1837ms,2026-06-01T14:05:00+00:00,1
cart-service,T180,Slow response detected endpoint=/api/cart latency=1830ms,2026-06-01T14:05:00+00:00,1
cart-service,T208,Slow response detected endpoint=/api/cart latency=659ms,2026-06-01T14:05:00+00:00,1
cart-service,T269,Slow response detected endpoint=/api/cart latency=2909ms,2026-06-01T14:05:00+00:00,1
cart-service,T337,Slow response detected endpoint=/api/cart latency=2538ms,2026-06-01T14:05:00+00:00,1
cart-service,T489,Slow response detected endpoint=/api/cart latency=1038ms,2026-06-01T14:05:00+00:00,1
cart-service,T571,Slow response detected endpoint=/api/cart latency=1932ms,2026-06-01T14:05:00+00:00,1
cart-service,T835,Slow response detected endpoint=/api/cart latency=2435ms,2026-06-01T14:05:00+00:00,1
cart-service,T904,Slow response detected endpoint=/api/cart latency=1373ms,2026-06-01T14:05:00+00:00,1
cart-service,T917,Slow response detected endpoint=/api/cart latency=2599ms,2026-06-01T14:05:00+00:00,1
cart-service,T960,Slow response detected endpoint=/api/cart latency=2686ms,2026-06-01T14:05:00+00:00,1
order-service,T005,Cart service call succeeded,2026-06-01T14:05:00+00:00,7
order-service,T006,Order created orderId=ORD-<NUM> userId=<NUM>,2026-06-01T14:05:00+00:00,7
order-service,T010,Health check passed,2026-06-01T14:05:00+00:00,7
cart-service,T001,Health check passed,2026-06-01T14:10:00+00:00,16
cart-service,T002,Item added to cart for userId=<NUM>,2026-06-01T14:10:00+00:00,11
cart-service,T003,DB query executed table=cart rows=<NUM>,2026-06-01T14:10:00+00:00,6
cart-service,T004,ProductCatalogCache eviction failed: heap pressure too high,2026-06-01T14:10:00+00:00,15
cart-service,T007,GC overhead limit warning: pause=<NUM>ms heap=<NUM>%,2026-06-01T14:10:00+00:00,17
cart-service,T008,Checkout completed orderId=ORD-<NUM>,2026-06-01T14:10:00+00:00,11
cart-service,T009,ProductCatalogCache loaded <NUM> entries,2026-06-01T14:10:00+00:00,3
cart-service,T011,Connection pool nearing limit pool=db connections=<NUM>/<NUM>,2026-06-01T14:10:00+00:00,4
cart-service,T015,Cache warm-up slower than expected startup_ms=<NUM>,2026-06-01T14:10:00+00:00,2
cart-service,T097,Health check response time elevated endpoint=/health latency=182ms,2026-06-01T14:10:00+00:00,1
cart-service,T1216,Slow response detected endpoint=/api/cart latency=716ms,2026-06-01T14:10:00+00:00,1
cart-service,T160,Slow response detected endpoint=/api/cart latency=2451ms,2026-06-01T14:10:00+00:00,1
cart-service,T236,Slow response detected endpoint=/api/cart latency=661ms,2026-06-01T14:10:00+00:00,1
cart-service,T306,Slow response detected endpoint=/api/cart latency=1325ms,2026-06-01T14:10:00+00:00,1
cart-service,T362,Slow response detected endpoint=/api/cart latency=2373ms,2026-06-01T14:10:00+00:00,1
cart-service,T397,Slow response detected endpoint=/api/cart latency=1742ms,2026-06-01T14:10:00+00:00,1
cart-service,T763,Slow response detected endpoint=/api/cart latency=2320ms,2026-06-01T14:10:00+00:00,1
cart-service,T822,Slow response detected endpoint=/api/cart latency=2384ms,2026-06-01T14:10:00+00:00,1
cart-service,T854,Slow response detected endpoint=/api/cart latency=2459ms,2026-06-01T14:10:00+00:00,1
order-service,T005,Cart service call succeeded,2026-06-01T14:10:00+00:00,12
order-service,T006,Order created orderId=ORD-<NUM> userId=<NUM>,2026-06-01T14:10:00+00:00,9
order-service,T010,Health check passed,2026-06-01T14:10:00+00:00,4
order-service,T012,Cart service timeout after <NUM>ms,2026-06-01T14:10:00+00:00,1
cart-service,T001,Health check passed,2026-06-01T14:15:00+00:00,9
cart-service,T002,Item added to cart for userId=<NUM>,2026-06-01T14:15:00+00:00,12
cart-service,T003,DB query executed table=cart rows=<NUM>,2026-06-01T14:15:00+00:00,10
cart-service,T004,ProductCatalogCache eviction failed: heap pressure too high,2026-06-01T14:15:00+00:00,22
cart-service,T007,GC overhead limit warning: pause=<NUM>ms heap=<NUM>%,2026-06-01T14:15:00+00:00,10
cart-service,T008,Checkout completed orderId=ORD-<NUM>,2026-06-01T14:15:00+00:00,8
cart-service,T009,ProductCatalogCache loaded <NUM> entries,2026-06-01T14:15:00+00:00,8
cart-service,T011,Connection pool nearing limit pool=db connections=<NUM>/<NUM>,2026-06-01T14:15:00+00:00,6
cart-service,T015,Cache warm-up slower than expected startup_ms=<NUM>,2026-06-01T14:15:00+00:00,2
cart-service,T091,Slow response detected endpoint=/api/cart latency=2864ms,2026-06-01T14:15:00+00:00,1
cart-service,T107,Slow response detected endpoint=/api/cart latency=2458ms,2026-06-01T14:15:00+00:00,1
cart-service,T1193,Slow response detected endpoint=/api/cart latency=650ms,2026-06-01T14:15:00+00:00,1
cart-service,T1212,Slow response detected endpoint=/api/cart latency=780ms,2026-06-01T14:15:00+00:00,1
cart-service,T1281,Slow response detected endpoint=/api/cart latency=1055ms,2026-06-01T14:15:00+00:00,1
cart-service,T301,Slow response detected endpoint=/api/cart latency=2712ms,2026-06-01T14:15:00+00:00,1
cart-service,T333,Slow response detected endpoint=/api/cart latency=2554ms,2026-06-01T14:15:00+00:00,1
cart-service,T353,Slow response detected endpoint=/api/cart latency=1664ms,2026-06-01T14:15:00+00:00,1
cart-service,T404,Slow response detected endpoint=/api/cart latency=1992ms,2026-06-01T14:15:00+00:00,1
cart-service,T459,Slow response detected endpoint=/api/cart latency=1782ms,2026-06-01T14:15:00+00:00,1
cart-service,T749,Slow response detected endpoint=/api/cart latency=2301ms,2026-06-01T14:15:00+00:00,1
cart-service,T962,Slow response detected endpoint=/api/cart latency=2693ms,2026-06-01T14:15:00+00:00,1
cart-service,T981,Slow response detected endpoint=/api/cart latency=2727ms,2026-06-01T14:15:00+00:00,1
order-service,T005,Cart service call succeeded,2026-06-01T14:15:00+00:00,6
order-service,T006,Order created orderId=ORD-<NUM> userId=<NUM>,2026-06-01T14:15:00+00:00,9
order-service,T010,Health check passed,2026-06-01T14:15:00+00:00,7
order-service,T012,Cart service timeout after <NUM>ms,2026-06-01T14:15:00+00:00,1
cart-service,T001,Health check passed,2026-06-01T14:20:00+00:00,4
cart-service,T002,Item added to cart for userId=<NUM>,2026-06-01T14:20:00+00:00,9
cart-service,T003,DB query executed table=cart rows=<NUM>,2026-06-01T14:20:00+00:00,10
cart-service,T004,ProductCatalogCache eviction failed: heap pressure too high,2026-06-01T14:20:00+00:00,19
cart-service,T007,GC overhead limit warning: pause=<NUM>ms heap=<NUM>%,2026-06-01T14:20:00+00:00,10
cart-service,T008,Checkout completed orderId=ORD-<NUM>,2026-06-01T14:20:00+00:00,7
cart-service,T009,ProductCatalogCache loaded <NUM> entries,2026-06-01T14:20:00+00:00,8
cart-service,T011,Connection pool nearing limit pool=db connections=<NUM>/<NUM>,2026-06-01T14:20:00+00:00,2
cart-service,T015,Cache warm-up slower than expected startup_ms=<NUM>,2026-06-01T14:20:00+00:00,4
cart-service,T066,Health check response time elevated endpoint=/health latency=235ms,2026-06-01T14:20:00+00:00,1
cart-service,T1010,Slow response detected endpoint=/api/cart latency=2787ms,2026-06-01T14:20:00+00:00,1
cart-service,T183,Slow response detected endpoint=/api/cart latency=1080ms,2026-06-01T14:20:00+00:00,1
cart-service,T275,Slow response detected endpoint=/api/cart latency=2938ms,2026-06-01T14:20:00+00:00,1
cart-service,T309,Slow response detected endpoint=/api/cart latency=1380ms,2026-06-01T14:20:00+00:00,1
cart-service,T419,Slow response detected endpoint=/api/cart latency=1734ms,2026-06-01T14:20:00+00:00,1
cart-service,T499,Slow response detected endpoint=/api/cart latency=1687ms,2026-06-01T14:20:00+00:00,1
cart-service,T895,Slow response detected endpoint=/api/cart latency=2568ms,2026-06-01T14:20:00+00:00,1
cart-service,T906,Slow response detected endpoint=/api/cart latency=1378ms,2026-06-01T14:20:00+00:00,1
order-service,T005,Cart service call succeeded,2026-06-01T14:20:00+00:00,12
order-service,T006,Order created orderId=ORD-<NUM> userId=<NUM>,2026-06-01T14:20:00+00:00,6
order-service,T010,Health check passed,2026-06-01T14:20:00+00:00,6
order-service,T012,Cart service timeout after <NUM>ms,2026-06-01T14:20:00+00:00,2
cart-service,T001,Health check passed,2026-06-01T14:25:00+00:00,12
cart-service,T002,Item added to cart for userId=<NUM>,2026-06-01T14:25:00+00:00,13
cart-service,T003,DB query executed table=cart rows=<NUM>,2026-06-01T14:25:00+00:00,12
cart-service,T004,ProductCatalogCache eviction failed: heap pressure too high,2026-06-01T14:25:00+00:00,29
cart-service,T007,GC overhead limit warning: pause=<NUM>ms heap=<NUM>%,2026-06-01T14:25:00+00:00,12
cart-service,T008,Checkout completed orderId=ORD-<NUM>,2026-06-01T14:25:00+00:00,13
cart-service,T009,ProductCatalogCache loaded <NUM> entries,2026-06-01T14:25:00+00:00,7
cart-service,T011,Connection pool nearing limit pool=db connections=<NUM>/<NUM>,2026-06-01T14:25:00+00:00,3
cart-service,T015,Cache warm-up slower than expected startup_ms=<NUM>,2026-06-01T14:25:00+00:00,3
cart-service,T065,Health check response time elevated endpoint=/health latency=238ms,2026-06-01T14:25:00+00:00,1
cart-service,T093,Health check response time elevated endpoint=/health latency=165ms,2026-06-01T14:25:00+00:00,1
cart-service,T111,Health check response time elevated endpoint=/health latency=149ms,2026-06-01T14:25:00+00:00,1
cart-service,T235,Slow response detected endpoint=/api/cart latency=611ms,2026-06-01T14:25:00+00:00,1
cart-service,T253,Health check response time elevated endpoint=/health latency=170ms,2026-06-01T14:25:00+00:00,1
cart-service,T311,Slow response detected endpoint=/api/cart latency=1371ms,2026-06-01T14:25:00+00:00,1
cart-service,T537,Slow response detected endpoint=/api/cart latency=1635ms,2026-06-01T14:25:00+00:00,1
cart-service,T670,Slow response detected endpoint=/api/cart latency=2139ms,2026-06-01T14:25:00+00:00,1
cart-service,T746,Slow response detected endpoint=/api/cart latency=1505ms,2026-06-01T14:25:00+00:00,1
cart-service,T816,Slow response detected endpoint=/api/cart latency=1460ms,2026-06-01T14:25:00+00:00,1
cart-service,T885,Slow response detected endpoint=/api/cart latency=2533ms,2026-06-01T14:25:00+00:00,1
order-service,T005,Cart service call succeeded,2026-06-01T14:25:00+00:00,8
order-service,T006,Order created orderId=ORD-<NUM> userId=<NUM>,2026-06-01T14:25:00+00:00,10
order-service,T010,Health check passed,2026-06-01T14:25:00+00:00,7
cart-service,T001,Health check passed,2026-06-01T14:30:00+00:00,13
cart-service,T002,Item added to cart for userId=<NUM>,2026-06-01T14:30:00+00:00,8
cart-service,T003,DB query executed table=cart rows=<NUM>,2026-06-01T14:30:00+00:00,10
cart-service,T004,ProductCatalogCache eviction failed: heap pressure too high,2026-06-01T14:30:00+00:00,21
cart-service,T007,GC overhead limit warning: pause=<NUM>ms heap=<NUM>%,2026-06-01T14:30:00+00:00,17
cart-service,T008,Checkout completed orderId=ORD-<NUM>,2026-06-01T14:30:00+00:00,7
cart-service,T009,ProductCatalogCache loaded <NUM> entries,2026-06-01T14:30:00+00:00,4
cart-service,T011,Connection pool nearing limit pool=db connections=<NUM>/<NUM>,2026-06-01T14:30:00+00:00,2
cart-service,T015,Cache warm-up slower than expected startup_ms=<NUM>,2026-06-01T14:30:00+00:00,2
cart-service,T105,Slow response detected endpoint=/api/cart latency=1514ms,2026-06-01T14:30:00+00:00,1
cart-service,T117,Health check response time elevated endpoint=/health latency=198ms,2026-06-01T14:30:00+00:00,1
cart-service,T1208,Slow response detected endpoint=/api/cart latency=697ms,2026-06-01T14:30:00+00:00,1
cart-service,T124,Health check response time elevated endpoint=/health latency=242ms,2026-06-01T14:30:00+00:00,1
cart-service,T1247,Slow response detected endpoint=/api/cart latency=1078ms,2026-06-01T14:30:00+00:00,1
cart-service,T1254,Slow response detected endpoint=/api/cart latency=787ms,2026-06-01T14:30:00+00:00,1
cart-service,T145,Slow response detected endpoint=/api/cart latency=1648ms,2026-06-01T14:30:00+00:00,1
cart-service,T182,Slow response detected endpoint=/api/cart latency=1861ms,2026-06-01T14:30:00+00:00,1
cart-service,T346,Slow response detected endpoint=/api/cart latency=2438ms,2026-06-01T14:30:00+00:00,1
cart-service,T675,Slow response detected endpoint=/api/cart latency=2079ms,2026-06-01T14:30:00+00:00,1
cart-service,T800,Slow response detected endpoint=/api/cart latency=2358ms,2026-06-01T14:30:00+00:00,1
order-service,T005,Cart service call succeeded,2026-06-01T14:30:00+00:00,9
order-service,T006,Order created orderId=ORD-<NUM> userId=<NUM>,2026-06-01T14:30:00+00:00,8
order-service,T010,Health check passed,2026-06-01T14:30:00+00:00,8
cart-service,T001,Health check passed,2026-06-01T14:35:00+00:00,9
cart-service,T002,Item added to cart for userId=<NUM>,2026-06-01T14:35:00+00:00,13
cart-service,T003,DB query executed table=cart rows=<NUM>,2026-06-01T14:35:00+00:00,9
cart-service,T004,ProductCatalogCache eviction failed: heap pressure too high,2026-06-01T14:35:00+00:00,25
cart-service,T007,GC overhead limit warning: pause=<NUM>ms heap=<NUM>%,2026-06-01T14:35:00+00:00,18
cart-service,T008,Checkout completed orderId=ORD-<NUM>,2026-06-01T14:35:00+00:00,8
cart-service,T009,ProductCatalogCache loaded <NUM> entries,2026-06-01T14:35:00+00:00,5
cart-service,T011,Connection pool nearing limit pool=db connections=<NUM>/<NUM>,2026-06-01T14:35:00+00:00,5
cart-service,T015,Cache warm-up slower than expected startup_ms=<NUM>,2026-06-01T14:35:00+00:00,4
cart-service,T045,Health check response time elevated endpoint=/health latency=148ms,2026-06-01T14:35:00+00:00,1
cart-service,T071,Health check response time elevated endpoint=/health latency=220ms,2026-06-01T14:35:00+00:00,1
cart-service,T100,Health check response time elevated endpoint=/health latency=191ms,2026-06-01T14:35:00+00:00,1
cart-service,T1173,Slow response detected endpoint=/api/cart latency=618ms,2026-06-01T14:35:00+00:00,1
cart-service,T188,Slow response detected endpoint=/api/cart latency=836ms,2026-06-01T14:35:00+00:00,1
cart-service,T267,Slow response detected endpoint=/api/cart latency=2861ms,2026-06-01T14:35:00+00:00,1
cart-service,T288,Slow response detected endpoint=/api/cart latency=2837ms,2026-06-01T14:35:00+00:00,1
cart-service,T308,Slow response detected endpoint=/api/cart latency=984ms,2026-06-01T14:35:00+00:00,1
cart-service,T315,Slow response detected endpoint=/api/cart latency=2619ms,2026-06-01T14:35:00+00:00,1
cart-service,T481,Slow response detected endpoint=/api/cart latency=919ms,2026-06-01T14:35:00+00:00,1
cart-service,T723,Slow response detected endpoint=/api/cart latency=2180ms,2026-06-01T14:35:00+00:00,1
cart-service,T775,Slow response detected endpoint=/api/cart latency=2280ms,2026-06-01T14:35:00+00:00,1
cart-service,T923,Slow response detected endpoint=/api/cart latency=1332ms,2026-06-01T14:35:00+00:00,1
order-service,T005,Cart service call succeeded,2026-06-01T14:35:00+00:00,11
order-service,T006,Order created orderId=ORD-<NUM> userId=<NUM>,2026-06-01T14:35:00+00:00,9
order-service,T010,Health check passed,2026-06-01T14:35:00+00:00,6
order-service,T012,Cart service timeout after <NUM>ms,2026-06-01T14:35:00+00:00,1
cart-service,T001,Health check passed,2026-06-01T14:40:00+00:00,7
cart-service,T002,Item added to cart for userId=<NUM>,2026-06-01T14:40:00+00:00,13
cart-service,T003,DB query executed table=cart rows=<NUM>,2026-06-01T14:40:00+00:00,9
cart-service,T004,ProductCatalogCache eviction failed: heap pressure too high,2026-06-01T14:40:00+00:00,21
cart-service,T007,GC overhead limit warning: pause=<NUM>ms heap=<NUM>%,2026-06-01T14:40:00+00:00,14
cart-service,T008,Checkout completed orderId=ORD-<NUM>,2026-06-01T14:40:00+00:00,6
cart-service,T009,ProductCatalogCache loaded <NUM> entries,2026-06-01T14:40:00+00:00,2
cart-service,T011,Connection pool nearing limit pool=db connections=<NUM>/<NUM>,2026-06-01T14:40:00+00:00,4
cart-service,T015,Cache warm-up slower than expected startup_ms=<NUM>,2026-06-01T14:40:00+00:00,2
cart-service,T023,Health check response time elevated endpoint=/health latency=226ms,2026-06-01T14:40:00+00:00,1
cart-service,T065,Health check response time elevated endpoint=/health latency=238ms,2026-06-01T14:40:00+00:00,1
cart-service,T072,Health check response time elevated endpoint=/health latency=239ms,2026-06-01T14:40:00+00:00,1
cart-service,T075,Health check response time elevated endpoint=/health latency=137ms,2026-06-01T14:40:00+00:00,1
cart-service,T1019,Slow response detected endpoint=/api/cart latency=1269ms,2026-06-01T14:40:00+00:00,1
cart-service,T110,Health check response time elevated endpoint=/health latency=152ms,2026-06-01T14:40:00+00:00,1
cart-service,T1198,Slow response detected endpoint=/api/cart latency=1108ms,2026-06-01T14:40:00+00:00,1
cart-service,T165,Slow response detected endpoint=/api/cart latency=2294ms,2026-06-01T14:40:00+00:00,1
cart-service,T331,Slow response detected endpoint=/api/cart latency=2487ms,2026-06-01T14:40:00+00:00,1
cart-service,T356,Slow response detected endpoint=/api/cart latency=2339ms,2026-06-01T14:40:00+00:00,1
cart-service,T369,Slow response detected endpoint=/api/cart latency=2396ms,2026-06-01T14:40:00+00:00,1
cart-service,T381,Slow response detected endpoint=/api/cart latency=2258ms,2026-06-01T14:40:00+00:00,1
cart-service,T632,Slow response detected endpoint=/api/cart latency=1974ms,2026-06-01T14:40:00+00:00,1
cart-service,T642,Slow response detected endpoint=/api/cart latency=2023ms,2026-06-01T14:40:00+00:00,1
order-service,T005,Cart service call succeeded,2026-06-01T14:40:00+00:00,11
order-service,T006,Order created orderId=ORD-<NUM> userId=<NUM>,2026-06-01T14:40:00+00:00,9
order-service,T010,Health check passed,2026-06-01T14:40:00+00:00,7
order-service,T012,Cart service timeout after <NUM>ms,2026-06-01T14:40:00+00:00,1
cart-service,T001,Health check passed,2026-06-01T14:45:00+00:00,9
cart-service,T002,Item added to cart for userId=<NUM>,2026-06-01T14:45:00+00:00,5
cart-service,T003,DB query executed table=cart rows=<NUM>,2026-06-01T14:45:00+00:00,10
cart-service,T004,ProductCatalogCache eviction failed: heap pressure too high,2026-06-01T14:45:00+00:00,24
cart-service,T007,GC overhead limit warning: pause=<NUM>ms heap=<NUM>%,2026-06-01T14:45:00+00:00,12
cart-service,T008,Checkout completed orderId=ORD-<NUM>,2026-06-01T14:45:00+00:00,10
cart-service,T009,ProductCatalogCache loaded <NUM> entries,2026-06-01T14:45:00+00:00,6
cart-service,T011,Connection pool nearing limit pool=db connections=<NUM>/<NUM>,2026-06-01T14:45:00+00:00,3
cart-service,T015,Cache warm-up slower than expected startup_ms=<NUM>,2026-06-01T14:45:00+00:00,2
cart-service,T019,Health check response time elevated endpoint=/health latency=231ms,2026-06-01T14:45:00+00:00,1
cart-service,T1014,Slow response detected endpoint=/api/cart latency=2794ms,2026-06-01T14:45:00+00:00,1
cart-service,T1046,Slow response detected endpoint=/api/cart latency=2888ms,2026-06-01T14:45:00+00:00,1
cart-service,T1065,Slow response detected endpoint=/api/cart latency=2907ms,2026-06-01T14:45:00+00:00,1
cart-service,T196,Slow response detected endpoint=/api/cart latency=1099ms,2026-06-01T14:45:00+00:00,1
cart-service,T366,Slow response detected endpoint=/api/cart latency=2409ms,2026-06-01T14:45:00+00:00,1
cart-service,T400,Slow response detected endpoint=/api/cart latency=2199ms,2026-06-01T14:45:00+00:00,1
cart-service,T458,Slow response detected endpoint=/api/cart latency=1792ms,2026-06-01T14:45:00+00:00,1
cart-service,T465,Slow response detected endpoint=/api/cart latency=1849ms,2026-06-01T14:45:00+00:00,1
cart-service,T534,Slow response detected endpoint=/api/cart latency=1800ms,2026-06-01T14:45:00+00:00,1
cart-service,T551,Slow response detected endpoint=/api/cart latency=1825ms,2026-06-01T14:45:00+00:00,1
cart-service,T580,Slow response detected endpoint=/api/cart latency=1906ms,2026-06-01T14:45:00+00:00,1
cart-service,T717,Slow response detected endpoint=/api/cart latency=1510ms,2026-06-01T14:45:00+00:00,1
cart-service,T753,Slow response detected endpoint=/api/cart latency=2251ms,2026-06-01T14:45:00+00:00,1
cart-service,T909,Slow response detected endpoint=/api/cart latency=2650ms,2026-06-01T14:45:00+00:00,1
order-service,T005,Cart service call succeeded,2026-06-01T14:45:00+00:00,7
order-service,T006,Order created orderId=ORD-<NUM> userId=<NUM>,2026-06-01T14:45:00+00:00,9
order-service,T010,Health check passed,2026-06-01T14:45:00+00:00,9
cart-service,T001,Health check passed,2026-06-01T14:50:00+00:00,11
cart-service,T002,Item added to cart for userId=<NUM>,2026-06-01T14:50:00+00:00,11
cart-service,T003,DB query executed table=cart rows=<NUM>,2026-06-01T14:50:00+00:00,5
cart-service,T004,ProductCatalogCache eviction failed: heap pressure too high,2026-06-01T14:50:00+00:00,15
cart-service,T007,GC overhead limit warning: pause=<NUM>ms heap=<NUM>%,2026-06-01T14:50:00+00:00,11
cart-service,T008,Checkout completed orderId=ORD-<NUM>,2026-06-01T14:50:00+00:00,6
cart-service,T009,ProductCatalogCache loaded <NUM> entries,2026-06-01T14:50:00+00:00,9
cart-service,T011,Connection pool nearing limit pool=db connections=<NUM>/<NUM>,2026-06-01T14:50:00+00:00,3
cart-service,T015,Cache warm-up slower than expected startup_ms=<NUM>,2026-06-01T14:50:00+00:00,4
cart-service,T025,Health check response time elevated endpoint=/health latency=225ms,2026-06-01T14:50:00+00:00,1
cart-service,T057,Health check response time elevated endpoint=/health latency=237ms,2026-06-01T14:50:00+00:00,1
cart-service,T077,Health check response time elevated endpoint=/health latency=199ms,2026-06-01T14:50:00+00:00,1
cart-service,T081,Health check response time elevated endpoint=/health latency=249ms,2026-06-01T14:50:00+00:00,1
cart-service,T1000,Slow response detected endpoint=/api/cart latency=1304ms,2026-06-01T14:50:00+00:00,1
cart-service,T1052,Slow response detected endpoint=/api/cart latency=2944ms,2026-06-01T14:50:00+00:00,1
cart-service,T1056,Slow response detected endpoint=/api/cart latency=2954ms,2026-06-01T14:50:00+00:00,1
cart-service,T1114,Slow response detected endpoint=/api/cart latency=2998ms,2026-06-01T14:50:00+00:00,1
cart-service,T1145,Slow response detected endpoint=/api/cart latency=1186ms,2026-06-01T14:50:00+00:00,1
cart-service,T1154,Slow response detected endpoint=/api/cart latency=599ms,2026-06-01T14:50:00+00:00,1
cart-service,T1322,Slow response detected endpoint=/api/cart latency=958ms,2026-06-01T14:50:00+00:00,1
cart-service,T244,Slow response detected endpoint=/api/cart latency=564ms,2026-06-01T14:50:00+00:00,1
cart-service,T331,Slow response detected endpoint=/api/cart latency=2487ms,2026-06-01T14:50:00+00:00,1
cart-service,T333,Slow response detected endpoint=/api/cart latency=2554ms,2026-06-01T14:50:00+00:00,1
cart-service,T375,Slow response detected endpoint=/api/cart latency=2238ms,2026-06-01T14:50:00+00:00,1
cart-service,T472,Slow response detected endpoint=/api/cart latency=964ms,2026-06-01T14:50:00+00:00,1
cart-service,T553,Slow response detected endpoint=/api/cart latency=1828ms,2026-06-01T14:50:00+00:00,1
cart-service,T733,Slow response detected endpoint=/api/cart latency=2212ms,2026-06-01T14:50:00+00:00,1
cart-service,T838,Slow response detected endpoint=/api/cart latency=2452ms,2026-06-01T14:50:00+00:00,1
cart-service,T898,Slow response detected endpoint=/api/cart latency=2573ms,2026-06-01T14:50:00+00:00,1
cart-service,T913,Slow response detected endpoint=/api/cart latency=2586ms,2026-06-01T14:50:00+00:00,1
cart-service,T947,Slow response detected endpoint=/api/cart latency=2669ms,2026-06-01T14:50:00+00:00,1
order-service,T005,Cart service call succeeded,2026-06-01T14:50:00+00:00,9
order-service,T006,Order created orderId=ORD-<NUM> userId=<NUM>,2026-06-01T14:50:00+00:00,12
order-service,T010,Health check passed,2026-06-01T14:50:00+00:00,7
order-service,T012,Cart service timeout after <NUM>ms,2026-06-01T14:50:00+00:00,3
cart-service,T001,Health check passed,2026-06-01T14:55:00+00:00,10
cart-service,T002,Item added to cart for userId=<NUM>,2026-06-01T14:55:00+00:00,9
cart-service,T003,DB query executed table=cart rows=<NUM>,2026-06-01T14:55:00+00:00,12
cart-service,T004,ProductCatalogCache eviction failed: heap pressure too high,2026-06-01T14:55:00+00:00,17
cart-service,T007,GC overhead limit warning: pause=<NUM>ms heap=<NUM>%,2026-06-01T14:55:00+00:00,15
cart-service,T008,Checkout completed orderId=ORD-<NUM>,2026-06-01T14:55:00+00:00,7
cart-service,T009,ProductCatalogCache loaded <NUM> entries,2026-06-01T14:55:00+00:00,12
cart-service,T011,Connection pool nearing limit pool=db connections=<NUM>/<NUM>,2026-06-01T14:55:00+00:00,4
cart-service,T015,Cache warm-up slower than expected startup_ms=<NUM>,2026-06-01T14:55:00+00:00,2
cart-service,T1119,Slow response detected endpoint=/api/cart latency=1201ms,2026-06-01T14:55:00+00:00,1
cart-service,T1128,Slow response detected endpoint=/api/cart latency=518ms,2026-06-01T14:55:00+00:00,1
cart-service,T114,Health check response time elevated endpoint=/health latency=136ms,2026-06-01T14:55:00+00:00,1
cart-service,T1270,Slow response detected endpoint=/api/cart latency=849ms,2026-06-01T14:55:00+00:00,1
cart-service,T156,Slow response detected endpoint=/api/cart latency=1392ms,2026-06-01T14:55:00+00:00,1
cart-service,T249,Slow response detected endpoint=/api/cart latency=1181ms,2026-06-01T14:55:00+00:00,1
cart-service,T281,Slow response detected endpoint=/api/cart latency=2750ms,2026-06-01T14:55:00+00:00,1
cart-service,T384,Slow response detected endpoint=/api/cart latency=2303ms,2026-06-01T14:55:00+00:00,1
cart-service,T402,Slow response detected endpoint=/api/cart latency=2192ms,2026-06-01T14:55:00+00:00,1
cart-service,T431,Slow response detected endpoint=/api/cart latency=1029ms,2026-06-01T14:55:00+00:00,1
cart-service,T475,Slow response detected endpoint=/api/cart latency=900ms,2026-06-01T14:55:00+00:00,1
order-service,T005,Cart service call succeeded,2026-06-01T14:55:00+00:00,9
order-service,T006,Order created orderId=ORD-<NUM> userId=<NUM>,2026-06-01T14:55:00+00:00,10
order-service,T010,Health check passed,2026-06-01T14:55:00+00:00,8
order-service,T012,Cart service timeout after <NUM>ms,2026-06-01T14:55:00+00:00,2
cart-service,T001,Health check passed,2026-06-01T15:00:00+00:00,11
cart-service,T002,Item added to cart for userId=<NUM>,2026-06-01T15:00:00+00:00,9
cart-service,T003,DB query executed table=cart rows=<NUM>,2026-06-01T15:00:00+00:00,11
cart-service,T004,ProductCatalogCache eviction failed: heap pressure too high,2026-06-01T15:00:00+00:00,20
cart-service,T007,GC overhead limit warning: pause=<NUM>ms heap=<NUM>%,2026-06-01T15:00:00+00:00,23
cart-service,T008,Checkout completed orderId=ORD-<NUM>,2026-06-01T15:00:00+00:00,8
cart-service,T009,ProductCatalogCache loaded <NUM> entries,2026-06-01T15:00:00+00:00,6
cart-service,T011,Connection pool nearing limit pool=db connections=<NUM>/<NUM>,2026-06-01T15:00:00+00:00,4
cart-service,T015,Cache warm-up slower than expected startup_ms=<NUM>,2026-06-01T15:00:00+00:00,1
cart-service,T045,Health check response time elevated endpoint=/health latency=148ms,2026-06-01T15:00:00+00:00,1
cart-service,T067,Health check response time elevated endpoint=/health latency=143ms,2026-06-01T15:00:00+00:00,1
cart-service,T102,Health check response time elevated endpoint=/health latency=177ms,2026-06-01T15:00:00+00:00,1
cart-service,T1201,Slow response detected endpoint=/api/cart latency=666ms,2026-06-01T15:00:00+00:00,1
cart-service,T1226,Slow response detected endpoint=/api/cart latency=1095ms,2026-06-01T15:00:00+00:00,1
cart-service,T146,Slow response detected endpoint=/api/cart latency=837ms,2026-06-01T15:00:00+00:00,1
cart-service,T169,Slow response detected endpoint=/api/cart latency=1882ms,2026-06-01T15:00:00+00:00,1
cart-service,T205,Slow response detected endpoint=/api/cart latency=746ms,2026-06-01T15:00:00+00:00,1
cart-service,T233,Slow response detected endpoint=/api/cart latency=635ms,2026-06-01T15:00:00+00:00,1
cart-service,T402,Slow response detected endpoint=/api/cart latency=2192ms,2026-06-01T15:00:00+00:00,1
cart-service,T545,Slow response detected endpoint=/api/cart latency=1810ms,2026-06-01T15:00:00+00:00,1
cart-service,T554,Slow response detected endpoint=/api/cart latency=1831ms,2026-06-01T15:00:00+00:00,1
cart-service,T555,Slow response detected endpoint=/api/cart latency=1606ms,2026-06-01T15:00:00+00:00,1
cart-service,T833,Slow response detected endpoint=/api/cart latency=2423ms,2026-06-01T15:00:00+00:00,1
order-service,T005,Cart service call succeeded,2026-06-01T15:00:00+00:00,12
order-service,T006,Order created orderId=ORD-<NUM> userId=<NUM>,2026-06-01T15:00:00+00:00,7
order-service,T010,Health check passed,2026-06-01T15:00:00+00:00,5
order-service,T012,Cart service timeout after <NUM>ms,2026-06-01T15:00:00+00:00,2
cart-service,T001,Health check passed,2026-06-01T15:05:00+00:00,15
cart-service,T002,Item added to cart for userId=<NUM>,2026-06-01T15:05:00+00:00,10
cart-service,T003,DB query executed table=cart rows=<NUM>,2026-06-01T15:05:00+00:00,16
cart-service,T004,ProductCatalogCache eviction failed: heap pressure too high,2026-06-01T15:05:00+00:00,15
cart-service,T007,GC overhead limit warning: pause=<NUM>ms heap=<NUM>%,2026-06-01T15:05:00+00:00,10
cart-service,T008,Checkout completed orderId=ORD-<NUM>,2026-06-01T15:05:00+00:00,8
cart-service,T009,ProductCatalogCache loaded <NUM> entries,2026-06-01T15:05:00+00:00,8
cart-service,T011,Connection pool nearing limit pool=db connections=<NUM>/<NUM>,2026-06-01T15:05:00+00:00,5
cart-service,T015,Cache warm-up slower than expected startup_ms=<NUM>,2026-06-01T15:05:00+00:00,3
cart-service,T1098,Slow response detected endpoint=/api/cart latency=1221ms,2026-06-01T15:05:00+00:00,1
cart-service,T234,Slow response detected endpoint=/api/cart latency=627ms,2026-06-01T15:05:00+00:00,1
cart-service,T316,Slow response detected endpoint=/api/cart latency=2616ms,2026-06-01T15:05:00+00:00,1
cart-service,T532,Slow response detected endpoint=/api/cart latency=1791ms,2026-06-01T15:05:00+00:00,1
cart-service,T576,Slow response detected endpoint=/api/cart latency=1891ms,2026-06-01T15:05:00+00:00,1
cart-service,T589,Slow response detected endpoint=/api/cart latency=1973ms,2026-06-01T15:05:00+00:00,1
cart-service,T827,Slow response detected endpoint=/api/cart latency=2481ms,2026-06-01T15:05:00+00:00,1
order-service,T005,Cart service call succeeded,2026-06-01T15:05:00+00:00,11
order-service,T006,Order created orderId=ORD-<NUM> userId=<NUM>,2026-06-01T15:05:00+00:00,2
order-service,T010,Health check passed,2026-06-01T15:05:00+00:00,3
order-service,T012,Cart service timeout after <NUM>ms,2026-06-01T15:05:00+00:00,3
cart-service,T001,Health check passed,2026-06-01T15:10:00+00:00,12
cart-service,T002,Item added to cart for userId=<NUM>,2026-06-01T15:10:00+00:00,9
cart-service,T003,DB query executed table=cart rows=<NUM>,2026-06-01T15:10:00+00:00,10
cart-service,T004,ProductCatalogCache eviction failed: heap pressure too high,2026-06-01T15:10:00+00:00,20
cart-service,T007,GC overhead limit warning: pause=<NUM>ms heap=<NUM>%,2026-06-01T15:10:00+00:00,14
cart-service,T008,Checkout completed orderId=ORD-<NUM>,2026-06-01T15:10:00+00:00,11
cart-service,T009,ProductCatalogCache loaded <NUM> entries,2026-06-01T15:10:00+00:00,8
cart-service,T011,Connection pool nearing limit pool=db connections=<NUM>/<NUM>,2026-06-01T15:10:00+00:00,2
cart-service,T015,Cache warm-up slower than expected startup_ms=<NUM>,2026-06-01T15:10:00+00:00,2
cart-service,T033,Health check response time elevated endpoint=/health latency=204ms,2026-06-01T15:10:00+00:00,1
cart-service,T139,Slow response detected endpoint=/api/cart latency=1272ms,2026-06-01T15:10:00+00:00,1
cart-service,T140,Slow response detected endpoint=/api/cart latency=1072ms,2026-06-01T15:10:00+00:00,1
cart-service,T236,Slow response detected endpoint=/api/cart latency=661ms,2026-06-01T15:10:00+00:00,1
cart-service,T322,Slow response detected endpoint=/api/cart latency=2636ms,2026-06-01T15:10:00+00:00,1
cart-service,T509,Slow response detected endpoint=/api/cart latency=1649ms,2026-06-01T15:10:00+00:00,1
cart-service,T739,Slow response detected endpoint=/api/cart latency=2231ms,2026-06-01T15:10:00+00:00,1
cart-service,T951,Slow response detected endpoint=/api/cart latency=2676ms,2026-06-01T15:10:00+00:00,1
cart-service,T953,Slow response detected endpoint=/api/cart latency=2683ms,2026-06-01T15:10:00+00:00,1
cart-service,T967,Slow response detected endpoint=/api/cart latency=2702ms,2026-06-01T15:10:00+00:00,1
order-service,T005,Cart service call succeeded,2026-06-01T15:10:00+00:00,7
order-service,T006,Order created orderId=ORD-<NUM> userId=<NUM>,2026-06-01T15:10:00+00:00,11
order-service,T010,Health check passed,2026-06-01T15:10:00+00:00,6
order-service,T012,Cart service timeout after <NUM>ms,2026-06-01T15:10:00+00:00,1
cart-service,T001,Health check passed,2026-06-01T15:15:00+00:00,11
cart-service,T002,Item added to cart for userId=<NUM>,2026-06-01T15:15:00+00:00,12
cart-service,T003,DB query executed table=cart rows=<NUM>,2026-06-01T15:15:00+00:00,8
cart-service,T004,ProductCatalogCache eviction failed: heap pressure too high,2026-06-01T15:15:00+00:00,16
cart-service,T007,GC overhead limit warning: pause=<NUM>ms heap=<NUM>%,2026-06-01T15:15:00+00:00,16
cart-service,T008,Checkout completed orderId=ORD-<NUM>,2026-06-01T15:15:00+00:00,6
cart-service,T009,ProductCatalogCache loaded <NUM> entries,2026-06-01T15:15:00+00:00,9
cart-service,T011,Connection pool nearing limit pool=db connections=<NUM>/<NUM>,2026-06-01T15:15:00+00:00,2
cart-service,T015,Cache warm-up slower than expected startup_ms=<NUM>,2026-06-01T15:15:00+00:00,3
cart-service,T022,Health check response time elevated endpoint=/health latency=243ms,2026-06-01T15:15:00+00:00,1
cart-service,T1084,Slow response detected endpoint=/api/cart latency=502ms,2026-06-01T15:15:00+00:00,1
cart-service,T1110,Slow response detected endpoint=/api/cart latency=2987ms,2026-06-01T15:15:00+00:00,1
cart-service,T1138,Slow response detected endpoint=/api/cart latency=547ms,2026-06-01T15:15:00+00:00,1
cart-service,T159,Slow response detected endpoint=/api/cart latency=2510ms,2026-06-01T15:15:00+00:00,1
cart-service,T193,Slow response detected endpoint=/api/cart latency=861ms,2026-06-01T15:15:00+00:00,1
cart-service,T201,Slow response detected endpoint=/api/cart latency=723ms,2026-06-01T15:15:00+00:00,1
cart-service,T282,Slow response detected endpoint=/api/cart latency=2749ms,2026-06-01T15:15:00+00:00,1
cart-service,T436,Health check response time elevated endpoint=/health latency=236ms,2026-06-01T15:15:00+00:00,1
cart-service,T732,Slow response detected endpoint=/api/cart latency=2209ms,2026-06-01T15:15:00+00:00,1
cart-service,T813,Slow response detected endpoint=/api/cart latency=1453ms,2026-06-01T15:15:00+00:00,1
cart-service,T847,Slow response detected endpoint=/api/cart latency=1431ms,2026-06-01T15:15:00+00:00,1
cart-service,T881,Slow response detected endpoint=/api/cart latency=1404ms,2026-06-01T15:15:00+00:00,1
order-service,T005,Cart service call succeeded,2026-06-01T15:15:00+00:00,11
order-service,T006,Order created orderId=ORD-<NUM> userId=<NUM>,2026-06-01T15:15:00+00:00,11
order-service,T010,Health check passed,2026-06-01T15:15:00+00:00,3
order-service,T012,Cart service timeout after <NUM>ms,2026-06-01T15:15:00+00:00,2
cart-service,T001,Health check passed,2026-06-01T15:20:00+00:00,11
cart-service,T002,Item added to cart for userId=<NUM>,2026-06-01T15:20:00+00:00,4
cart-service,T003,DB query executed table=cart rows=<NUM>,2026-06-01T15:20:00+00:00,9
cart-service,T004,ProductCatalogCache eviction failed: heap pressure too high,2026-06-01T15:20:00+00:00,21
cart-service,T007,GC overhead limit warning: pause=<NUM>ms heap=<NUM>%,2026-06-01T15:20:00+00:00,15
cart-service,T008,Checkout completed orderId=ORD-<NUM>,2026-06-01T15:20:00+00:00,11
cart-service,T009,ProductCatalogCache loaded <NUM> entries,2026-06-01T15:20:00+00:00,5
cart-service,T011,Connection pool nearing limit pool=db connections=<NUM>/<NUM>,2026-06-01T15:20:00+00:00,2
cart-service,T015,Cache warm-up slower than expected startup_ms=<NUM>,2026-06-01T15:20:00+00:00,1
cart-service,T069,Health check response time elevated endpoint=/health latency=146ms,2026-06-01T15:20:00+00:00,1
cart-service,T073,Health check response time elevated endpoint=/health latency=213ms,2026-06-01T15:20:00+00:00,1
cart-service,T1099,Slow response detected endpoint=/api/cart latency=522ms,2026-06-01T15:20:00+00:00,1
cart-service,T1166,Slow response detected endpoint=/api/cart latency=663ms,2026-06-01T15:20:00+00:00,1
cart-service,T1280,Slow response detected endpoint=/api/cart latency=1053ms,2026-06-01T15:20:00+00:00,1
cart-service,T141,Slow response detected endpoint=/api/cart latency=2869ms,2026-06-01T15:20:00+00:00,1
cart-service,T170,Slow response detected endpoint=/api/cart latency=1873ms,2026-06-01T15:20:00+00:00,1
cart-service,T178,Health check response time elevated endpoint=/health latency=135ms,2026-06-01T15:20:00+00:00,1
cart-service,T197,Slow response detected endpoint=/api/cart latency=1098ms,2026-06-01T15:20:00+00:00,1
cart-service,T391,Slow response detected endpoint=/api/cart latency=1552ms,2026-06-01T15:20:00+00:00,1
cart-service,T443,Slow response detected endpoint=/api/cart latency=938ms,2026-06-01T15:20:00+00:00,1
cart-service,T444,Health check response time elevated endpoint=/health latency=129ms,2026-06-01T15:20:00+00:00,1
cart-service,T559,Slow response detected endpoint=/api/cart latency=1617ms,2026-06-01T15:20:00+00:00,1
cart-service,T692,Slow response detected endpoint=/api/cart latency=2114ms,2026-06-01T15:20:00+00:00,1
cart-service,T850,Slow response detected endpoint=/api/cart latency=1438ms,2026-06-01T15:20:00+00:00,1
order-service,T005,Cart service call succeeded,2026-06-01T15:20:00+00:00,8
order-service,T006,Order created orderId=ORD-<NUM> userId=<NUM>,2026-06-01T15:20:00+00:00,12
order-service,T010,Health check passed,2026-06-01T15:20:00+00:00,6
order-service,T012,Cart service timeout after <NUM>ms,2026-06-01T15:20:00+00:00,3
cart-service,T001,Health check passed,2026-06-01T15:25:00+00:00,6
cart-service,T002,Item added to cart for userId=<NUM>,2026-06-01T15:25:00+00:00,15
cart-service,T003,DB query executed table=cart rows=<NUM>,2026-06-01T15:25:00+00:00,4
cart-service,T004,ProductCatalogCache eviction failed: heap pressure too high,2026-06-01T15:25:00+00:00,15
cart-service,T007,GC overhead limit warning: pause=<NUM>ms heap=<NUM>%,2026-06-01T15:25:00+00:00,17
cart-service,T008,Checkout completed orderId=ORD-<NUM>,2026-06-01T15:25:00+00:00,9
cart-service,T009,ProductCatalogCache loaded <NUM> entries,2026-06-01T15:25:00+00:00,6
cart-service,T011,Connection pool nearing limit pool=db connections=<NUM>/<NUM>,2026-06-01T15:25:00+00:00,3
cart-service,T015,Cache warm-up slower than expected startup_ms=<NUM>,2026-06-01T15:25:00+00:00,4
cart-service,T1011,Slow response detected endpoint=/api/cart latency=2788ms,2026-06-01T15:25:00+00:00,1
cart-service,T1085,Slow response detected endpoint=/api/cart latency=503ms,2026-06-01T15:25:00+00:00,1
cart-service,T1133,Slow response detected endpoint=/api/cart latency=1175ms,2026-06-01T15:25:00+00:00,1
cart-service,T139,Slow response detected endpoint=/api/cart latency=1272ms,2026-06-01T15:25:00+00:00,1
cart-service,T179,Slow response detected endpoint=/api/cart latency=1628ms,2026-06-01T15:25:00+00:00,1
cart-service,T277,Slow response detected endpoint=/api/cart latency=1313ms,2026-06-01T15:25:00+00:00,1
cart-service,T396,Slow response detected endpoint=/api/cart latency=2172ms,2026-06-01T15:25:00+00:00,1
cart-service,T448,Slow response detected endpoint=/api/cart latency=1707ms,2026-06-01T15:25:00+00:00,1
cart-service,T455,Slow response detected endpoint=/api/cart latency=1636ms,2026-06-01T15:25:00+00:00,1
cart-service,T573,Slow response detected endpoint=/api/cart latency=1877ms,2026-06-01T15:25:00+00:00,1
cart-service,T645,Slow response detected endpoint=/api/cart latency=2036ms,2026-06-01T15:25:00+00:00,1
cart-service,T844,Slow response detected endpoint=/api/cart latency=1424ms,2026-06-01T15:25:00+00:00,1
cart-service,T963,Slow response detected endpoint=/api/cart latency=2694ms,2026-06-01T15:25:00+00:00,1
order-service,T005,Cart service call succeeded,2026-06-01T15:25:00+00:00,6
order-service,T006,Order created orderId=ORD-<NUM> userId=<NUM>,2026-06-01T15:25:00+00:00,9
order-service,T010,Health check passed,2026-06-01T15:25:00+00:00,9
order-service,T012,Cart service timeout after <NUM>ms,2026-06-01T15:25:00+00:00,1
cart-service,T001,Health check passed,2026-06-01T15:30:00+00:00,6
cart-service,T002,Item added to cart for userId=<NUM>,2026-06-01T15:30:00+00:00,8
cart-service,T003,DB query executed table=cart rows=<NUM>,2026-06-01T15:30:00+00:00,14
cart-service,T004,ProductCatalogCache eviction failed: heap pressure too high,2026-06-01T15:30:00+00:00,19
cart-service,T007,GC overhead limit warning: pause=<NUM>ms heap=<NUM>%,2026-06-01T15:30:00+00:00,19
cart-service,T008,Checkout completed orderId=ORD-<NUM>,2026-06-01T15:30:00+00:00,8
cart-service,T009,ProductCatalogCache loaded <NUM> entries,2026-06-01T15:30:00+00:00,3
cart-service,T011,Connection pool nearing limit pool=db connections=<NUM>/<NUM>,2026-06-01T15:30:00+00:00,2
cart-service,T015,Cache warm-up slower than expected startup_ms=<NUM>,2026-06-01T15:30:00+00:00,1
cart-service,T028,Health check response time elevated endpoint=/health latency=222ms,2026-06-01T15:30:00+00:00,1
cart-service,T1120,Slow response detected endpoint=/api/cart latency=1207ms,2026-06-01T15:30:00+00:00,1
cart-service,T1182,Slow response detected endpoint=/api/cart latency=1134ms,2026-06-01T15:30:00+00:00,1
cart-service,T1265,Slow response detected endpoint=/api/cart latency=826ms,2026-06-01T15:30:00+00:00,1
cart-service,T132,Slow response detected endpoint=/api/cart latency=956ms,2026-06-01T15:30:00+00:00,1
cart-service,T162,Slow response detected endpoint=/api/cart latency=2465ms,2026-06-01T15:30:00+00:00,1
cart-service,T197,Slow response detected endpoint=/api/cart latency=1098ms,2026-06-01T15:30:00+00:00,1
cart-service,T313,Slow response detected endpoint=/api/cart latency=1638ms,2026-06-01T15:30:00+00:00,2
cart-service,T449,Slow response detected endpoint=/api/cart latency=999ms,2026-06-01T15:30:00+00:00,1
cart-service,T452,Slow response detected endpoint=/api/cart latency=908ms,2026-06-01T15:30:00+00:00,1
cart-service,T891,Slow response detected endpoint=/api/cart latency=2558ms,2026-06-01T15:30:00+00:00,1
order-service,T005,Cart service call succeeded,2026-06-01T15:30:00+00:00,5
order-service,T006,Order created orderId=ORD-<NUM> userId=<NUM>,2026-06-01T15:30:00+00:00,13
order-service,T010,Health check passed,2026-06-01T15:30:00+00:00,5
order-service,T012,Cart service timeout after <NUM>ms,2026-06-01T15:30:00+00:00,1
cart-service,T001,Health check passed,2026-06-01T15:35:00+00:00,14
cart-service,T002,Item added to cart for userId=<NUM>,2026-06-01T15:35:00+00:00,19
cart-service,T003,DB query executed table=cart rows=<NUM>,2026-06-01T15:35:00+00:00,13
cart-service,T004,ProductCatalogCache eviction failed: heap pressure too high,2026-06-01T15:35:00+00:00,21
cart-service,T007,GC overhead limit warning: pause=<NUM>ms heap=<NUM>%,2026-06-01T15:35:00+00:00,19
cart-service,T008,Checkout completed orderId=ORD-<NUM>,2026-06-01T15:35:00+00:00,5
cart-service,T009,ProductCatalogCache loaded <NUM> entries,2026-06-01T15:35:00+00:00,2
cart-service,T015,Cache warm-up slower than expected startup_ms=<NUM>,2026-06-01T15:35:00+00:00,1
cart-service,T037,Health check response time elevated endpoint=/health latency=206ms,2026-06-01T15:35:00+00:00,1
cart-service,T040,Health check response time elevated endpoint=/health latency=203ms,2026-06-01T15:35:00+00:00,1
cart-service,T101,Slow response detected endpoint=/api/cart latency=858ms,2026-06-01T15:35:00+00:00,1
cart-service,T1040,Slow response detected endpoint=/api/cart latency=2857ms,2026-06-01T15:35:00+00:00,1
cart-service,T1054,Slow response detected endpoint=/api/cart latency=2949ms,2026-06-01T15:35:00+00:00,1
cart-service,T1309,Slow response detected endpoint=/api/cart latency=1710ms,2026-06-01T15:35:00+00:00,1
cart-service,T597,Slow response detected endpoint=/api/cart latency=1921ms,2026-06-01T15:35:00+00:00,1
cart-service,T705,Slow response detected endpoint=/api/cart latency=2154ms,2026-06-01T15:35:00+00:00,1
cart-service,T786,Slow response detected endpoint=/api/cart latency=1487ms,2026-06-01T15:35:00+00:00,1
cart-service,T853,Slow response detected endpoint=/api/cart latency=2457ms,2026-06-01T15:35:00+00:00,1
order-service,T005,Cart service call succeeded,2026-06-01T15:35:00+00:00,10
order-service,T006,Order created orderId=ORD-<NUM> userId=<NUM>,2026-06-01T15:35:00+00:00,7
order-service,T010,Health check passed,2026-06-01T15:35:00+00:00,7
order-service,T012,Cart service timeout after <NUM>ms,2026-06-01T15:35:00+00:00,2
cart-service,T001,Health check passed,2026-06-01T15:40:00+00:00,13
cart-service,T002,Item added to cart for userId=<NUM>,2026-06-01T15:40:00+00:00,14
cart-service,T003,DB query executed table=cart rows=<NUM>,2026-06-01T15:40:00+00:00,8
cart-service,T004,ProductCatalogCache eviction failed: heap pressure too high,2026-06-01T15:40:00+00:00,16
cart-service,T007,GC overhead limit warning: pause=<NUM>ms heap=<NUM>%,2026-06-01T15:40:00+00:00,17
cart-service,T008,Checkout completed orderId=ORD-<NUM>,2026-06-01T15:40:00+00:00,7
cart-service,T009,ProductCatalogCache loaded <NUM> entries,2026-06-01T15:40:00+00:00,8
cart-service,T011,Connection pool nearing limit pool=db connections=<NUM>/<NUM>,2026-06-01T15:40:00+00:00,7
cart-service,T039,Health check response time elevated endpoint=/health latency=215ms,2026-06-01T15:40:00+00:00,1
cart-service,T052,Health check response time elevated endpoint=/health latency=250ms,2026-06-01T15:40:00+00:00,1
cart-service,T1012,Slow response detected endpoint=/api/cart latency=2789ms,2026-06-01T15:40:00+00:00,1
cart-service,T1140,Slow response detected endpoint=/api/cart latency=549ms,2026-06-01T15:40:00+00:00,1
cart-service,T117,Health check response time elevated endpoint=/health latency=198ms,2026-06-01T15:40:00+00:00,1
cart-service,T1295,Slow response detected endpoint=/api/cart latency=991ms,2026-06-01T15:40:00+00:00,1
cart-service,T170,Slow response detected endpoint=/api/cart latency=1873ms,2026-06-01T15:40:00+00:00,1
cart-service,T196,Slow response detected endpoint=/api/cart latency=1099ms,2026-06-01T15:40:00+00:00,1
cart-service,T417,Slow response detected endpoint=/api/cart latency=2047ms,2026-06-01T15:40:00+00:00,1
cart-service,T456,Health check response time elevated endpoint=/health latency=246ms,2026-06-01T15:40:00+00:00,1
cart-service,T500,Slow response detected endpoint=/api/cart latency=1688ms,2026-06-01T15:40:00+00:00,1
cart-service,T893,Slow response detected endpoint=/api/cart latency=2564ms,2026-06-01T15:40:00+00:00,1
order-service,T005,Cart service call succeeded,2026-06-01T15:40:00+00:00,9
order-service,T006,Order created orderId=ORD-<NUM> userId=<NUM>,2026-06-01T15:40:00+00:00,9
order-service,T010,Health check passed,2026-06-01T15:40:00+00:00,3
order-service,T012,Cart service timeout after <NUM>ms,2026-06-01T15:40:00+00:00,1
cart-service,T001,Health check passed,2026-06-01T15:45:00+00:00,10
cart-service,T002,Item added to cart for userId=<NUM>,2026-06-01T15:45:00+00:00,13
cart-service,T003,DB query executed table=cart rows=<NUM>,2026-06-01T15:45:00+00:00,10
cart-service,T004,ProductCatalogCache eviction failed: heap pressure too high,2026-06-01T15:45:00+00:00,16
cart-service,T007,GC overhead limit warning: pause=<NUM>ms heap=<NUM>%,2026-06-01T15:45:00+00:00,12
cart-service,T008,Checkout completed orderId=ORD-<NUM>,2026-06-01T15:45:00+00:00,13
cart-service,T009,ProductCatalogCache loaded <NUM> entries,2026-06-01T15:45:00+00:00,7
cart-service,T011,Connection pool nearing limit pool=db connections=<NUM>/<NUM>,2026-06-01T15:45:00+00:00,5
cart-service,T015,Cache warm-up slower than expected startup_ms=<NUM>,2026-06-01T15:45:00+00:00,5
cart-service,T033,Health check response time elevated endpoint=/health latency=204ms,2026-06-01T15:45:00+00:00,1
cart-service,T1113,Slow response detected endpoint=/api/cart latency=2995ms,2026-06-01T15:45:00+00:00,1
cart-service,T290,Slow response detected endpoint=/api/cart latency=2827ms,2026-06-01T15:45:00+00:00,1
cart-service,T394,Slow response detected endpoint=/api/cart latency=1534ms,2026-06-01T15:45:00+00:00,1
cart-service,T437,Health check response time elevated endpoint=/health latency=234ms,2026-06-01T15:45:00+00:00,1
cart-service,T622,Slow response detected endpoint=/api/cart latency=1571ms,2026-06-01T15:45:00+00:00,1
cart-service,T921,Slow response detected endpoint=/api/cart latency=2612ms,2026-06-01T15:45:00+00:00,1
order-service,T005,Cart service call succeeded,2026-06-01T15:45:00+00:00,6
order-service,T006,Order created orderId=ORD-<NUM> userId=<NUM>,2026-06-01T15:45:00+00:00,8
order-service,T010,Health check passed,2026-06-01T15:45:00+00:00,9
cart-service,T001,Health check passed,2026-06-01T15:50:00+00:00,10
cart-service,T002,Item added to cart for userId=<NUM>,2026-06-01T15:50:00+00:00,13
cart-service,T003,DB query executed table=cart rows=<NUM>,2026-06-01T15:50:00+00:00,9
cart-service,T004,ProductCatalogCache eviction failed: heap pressure too high,2026-06-01T15:50:00+00:00,14
cart-service,T007,GC overhead limit warning: pause=<NUM>ms heap=<NUM>%,2026-06-01T15:50:00+00:00,13
cart-service,T008,Checkout completed orderId=ORD-<NUM>,2026-06-01T15:50:00+00:00,10
cart-service,T009,ProductCatalogCache loaded <NUM> entries,2026-06-01T15:50:00+00:00,10
cart-service,T011,Connection pool nearing limit pool=db connections=<NUM>/<NUM>,2026-06-01T15:50:00+00:00,4
cart-service,T015,Cache warm-up slower than expected startup_ms=<NUM>,2026-06-01T15:50:00+00:00,2
cart-service,T038,Health check response time elevated endpoint=/health latency=121ms,2026-06-01T15:50:00+00:00,1
cart-service,T039,Health check response time elevated endpoint=/health latency=215ms,2026-06-01T15:50:00+00:00,1
cart-service,T1006,Slow response detected endpoint=/api/cart latency=2772ms,2026-06-01T15:50:00+00:00,1
cart-service,T1062,Slow response detected endpoint=/api/cart latency=2901ms,2026-06-01T15:50:00+00:00,1
cart-service,T1106,Slow response detected endpoint=/api/cart latency=2982ms,2026-06-01T15:50:00+00:00,1
cart-service,T155,Slow response detected endpoint=/api/cart latency=2720ms,2026-06-01T15:50:00+00:00,1
cart-service,T172,Health check response time elevated endpoint=/health latency=230ms,2026-06-01T15:50:00+00:00,1
cart-service,T192,Slow response detected endpoint=/api/cart latency=881ms,2026-06-01T15:50:00+00:00,1
cart-service,T248,Slow response detected endpoint=/api/cart latency=546ms,2026-06-01T15:50:00+00:00,1
cart-service,T251,Slow response detected endpoint=/api/cart latency=2934ms,2026-06-01T15:50:00+00:00,1
cart-service,T274,Slow response detected endpoint=/api/cart latency=2945ms,2026-06-01T15:50:00+00:00,1
cart-service,T324,Health check response time elevated endpoint=/health latency=160ms,2026-06-01T15:50:00+00:00,1
cart-service,T550,Slow response detected endpoint=/api/cart latency=1822ms,2026-06-01T15:50:00+00:00,1
cart-service,T560,Slow response detected endpoint=/api/cart latency=1618ms,2026-06-01T15:50:00+00:00,1
cart-service,T635,Slow response detected endpoint=/api/cart latency=2077ms,2026-06-01T15:50:00+00:00,1
cart-service,T737,Slow response detected endpoint=/api/cart latency=2226ms,2026-06-01T15:50:00+00:00,1
order-service,T005,Cart service call succeeded,2026-06-01T15:50:00+00:00,11
order-service,T006,Order created orderId=ORD-<NUM> userId=<NUM>,2026-06-01T15:50:00+00:00,5
order-service,T010,Health check passed,2026-06-01T15:50:00+00:00,5
order-service,T012,Cart service timeout after <NUM>ms,2026-06-01T15:50:00+00:00,1
cart-service,T001,Health check passed,2026-06-01T15:55:00+00:00,16
cart-service,T002,Item added to cart for userId=<NUM>,2026-06-01T15:55:00+00:00,14
cart-service,T003,DB query executed table=cart rows=<NUM>,2026-06-01T15:55:00+00:00,5
cart-service,T004,ProductCatalogCache eviction failed: heap pressure too high,2026-06-01T15:55:00+00:00,26
cart-service,T007,GC overhead limit warning: pause=<NUM>ms heap=<NUM>%,2026-06-01T15:55:00+00:00,15
cart-service,T008,Checkout completed orderId=ORD-<NUM>,2026-06-01T15:55:00+00:00,7
cart-service,T009,ProductCatalogCache loaded <NUM> entries,2026-06-01T15:55:00+00:00,3
cart-service,T011,Connection pool nearing limit pool=db connections=<NUM>/<NUM>,2026-06-01T15:55:00+00:00,9
cart-service,T015,Cache warm-up slower than expected startup_ms=<NUM>,2026-06-01T15:55:00+00:00,4
cart-service,T052,Health check response time elevated endpoint=/health latency=250ms,2026-06-01T15:55:00+00:00,1
cart-service,T063,Health check response time elevated endpoint=/health latency=164ms,2026-06-01T15:55:00+00:00,1
cart-service,T1016,Slow response detected endpoint=/api/cart latency=2807ms,2026-06-01T15:55:00+00:00,1
cart-service,T1049,Slow response detected endpoint=/api/cart latency=1265ms,2026-06-01T15:55:00+00:00,1
cart-service,T226,Slow response detected endpoint=/api/cart latency=603ms,2026-06-01T15:55:00+00:00,1
cart-service,T332,Slow response detected endpoint=/api/cart latency=2556ms,2026-06-01T15:55:00+00:00,1
cart-service,T352,Slow response detected endpoint=/api/cart latency=2466ms,2026-06-01T15:55:00+00:00,1
cart-service,T408,Slow response detected endpoint=/api/cart latency=1976ms,2026-06-01T15:55:00+00:00,1
cart-service,T438,Health check response time elevated endpoint=/health latency=232ms,2026-06-01T15:55:00+00:00,1
cart-service,T882,Slow response detected endpoint=/api/cart latency=1410ms,2026-06-01T15:55:00+00:00,1
cart-service,T926,Slow response detected endpoint=/api/cart latency=1339ms,2026-06-01T15:55:00+00:00,1
cart-service,T937,Slow response detected endpoint=/api/cart latency=2641ms,2026-06-01T15:55:00+00:00,1
order-service,T005,Cart service call succeeded,2026-06-01T15:55:00+00:00,16
order-service,T006,Order created orderId=ORD-<NUM> userId=<NUM>,2026-06-01T15:55:00+00:00,5
order-service,T010,Health check passed,2026-06-01T15:55:00+00:00,8
order-service,T012,Cart service timeout after <NUM>ms,2026-06-01T15:55:00+00:00,1
cart-service,T001,Health check passed,2026-06-01T16:00:00+00:00,12
cart-service,T002,Item added to cart for userId=<NUM>,2026-06-01T16:00:00+00:00,7
cart-service,T003,DB query executed table=cart rows=<NUM>,2026-06-01T16:00:00+00:00,10
cart-service,T004,ProductCatalogCache eviction failed: heap pressure too high,2026-06-01T16:00:00+00:00,20
cart-service,T007,GC overhead limit warning: pause=<NUM>ms heap=<NUM>%,2026-06-01T16:00:00+00:00,15
cart-service,T008,Checkout completed orderId=ORD-<NUM>,2026-06-01T16:00:00+00:00,9
cart-service,T009,ProductCatalogCache loaded <NUM> entries,2026-06-01T16:00:00+00:00,6
cart-service,T011,Connection pool nearing limit pool=db connections=<NUM>/<NUM>,2026-06-01T16:00:00+00:00,3
cart-service,T015,Cache warm-up slower than expected startup_ms=<NUM>,2026-06-01T16:00:00+00:00,2
cart-service,T044,Health check response time elevated endpoint=/health latency=192ms,2026-06-01T16:00:00+00:00,1
cart-service,T1038,Slow response detected endpoint=/api/cart latency=2855ms,2026-06-01T16:00:00+00:00,1
cart-service,T105,Slow response detected endpoint=/api/cart latency=1514ms,2026-06-01T16:00:00+00:00,1
cart-service,T110,Health check response time elevated endpoint=/health latency=152ms,2026-06-01T16:00:00+00:00,1
cart-service,T1111,Slow response detected endpoint=/api/cart latency=2991ms,2026-06-01T16:00:00+00:00,1
cart-service,T1131,Slow response detected endpoint=/api/cart latency=1170ms,2026-06-01T16:00:00+00:00,1
cart-service,T1132,Slow response detected endpoint=/api/cart latency=1171ms,2026-06-01T16:00:00+00:00,1
cart-service,T1222,Slow response detected endpoint=/api/cart latency=743ms,2026-06-01T16:00:00+00:00,1
cart-service,T1225,Slow response detected endpoint=/api/cart latency=1093ms,2026-06-01T16:00:00+00:00,1
cart-service,T164,Slow response detected endpoint=/api/cart latency=2310ms,2026-06-01T16:00:00+00:00,1
cart-service,T345,Slow response detected endpoint=/api/cart latency=2440ms,2026-06-01T16:00:00+00:00,1
cart-service,T378,Slow response detected endpoint=/api/cart latency=2227ms,2026-06-01T16:00:00+00:00,1
cart-service,T379,Slow response detected endpoint=/api/cart latency=2270ms,2026-06-01T16:00:00+00:00,1
cart-service,T482,Slow response detected endpoint=/api/cart latency=920ms,2026-06-01T16:00:00+00:00,1
cart-service,T629,Slow response detected endpoint=/api/cart latency=1588ms,2026-06-01T16:00:00+00:00,1
cart-service,T930,Slow response detected endpoint=/api/cart latency=1357ms,2026-06-01T16:00:00+00:00,1
order-service,T005,Cart service call succeeded,2026-06-01T16:00:00+00:00,6
order-service,T006,Order created orderId=ORD-<NUM> userId=<NUM>,2026-06-01T16:00:00+00:00,9
order-service,T010,Health check passed,2026-06-01T16:00:00+00:00,7
order-service,T012,Cart service timeout after <NUM>ms,2026-06-01T16:00:00+00:00,3
cart-service,T001,Health check passed,2026-06-01T16:05:00+00:00,9
cart-service,T002,Item added to cart for userId=<NUM>,2026-06-01T16:05:00+00:00,8
cart-service,T003,DB query executed table=cart rows=<NUM>,2026-06-01T16:05:00+00:00,9
cart-service,T004,ProductCatalogCache eviction failed: heap pressure too high,2026-06-01T16:05:00+00:00,22
cart-service,T007,GC overhead limit warning: pause=<NUM>ms heap=<NUM>%,2026-06-01T16:05:00+00:00,16
cart-service,T008,Checkout completed orderId=ORD-<NUM>,2026-06-01T16:05:00+00:00,10
cart-service,T009,ProductCatalogCache loaded <NUM> entries,2026-06-01T16:05:00+00:00,7
cart-service,T011,Connection pool nearing limit pool=db connections=<NUM>/<NUM>,2026-06-01T16:05:00+00:00,2
cart-service,T015,Cache warm-up slower than expected startup_ms=<NUM>,2026-06-01T16:05:00+00:00,2
cart-service,T103,Slow response detected endpoint=/api/cart latency=1100ms,2026-06-01T16:05:00+00:00,1
cart-service,T1031,Slow response detected endpoint=/api/cart latency=2820ms,2026-06-01T16:05:00+00:00,1
cart-service,T1232,Slow response detected endpoint=/api/cart latency=813ms,2026-06-01T16:05:00+00:00,1
cart-service,T153,Slow response detected endpoint=/api/cart latency=896ms,2026-06-01T16:05:00+00:00,1
cart-service,T166,Slow response detected endpoint=/api/cart latency=2171ms,2026-06-01T16:05:00+00:00,1
cart-service,T292,Slow response detected endpoint=/api/cart latency=2627ms,2026-06-01T16:05:00+00:00,1
cart-service,T345,Slow response detected endpoint=/api/cart latency=2440ms,2026-06-01T16:05:00+00:00,1
cart-service,T783,Slow response detected endpoint=/api/cart latency=1480ms,2026-06-01T16:05:00+00:00,1
cart-service,T865,Slow response detected endpoint=/api/cart latency=2508ms,2026-06-01T16:05:00+00:00,1
cart-service,T955,Slow response detected endpoint=/api/cart latency=2738ms,2026-06-01T16:05:00+00:00,1
order-service,T005,Cart service call succeeded,2026-06-01T16:05:00+00:00,11
order-service,T006,Order created orderId=ORD-<NUM> userId=<NUM>,2026-06-01T16:05:00+00:00,14
order-service,T010,Health check passed,2026-06-01T16:05:00+00:00,4
cart-service,T001,Health check passed,2026-06-01T16:10:00+00:00,15
cart-service,T002,Item added to cart for userId=<NUM>,2026-06-01T16:10:00+00:00,6
cart-service,T003,DB query executed table=cart rows=<NUM>,2026-06-01T16:10:00+00:00,9
cart-service,T004,ProductCatalogCache eviction failed: heap pressure too high,2026-06-01T16:10:00+00:00,22
cart-service,T007,GC overhead limit warning: pause=<NUM>ms heap=<NUM>%,2026-06-01T16:10:00+00:00,12
cart-service,T008,Checkout completed orderId=ORD-<NUM>,2026-06-01T16:10:00+00:00,10
cart-service,T009,ProductCatalogCache loaded <NUM> entries,2026-06-01T16:10:00+00:00,8
cart-service,T011,Connection pool nearing limit pool=db connections=<NUM>/<NUM>,2026-06-01T16:10:00+00:00,7
cart-service,T015,Cache warm-up slower than expected startup_ms=<NUM>,2026-06-01T16:10:00+00:00,3
cart-service,T025,Health check response time elevated endpoint=/health latency=225ms,2026-06-01T16:10:00+00:00,1
cart-service,T038,Health check response time elevated endpoint=/health latency=121ms,2026-06-01T16:10:00+00:00,1
cart-service,T1123,Slow response detected endpoint=/api/cart latency=1215ms,2026-06-01T16:10:00+00:00,1
cart-service,T122,Health check response time elevated endpoint=/health latency=217ms,2026-06-01T16:10:00+00:00,1
cart-service,T1289,Slow response detected endpoint=/api/cart latency=884ms,2026-06-01T16:10:00+00:00,1
cart-service,T165,Slow response detected endpoint=/api/cart latency=2294ms,2026-06-01T16:10:00+00:00,1
cart-service,T168,Slow response detected endpoint=/api/cart latency=1833ms,2026-06-01T16:10:00+00:00,1
cart-service,T169,Slow response detected endpoint=/api/cart latency=1882ms,2026-06-01T16:10:00+00:00,1
cart-service,T217,Slow response detected endpoint=/api/cart latency=700ms,2026-06-01T16:10:00+00:00,1
cart-service,T302,Slow response detected endpoint=/api/cart latency=2700ms,2026-06-01T16:10:00+00:00,1
cart-service,T343,Slow response detected endpoint=/api/cart latency=1444ms,2026-06-01T16:10:00+00:00,1
cart-service,T426,Slow response detected endpoint=/api/cart latency=1843ms,2026-06-01T16:10:00+00:00,1
cart-service,T529,Slow response detected endpoint=/api/cart latency=1787ms,2026-06-01T16:10:00+00:00,1
cart-service,T762,Slow response detected endpoint=/api/cart latency=2273ms,2026-06-01T16:10:00+00:00,1
cart-service,T980,Slow response detected endpoint=/api/cart latency=2725ms,2026-06-01T16:10:00+00:00,1
order-service,T005,Cart service call succeeded,2026-06-01T16:10:00+00:00,9
order-service,T006,Order created orderId=ORD-<NUM> userId=<NUM>,2026-06-01T16:10:00+00:00,7
order-service,T010,Health check passed,2026-06-01T16:10:00+00:00,5
order-service,T012,Cart service timeout after <NUM>ms,2026-06-01T16:10:00+00:00,3
cart-service,T001,Health check passed,2026-06-01T16:15:00+00:00,18
cart-service,T002,Item added to cart for userId=<NUM>,2026-06-01T16:15:00+00:00,9
cart-service,T003,DB query executed table=cart rows=<NUM>,2026-06-01T16:15:00+00:00,3
cart-service,T004,ProductCatalogCache eviction failed: heap pressure too high,2026-06-01T16:15:00+00:00,19
cart-service,T007,GC overhead limit warning: pause=<NUM>ms heap=<NUM>%,2026-06-01T16:15:00+00:00,17
cart-service,T008,Checkout completed orderId=ORD-<NUM>,2026-06-01T16:15:00+00:00,9
cart-service,T009,ProductCatalogCache loaded <NUM> entries,2026-06-01T16:15:00+00:00,8
cart-service,T015,Cache warm-up slower than expected startup_ms=<NUM>,2026-06-01T16:15:00+00:00,5
cart-service,T038,Health check response time elevated endpoint=/health latency=121ms,2026-06-01T16:15:00+00:00,1
cart-service,T109,Health check response time elevated endpoint=/health latency=155ms,2026-06-01T16:15:00+00:00,1
cart-service,T1152,Slow response detected endpoint=/api/cart latency=591ms,2026-06-01T16:15:00+00:00,1
cart-service,T241,Slow response detected endpoint=/api/cart latency=1211ms,2026-06-01T16:15:00+00:00,1
cart-service,T415,Slow response detected endpoint=/api/cart latency=2056ms,2026-06-01T16:15:00+00:00,1
cart-service,T486,Slow response detected endpoint=/api/cart latency=1027ms,2026-06-01T16:15:00+00:00,1
cart-service,T644,Slow response detected endpoint=/api/cart latency=2035ms,2026-06-01T16:15:00+00:00,1
cart-service,T916,Slow response detected endpoint=/api/cart latency=2592ms,2026-06-01T16:15:00+00:00,1
cart-service,T993,Slow response detected endpoint=/api/cart latency=2762ms,2026-06-01T16:15:00+00:00,1
order-service,T005,Cart service call succeeded,2026-06-01T16:15:00+00:00,12
order-service,T006,Order created orderId=ORD-<NUM> userId=<NUM>,2026-06-01T16:15:00+00:00,4
order-service,T010,Health check passed,2026-06-01T16:15:00+00:00,7
order-service,T012,Cart service timeout after <NUM>ms,2026-06-01T16:15:00+00:00,3
cart-service,T001,Health check passed,2026-06-01T16:20:00+00:00,8
cart-service,T002,Item added to cart for userId=<NUM>,2026-06-01T16:20:00+00:00,6
cart-service,T003,DB query executed table=cart rows=<NUM>,2026-06-01T16:20:00+00:00,11
cart-service,T004,ProductCatalogCache eviction failed: heap pressure too high,2026-06-01T16:20:00+00:00,25
cart-service,T007,GC overhead limit warning: pause=<NUM>ms heap=<NUM>%,2026-06-01T16:20:00+00:00,13
cart-service,T008,Checkout completed orderId=ORD-<NUM>,2026-06-01T16:20:00+00:00,5
cart-service,T009,ProductCatalogCache loaded <NUM> entries,2026-06-01T16:20:00+00:00,5
cart-service,T011,Connection pool nearing limit pool=db connections=<NUM>/<NUM>,2026-06-01T16:20:00+00:00,7
cart-service,T015,Cache warm-up slower than expected startup_ms=<NUM>,2026-06-01T16:20:00+00:00,2
cart-service,T027,Health check response time elevated endpoint=/health latency=244ms,2026-06-01T16:20:00+00:00,1
cart-service,T051,Health check response time elevated endpoint=/health latency=187ms,2026-06-01T16:20:00+00:00,1
cart-service,T091,Slow response detected endpoint=/api/cart latency=2864ms,2026-06-01T16:20:00+00:00,1
cart-service,T156,Slow response detected endpoint=/api/cart latency=1392ms,2026-06-01T16:20:00+00:00,1
cart-service,T237,Slow response detected endpoint=/api/cart latency=2984ms,2026-06-01T16:20:00+00:00,1
cart-service,T256,Slow response detected endpoint=/api/cart latency=1245ms,2026-06-01T16:20:00+00:00,1
cart-service,T260,Slow response detected endpoint=/api/cart latency=2964ms,2026-06-01T16:20:00+00:00,1
cart-service,T296,Slow response detected endpoint=/api/cart latency=1361ms,2026-06-01T16:20:00+00:00,1
cart-service,T395,Slow response detected endpoint=/api/cart latency=2176ms,2026-06-01T16:20:00+00:00,1
cart-service,T423,Slow response detected endpoint=/api/cart latency=1596ms,2026-06-01T16:20:00+00:00,1
cart-service,T460,Health check response time elevated endpoint=/health latency=205ms,2026-06-01T16:20:00+00:00,1
cart-service,T582,Slow response detected endpoint=/api/cart latency=1909ms,2026-06-01T16:20:00+00:00,1
cart-service,T790,Slow response detected endpoint=/api/cart latency=1493ms,2026-06-01T16:20:00+00:00,1
cart-service,T912,Slow response detected endpoint=/api/cart latency=2585ms,2026-06-01T16:20:00+00:00,1
order-service,T005,Cart service call succeeded,2026-06-01T16:20:00+00:00,12
order-service,T006,Order created orderId=ORD-<NUM> userId=<NUM>,2026-06-01T16:20:00+00:00,12
order-service,T010,Health check passed,2026-06-01T16:20:00+00:00,8
order-service,T012,Cart service timeout after <NUM>ms,2026-06-01T16:20:00+00:00,1
cart-service,T001,Health check passed,2026-06-01T16:25:00+00:00,17
cart-service,T002,Item added to cart for userId=<NUM>,2026-06-01T16:25:00+00:00,9
cart-service,T003,DB query executed table=cart rows=<NUM>,2026-06-01T16:25:00+00:00,8
cart-service,T004,ProductCatalogCache eviction failed: heap pressure too high,2026-06-01T16:25:00+00:00,15
cart-service,T007,GC overhead limit warning: pause=<NUM>ms heap=<NUM>%,2026-06-01T16:25:00+00:00,16
cart-service,T008,Checkout completed orderId=ORD-<NUM>,2026-06-01T16:25:00+00:00,9
cart-service,T009,ProductCatalogCache loaded <NUM> entries,2026-06-01T16:25:00+00:00,8
cart-service,T011,Connection pool nearing limit pool=db connections=<NUM>/<NUM>,2026-06-01T16:25:00+00:00,2
cart-service,T015,Cache warm-up slower than expected startup_ms=<NUM>,2026-06-01T16:25:00+00:00,4
cart-service,T021,Health check response time elevated endpoint=/health latency=139ms,2026-06-01T16:25:00+00:00,1
cart-service,T142,Slow response detected endpoint=/api/cart latency=2975ms,2026-06-01T16:25:00+00:00,1
cart-service,T157,Slow response detected endpoint=/api/cart latency=2575ms,2026-06-01T16:25:00+00:00,1
cart-service,T163,Slow response detected endpoint=/api/cart latency=2333ms,2026-06-01T16:25:00+00:00,1
cart-service,T178,Health check response time elevated endpoint=/health latency=135ms,2026-06-01T16:25:00+00:00,1
cart-service,T258,Slow response detected endpoint=/api/cart latency=1239ms,2026-06-01T16:25:00+00:00,1
cart-service,T296,Slow response detected endpoint=/api/cart latency=1361ms,2026-06-01T16:25:00+00:00,1
cart-service,T326,Slow response detected endpoint=/api/cart latency=1413ms,2026-06-01T16:25:00+00:00,1
cart-service,T403,Slow response detected endpoint=/api/cart latency=1939ms,2026-06-01T16:25:00+00:00,1
cart-service,T467,Slow response detected endpoint=/api/cart latency=979ms,2026-06-01T16:25:00+00:00,1
cart-service,T627,Slow response detected endpoint=/api/cart latency=1586ms,2026-06-01T16:25:00+00:00,1
cart-service,T811,Slow response detected endpoint=/api/cart latency=1451ms,2026-06-01T16:25:00+00:00,1
cart-service,T879,Slow response detected endpoint=/api/cart latency=1391ms,2026-06-01T16:25:00+00:00,1
cart-service,T961,Slow response detected endpoint=/api/cart latency=2689ms,2026-06-01T16:25:00+00:00,1
order-service,T005,Cart service call succeeded,2026-06-01T16:25:00+00:00,3
order-service,T006,Order created orderId=ORD-<NUM> userId=<NUM>,2026-06-01T16:25:00+00:00,6
order-service,T010,Health check passed,2026-06-01T16:25:00+00:00,9
order-service,T012,Cart service timeout after <NUM>ms,2026-06-01T16:25:00+00:00,1
cart-service,T001,Health check passed,2026-06-01T16:30:00+00:00,12
cart-service,T002,Item added to cart for userId=<NUM>,2026-06-01T16:30:00+00:00,15
cart-service,T003,DB query executed table=cart rows=<NUM>,2026-06-01T16:30:00+00:00,8
cart-service,T004,ProductCatalogCache eviction failed: heap pressure too high,2026-06-01T16:30:00+00:00,24
cart-service,T007,GC overhead limit warning: pause=<NUM>ms heap=<NUM>%,2026-06-01T16:30:00+00:00,10
cart-service,T008,Checkout completed orderId=ORD-<NUM>,2026-06-01T16:30:00+00:00,11
cart-service,T009,ProductCatalogCache loaded <NUM> entries,2026-06-01T16:30:00+00:00,5
cart-service,T011,Connection pool nearing limit pool=db connections=<NUM>/<NUM>,2026-06-01T16:30:00+00:00,1
cart-service,T015,Cache warm-up slower than expected startup_ms=<NUM>,2026-06-01T16:30:00+00:00,2
cart-service,T030,Health check response time elevated endpoint=/health latency=188ms,2026-06-01T16:30:00+00:00,1
cart-service,T035,Health check response time elevated endpoint=/health latency=201ms,2026-06-01T16:30:00+00:00,1
cart-service,T1048,Slow response detected endpoint=/api/cart latency=1263ms,2026-06-01T16:30:00+00:00,1
cart-service,T1142,Slow response detected endpoint=/api/cart latency=570ms,2026-06-01T16:30:00+00:00,1
cart-service,T1158,Slow response detected endpoint=/api/cart latency=1158ms,2026-06-01T16:30:00+00:00,1
cart-service,T1238,Slow response detected endpoint=/api/cart latency=762ms,2026-06-01T16:30:00+00:00,1
cart-service,T125,Health check response time elevated endpoint=/health latency=128ms,2026-06-01T16:30:00+00:00,1
cart-service,T1275,Slow response detected endpoint=/api/cart latency=1041ms,2026-06-01T16:30:00+00:00,1
cart-service,T157,Slow response detected endpoint=/api/cart latency=2575ms,2026-06-01T16:30:00+00:00,1
cart-service,T161,Slow response detected endpoint=/api/cart latency=2425ms,2026-06-01T16:30:00+00:00,1
cart-service,T268,Slow response detected endpoint=/api/cart latency=2846ms,2026-06-01T16:30:00+00:00,1
cart-service,T357,Slow response detected endpoint=/api/cart latency=1762ms,2026-06-01T16:30:00+00:00,1
cart-service,T397,Slow response detected endpoint=/api/cart latency=1742ms,2026-06-01T16:30:00+00:00,1
cart-service,T454,Slow response detected endpoint=/api/cart latency=1637ms,2026-06-01T16:30:00+00:00,1
cart-service,T747,Slow response detected endpoint=/api/cart latency=2293ms,2026-06-01T16:30:00+00:00,1
cart-service,T785,Slow response detected endpoint=/api/cart latency=1485ms,2026-06-01T16:30:00+00:00,1
cart-service,T878,Slow response detected endpoint=/api/cart latency=1388ms,2026-06-01T16:30:00+00:00,1
order-service,T005,Cart service call succeeded,2026-06-01T16:30:00+00:00,8
order-service,T006,Order created orderId=ORD-<NUM> userId=<NUM>,2026-06-01T16:30:00+00:00,7
order-service,T010,Health check passed,2026-06-01T16:30:00+00:00,6
order-service,T012,Cart service timeout after <NUM>ms,2026-06-01T16:30:00+00:00,3
cart-service,T001,Health check passed,2026-06-01T16:35:00+00:00,14
cart-service,T002,Item added to cart for userId=<NUM>,2026-06-01T16:35:00+00:00,10
cart-service,T003,DB query executed table=cart rows=<NUM>,2026-06-01T16:35:00+00:00,7
cart-service,T004,ProductCatalogCache eviction failed: heap pressure too high,2026-06-01T16:35:00+00:00,23
cart-service,T007,GC overhead limit warning: pause=<NUM>ms heap=<NUM>%,2026-06-01T16:35:00+00:00,16
cart-service,T008,Checkout completed orderId=ORD-<NUM>,2026-06-01T16:35:00+00:00,10
cart-service,T009,ProductCatalogCache loaded <NUM> entries,2026-06-01T16:35:00+00:00,6
cart-service,T011,Connection pool nearing limit pool=db connections=<NUM>/<NUM>,2026-06-01T16:35:00+00:00,6
cart-service,T015,Cache warm-up slower than expected startup_ms=<NUM>,2026-06-01T16:35:00+00:00,5
cart-service,T030,Health check response time elevated endpoint=/health latency=188ms,2026-06-01T16:35:00+00:00,1
cart-service,T046,Health check response time elevated endpoint=/health latency=147ms,2026-06-01T16:35:00+00:00,1
cart-service,T047,Health check response time elevated endpoint=/health latency=156ms,2026-06-01T16:35:00+00:00,1
cart-service,T058,Health check response time elevated endpoint=/health latency=131ms,2026-06-01T16:35:00+00:00,1
cart-service,T074,Health check response time elevated endpoint=/health latency=138ms,2026-06-01T16:35:00+00:00,1
cart-service,T1079,Slow response detected endpoint=/api/cart latency=2930ms,2026-06-01T16:35:00+00:00,1
cart-service,T1185,Slow response detected endpoint=/api/cart latency=1139ms,2026-06-01T16:35:00+00:00,1
cart-service,T237,Slow response detected endpoint=/api/cart latency=2984ms,2026-06-01T16:35:00+00:00,1
cart-service,T687,Slow response detected endpoint=/api/cart latency=1549ms,2026-06-01T16:35:00+00:00,1
cart-service,T714,Slow response detected endpoint=/api/cart latency=1536ms,2026-06-01T16:35:00+00:00,1
cart-service,T795,Slow response detected endpoint=/api/cart latency=2404ms,2026-06-01T16:35:00+00:00,1
order-service,T005,Cart service call succeeded,2026-06-01T16:35:00+00:00,13
order-service,T006,Order created orderId=ORD-<NUM> userId=<NUM>,2026-06-01T16:35:00+00:00,7
order-service,T010,Health check passed,2026-06-01T16:35:00+00:00,3
cart-service,T001,Health check passed,2026-06-01T16:40:00+00:00,18
cart-service,T002,Item added to cart for userId=<NUM>,2026-06-01T16:40:00+00:00,14
cart-service,T003,DB query executed table=cart rows=<NUM>,2026-06-01T16:40:00+00:00,7
cart-service,T004,ProductCatalogCache eviction failed: heap pressure too high,2026-06-01T16:40:00+00:00,16
cart-service,T007,GC overhead limit warning: pause=<NUM>ms heap=<NUM>%,2026-06-01T16:40:00+00:00,15
cart-service,T008,Checkout completed orderId=ORD-<NUM>,2026-06-01T16:40:00+00:00,6
cart-service,T009,ProductCatalogCache loaded <NUM> entries,2026-06-01T16:40:00+00:00,3
cart-service,T011,Connection pool nearing limit pool=db connections=<NUM>/<NUM>,2026-06-01T16:40:00+00:00,7
cart-service,T015,Cache warm-up slower than expected startup_ms=<NUM>,2026-06-01T16:40:00+00:00,1
cart-service,T023,Health check response time elevated endpoint=/health latency=226ms,2026-06-01T16:40:00+00:00,1
cart-service,T136,Slow response detected endpoint=/api/cart latency=2832ms,2026-06-01T16:40:00+00:00,1
cart-service,T149,Slow response detected endpoint=/api/cart latency=2823ms,2026-06-01T16:40:00+00:00,1
cart-service,T151,Slow response detected endpoint=/api/cart latency=772ms,2026-06-01T16:40:00+00:00,1
cart-service,T298,Slow response detected endpoint=/api/cart latency=2665ms,2026-06-01T16:40:00+00:00,1
cart-service,T354,Slow response detected endpoint=/api/cart latency=1441ms,2026-06-01T16:40:00+00:00,1
cart-service,T415,Slow response detected endpoint=/api/cart latency=2056ms,2026-06-01T16:40:00+00:00,1
cart-service,T447,Slow response detected endpoint=/api/cart latency=936ms,2026-06-01T16:40:00+00:00,1
cart-service,T498,Slow response detected endpoint=/api/cart latency=1681ms,2026-06-01T16:40:00+00:00,1
cart-service,T512,Slow response detected endpoint=/api/cart latency=1652ms,2026-06-01T16:40:00+00:00,1
cart-service,T697,Slow response detected endpoint=/api/cart latency=2126ms,2026-06-01T16:40:00+00:00,1
cart-service,T767,Slow response detected endpoint=/api/cart latency=2335ms,2026-06-01T16:40:00+00:00,1
cart-service,T815,Slow response detected endpoint=/api/cart latency=1458ms,2026-06-01T16:40:00+00:00,1
cart-service,T931,Slow response detected endpoint=/api/cart latency=1363ms,2026-06-01T16:40:00+00:00,1
order-service,T005,Cart service call succeeded,2026-06-01T16:40:00+00:00,11
order-service,T006,Order created orderId=ORD-<NUM> userId=<NUM>,2026-06-01T16:40:00+00:00,12
order-service,T010,Health check passed,2026-06-01T16:40:00+00:00,3
cart-service,T001,Health check passed,2026-06-01T16:45:00+00:00,14
cart-service,T002,Item added to cart for userId=<NUM>,2026-06-01T16:45:00+00:00,12
cart-service,T003,DB query executed table=cart rows=<NUM>,2026-06-01T16:45:00+00:00,11
cart-service,T004,ProductCatalogCache eviction failed: heap pressure too high,2026-06-01T16:45:00+00:00,23
cart-service,T007,GC overhead limit warning: pause=<NUM>ms heap=<NUM>%,2026-06-01T16:45:00+00:00,14
cart-service,T008,Checkout completed orderId=ORD-<NUM>,2026-06-01T16:45:00+00:00,4
cart-service,T009,ProductCatalogCache loaded <NUM> entries,2026-06-01T16:45:00+00:00,4
cart-service,T011,Connection pool nearing limit pool=db connections=<NUM>/<NUM>,2026-06-01T16:45:00+00:00,3
cart-service,T015,Cache warm-up slower than expected startup_ms=<NUM>,2026-06-01T16:45:00+00:00,1
cart-service,T106,Health check response time elevated endpoint=/health latency=158ms,2026-06-01T16:45:00+00:00,1
cart-service,T1117,Slow response detected endpoint=/api/cart latency=1194ms,2026-06-01T16:45:00+00:00,1
cart-service,T1276,Slow response detected endpoint=/api/cart latency=1042ms,2026-06-01T16:45:00+00:00,1
cart-service,T134,Health check response time elevated endpoint=/health latency=248ms,2026-06-01T16:45:00+00:00,1
cart-service,T218,Slow response detected endpoint=/api/cart latency=698ms,2026-06-01T16:45:00+00:00,1
cart-service,T359,Slow response detected endpoint=/api/cart latency=1488ms,2026-06-01T16:45:00+00:00,1
cart-service,T391,Slow response detected endpoint=/api/cart latency=1552ms,2026-06-01T16:45:00+00:00,1
cart-service,T473,Slow response detected endpoint=/api/cart latency=962ms,2026-06-01T16:45:00+00:00,1
cart-service,T549,Slow response detected endpoint=/api/cart latency=1818ms,2026-06-01T16:45:00+00:00,1
cart-service,T740,Slow response detected endpoint=/api/cart latency=2234ms,2026-06-01T16:45:00+00:00,1
cart-service,T801,Slow response detected endpoint=/api/cart latency=2359ms,2026-06-01T16:45:00+00:00,1
order-service,T005,Cart service call succeeded,2026-06-01T16:45:00+00:00,6
order-service,T006,Order created orderId=ORD-<NUM> userId=<NUM>,2026-06-01T16:45:00+00:00,6
order-service,T010,Health check passed,2026-06-01T16:45:00+00:00,10
order-service,T012,Cart service timeout after <NUM>ms,2026-06-01T16:45:00+00:00,2
cart-service,T001,Health check passed,2026-06-01T16:50:00+00:00,8
cart-service,T002,Item added to cart for userId=<NUM>,2026-06-01T16:50:00+00:00,9
cart-service,T003,DB query executed table=cart rows=<NUM>,2026-06-01T16:50:00+00:00,9
cart-service,T004,ProductCatalogCache eviction failed: heap pressure too high,2026-06-01T16:50:00+00:00,24
cart-service,T007,GC overhead limit warning: pause=<NUM>ms heap=<NUM>%,2026-06-01T16:50:00+00:00,16
cart-service,T008,Checkout completed orderId=ORD-<NUM>,2026-06-01T16:50:00+00:00,9
cart-service,T009,ProductCatalogCache loaded <NUM> entries,2026-06-01T16:50:00+00:00,5
cart-service,T011,Connection pool nearing limit pool=db connections=<NUM>/<NUM>,2026-06-01T16:50:00+00:00,3
cart-service,T015,Cache warm-up slower than expected startup_ms=<NUM>,2026-06-01T16:50:00+00:00,2
cart-service,T020,Health check response time elevated endpoint=/health latency=209ms,2026-06-01T16:50:00+00:00,1
cart-service,T067,Health check response time elevated endpoint=/health latency=143ms,2026-06-01T16:50:00+00:00,1
cart-service,T095,Health check response time elevated endpoint=/health latency=189ms,2026-06-01T16:50:00+00:00,1
cart-service,T142,Slow response detected endpoint=/api/cart latency=2975ms,2026-06-01T16:50:00+00:00,1
cart-service,T189,Slow response detected endpoint=/api/cart latency=829ms,2026-06-01T16:50:00+00:00,1
cart-service,T269,Slow response detected endpoint=/api/cart latency=2909ms,2026-06-01T16:50:00+00:00,1
cart-service,T285,Slow response detected endpoint=/api/cart latency=2796ms,2026-06-01T16:50:00+00:00,1
cart-service,T379,Slow response detected endpoint=/api/cart latency=2270ms,2026-06-01T16:50:00+00:00,1
cart-service,T395,Slow response detected endpoint=/api/cart latency=2176ms,2026-06-01T16:50:00+00:00,1
cart-service,T487,Slow response detected endpoint=/api/cart latency=1036ms,2026-06-01T16:50:00+00:00,1
order-service,T005,Cart service call succeeded,2026-06-01T16:50:00+00:00,10
order-service,T006,Order created orderId=ORD-<NUM> userId=<NUM>,2026-06-01T16:50:00+00:00,8
order-service,T010,Health check passed,2026-06-01T16:50:00+00:00,5
order-service,T012,Cart service timeout after <NUM>ms,2026-06-01T16:50:00+00:00,1
cart-service,T001,Health check passed,2026-06-01T16:55:00+00:00,13
cart-service,T002,Item added to cart for userId=<NUM>,2026-06-01T16:55:00+00:00,8
cart-service,T003,DB query executed table=cart rows=<NUM>,2026-06-01T16:55:00+00:00,13
cart-service,T004,ProductCatalogCache eviction failed: heap pressure too high,2026-06-01T16:55:00+00:00,17
cart-service,T007,GC overhead limit warning: pause=<NUM>ms heap=<NUM>%,2026-06-01T16:55:00+00:00,11
cart-service,T008,Checkout completed orderId=ORD-<NUM>,2026-06-01T16:55:00+00:00,11
cart-service,T009,ProductCatalogCache loaded <NUM> entries,2026-06-01T16:55:00+00:00,5
cart-service,T011,Connection pool nearing limit pool=db connections=<NUM>/<NUM>,2026-06-01T16:55:00+00:00,2
cart-service,T047,Health check response time elevated endpoint=/health latency=156ms,2026-06-01T16:55:00+00:00,1
cart-service,T1072,Slow response detected endpoint=/api/cart latency=1231ms,2026-06-01T16:55:00+00:00,1
cart-service,T1129,Slow response detected endpoint=/api/cart latency=519ms,2026-06-01T16:55:00+00:00,1
cart-service,T1200,Slow response detected endpoint=/api/cart latency=1111ms,2026-06-01T16:55:00+00:00,1
cart-service,T1294,Slow response detected endpoint=/api/cart latency=990ms,2026-06-01T16:55:00+00:00,1
cart-service,T174,Health check response time elevated endpoint=/health latency=130ms,2026-06-01T16:55:00+00:00,1
cart-service,T271,Slow response detected endpoint=/api/cart latency=2898ms,2026-06-01T16:55:00+00:00,1
cart-service,T370,Slow response detected endpoint=/api/cart latency=2393ms,2026-06-01T16:55:00+00:00,1
cart-service,T377,Slow response detected endpoint=/api/cart latency=2232ms,2026-06-01T16:55:00+00:00,1
cart-service,T474,Slow response detected endpoint=/api/cart latency=960ms,2026-06-01T16:55:00+00:00,1
cart-service,T491,Slow response detected endpoint=/api/cart latency=1660ms,2026-06-01T16:55:00+00:00,1
cart-service,T619,Slow response detected endpoint=/api/cart latency=1568ms,2026-06-01T16:55:00+00:00,1
cart-service,T626,Slow response detected endpoint=/api/cart latency=1582ms,2026-06-01T16:55:00+00:00,1
cart-service,T639,Slow response detected endpoint=/api/cart latency=2013ms,2026-06-01T16:55:00+00:00,1
cart-service,T688,Slow response detected endpoint=/api/cart latency=1551ms,2026-06-01T16:55:00+00:00,1
cart-service,T791,Slow response detected endpoint=/api/cart latency=2313ms,2026-06-01T16:55:00+00:00,1
cart-service,T812,Slow response detected endpoint=/api/cart latency=1452ms,2026-06-01T16:55:00+00:00,1
cart-service,T818,Slow response detected endpoint=/api/cart latency=1462ms,2026-06-01T16:55:00+00:00,1
cart-service,T911,Slow response detected endpoint=/api/cart latency=2652ms,2026-06-01T16:55:00+00:00,1
cart-service,T919,Slow response detected endpoint=/api/cart latency=2606ms,2026-06-01T16:55:00+00:00,1
order-service,T005,Cart service call succeeded,2026-06-01T16:55:00+00:00,9
order-service,T006,Order created orderId=ORD-<NUM> userId=<NUM>,2026-06-01T16:55:00+00:00,10
order-service,T010,Health check passed,2026-06-01T16:55:00+00:00,3
order-service,T012,Cart service timeout after <NUM>ms,2026-06-01T16:55:00+00:00,1
cart-service,T001,Health check passed,2026-06-01T17:00:00+00:00,7
cart-service,T002,Item added to cart for userId=<NUM>,2026-06-01T17:00:00+00:00,10
cart-service,T003,DB query executed table=cart rows=<NUM>,2026-06-01T17:00:00+00:00,10
cart-service,T004,ProductCatalogCache eviction failed: heap pressure too high,2026-06-01T17:00:00+00:00,17
cart-service,T007,GC overhead limit warning: pause=<NUM>ms heap=<NUM>%,2026-06-01T17:00:00+00:00,18
cart-service,T008,Checkout completed orderId=ORD-<NUM>,2026-06-01T17:00:00+00:00,8
cart-service,T009,ProductCatalogCache loaded <NUM> entries,2026-06-01T17:00:00+00:00,8
cart-service,T011,Connection pool nearing limit pool=db connections=<NUM>/<NUM>,2026-06-01T17:00:00+00:00,2
cart-service,T015,Cache warm-up slower than expected startup_ms=<NUM>,2026-06-01T17:00:00+00:00,3
cart-service,T068,Health check response time elevated endpoint=/health latency=141ms,2026-06-01T17:00:00+00:00,1
cart-service,T1136,Slow response detected endpoint=/api/cart latency=542ms,2026-06-01T17:00:00+00:00,1
cart-service,T1267,Slow response detected endpoint=/api/cart latency=830ms,2026-06-01T17:00:00+00:00,1
cart-service,T135,Slow response detected endpoint=/api/cart latency=1102ms,2026-06-01T17:00:00+00:00,1
cart-service,T143,Slow response detected endpoint=/api/cart latency=662ms,2026-06-01T17:00:00+00:00,1
cart-service,T179,Slow response detected endpoint=/api/cart latency=1628ms,2026-06-01T17:00:00+00:00,1
cart-service,T193,Slow response detected endpoint=/api/cart latency=861ms,2026-06-01T17:00:00+00:00,1
cart-service,T245,Slow response detected endpoint=/api/cart latency=562ms,2026-06-01T17:00:00+00:00,1
cart-service,T258,Slow response detected endpoint=/api/cart latency=1239ms,2026-06-01T17:00:00+00:00,1
cart-service,T320,Slow response detected endpoint=/api/cart latency=2642ms,2026-06-01T17:00:00+00:00,1
cart-service,T380,Slow response detected endpoint=/api/cart latency=2259ms,2026-06-01T17:00:00+00:00,1
cart-service,T502,Slow response detected endpoint=/api/cart latency=1690ms,2026-06-01T17:00:00+00:00,1
cart-service,T736,Slow response detected endpoint=/api/cart latency=2224ms,2026-06-01T17:00:00+00:00,1
cart-service,T824,Slow response detected endpoint=/api/cart latency=2392ms,2026-06-01T17:00:00+00:00,1
cart-service,T880,Slow response detected endpoint=/api/cart latency=1403ms,2026-06-01T17:00:00+00:00,1
order-service,T005,Cart service call succeeded,2026-06-01T17:00:00+00:00,5
order-service,T006,Order created orderId=ORD-<NUM> userId=<NUM>,2026-06-01T17:00:00+00:00,8
order-service,T010,Health check passed,2026-06-01T17:00:00+00:00,11
cart-service,T001,Health check passed,2026-06-01T17:05:00+00:00,10
cart-service,T002,Item added to cart for userId=<NUM>,2026-06-01T17:05:00+00:00,6
cart-service,T003,DB query executed table=cart rows=<NUM>,2026-06-01T17:05:00+00:00,6
cart-service,T004,ProductCatalogCache eviction failed: heap pressure too high,2026-06-01T17:05:00+00:00,23
cart-service,T007,GC overhead limit warning: pause=<NUM>ms heap=<NUM>%,2026-06-01T17:05:00+00:00,11
cart-service,T008,Checkout completed orderId=ORD-<NUM>,2026-06-01T17:05:00+00:00,9
cart-service,T009,ProductCatalogCache loaded <NUM> entries,2026-06-01T17:05:00+00:00,7
cart-service,T011,Connection pool nearing limit pool=db connections=<NUM>/<NUM>,2026-06-01T17:05:00+00:00,2
cart-service,T015,Cache warm-up slower than expected startup_ms=<NUM>,2026-06-01T17:05:00+00:00,3
cart-service,T085,Health check response time elevated endpoint=/health latency=153ms,2026-06-01T17:05:00+00:00,1
cart-service,T091,Slow response detected endpoint=/api/cart latency=2864ms,2026-06-01T17:05:00+00:00,1
cart-service,T1047,Slow response detected endpoint=/api/cart latency=1260ms,2026-06-01T17:05:00+00:00,1
cart-service,T1175,Slow response detected endpoint=/api/cart latency=626ms,2026-06-01T17:05:00+00:00,1
cart-service,T137,Slow response detected endpoint=/api/cart latency=507ms,2026-06-01T17:05:00+00:00,1
cart-service,T149,Slow response detected endpoint=/api/cart latency=2823ms,2026-06-01T17:05:00+00:00,1
cart-service,T189,Slow response detected endpoint=/api/cart latency=829ms,2026-06-01T17:05:00+00:00,1
cart-service,T204,Slow response detected endpoint=/api/cart latency=764ms,2026-06-01T17:05:00+00:00,1
cart-service,T234,Slow response detected endpoint=/api/cart latency=627ms,2026-06-01T17:05:00+00:00,1
cart-service,T284,Slow response detected endpoint=/api/cart latency=2804ms,2026-06-01T17:05:00+00:00,1
cart-service,T299,Slow response detected endpoint=/api/cart latency=2659ms,2026-06-01T17:05:00+00:00,1
cart-service,T352,Slow response detected endpoint=/api/cart latency=2466ms,2026-06-01T17:05:00+00:00,1
cart-service,T406,Slow response detected endpoint=/api/cart latency=1989ms,2026-06-01T17:05:00+00:00,1
cart-service,T600,Slow response detected endpoint=/api/cart latency=1927ms,2026-06-01T17:05:00+00:00,1
cart-service,T851,Slow response detected endpoint=/api/cart latency=2454ms,2026-06-01T17:05:00+00:00,1
cart-service,T867,Slow response detected endpoint=/api/cart latency=2518ms,2026-06-01T17:05:00+00:00,1
order-service,T005,Cart service call succeeded,2026-06-01T17:05:00+00:00,13
order-service,T006,Order created orderId=ORD-<NUM> userId=<NUM>,2026-06-01T17:05:00+00:00,5
order-service,T010,Health check passed,2026-06-01T17:05:00+00:00,4
cart-service,T001,Health check passed,2026-06-01T17:10:00+00:00,8
cart-service,T002,Item added to cart for userId=<NUM>,2026-06-01T17:10:00+00:00,6
cart-service,T003,DB query executed table=cart rows=<NUM>,2026-06-01T17:10:00+00:00,3
cart-service,T004,ProductCatalogCache eviction failed: heap pressure too high,2026-06-01T17:10:00+00:00,24
cart-service,T007,GC overhead limit warning: pause=<NUM>ms heap=<NUM>%,2026-06-01T17:10:00+00:00,17
cart-service,T008,Checkout completed orderId=ORD-<NUM>,2026-06-01T17:10:00+00:00,7
cart-service,T009,ProductCatalogCache loaded <NUM> entries,2026-06-01T17:10:00+00:00,6
cart-service,T011,Connection pool nearing limit pool=db connections=<NUM>/<NUM>,2026-06-01T17:10:00+00:00,5
cart-service,T015,Cache warm-up slower than expected startup_ms=<NUM>,2026-06-01T17:10:00+00:00,1
cart-service,T1001,Slow response detected endpoint=/api/cart latency=1307ms,2026-06-01T17:10:00+00:00,1
cart-service,T1202,Slow response detected endpoint=/api/cart latency=668ms,2026-06-01T17:10:00+00:00,1
cart-service,T134,Health check response time elevated endpoint=/health latency=248ms,2026-06-01T17:10:00+00:00,1
cart-service,T136,Slow response detected endpoint=/api/cart latency=2832ms,2026-06-01T17:10:00+00:00,1
cart-service,T151,Slow response detected endpoint=/api/cart latency=772ms,2026-06-01T17:10:00+00:00,1
cart-service,T225,Slow response detected endpoint=/api/cart latency=1154ms,2026-06-01T17:10:00+00:00,1
cart-service,T261,Slow response detected endpoint=/api/cart latency=2989ms,2026-06-01T17:10:00+00:00,1
cart-service,T310,Slow response detected endpoint=/api/cart latency=1374ms,2026-06-01T17:10:00+00:00,1
cart-service,T336,Slow response detected endpoint=/api/cart latency=2543ms,2026-06-01T17:10:00+00:00,1
cart-service,T607,Slow response detected endpoint=/api/cart latency=1995ms,2026-06-01T17:10:00+00:00,1
cart-service,T887,Slow response detected endpoint=/api/cart latency=2540ms,2026-06-01T17:10:00+00:00,1
order-service,T005,Cart service call succeeded,2026-06-01T17:10:00+00:00,8
order-service,T006,Order created orderId=ORD-<NUM> userId=<NUM>,2026-06-01T17:10:00+00:00,9
order-service,T010,Health check passed,2026-06-01T17:10:00+00:00,6
cart-service,T001,Health check passed,2026-06-01T17:15:00+00:00,10
cart-service,T002,Item added to cart for userId=<NUM>,2026-06-01T17:15:00+00:00,15
cart-service,T003,DB query executed table=cart rows=<NUM>,2026-06-01T17:15:00+00:00,12
cart-service,T004,ProductCatalogCache eviction failed: heap pressure too high,2026-06-01T17:15:00+00:00,14
cart-service,T007,GC overhead limit warning: pause=<NUM>ms heap=<NUM>%,2026-06-01T17:15:00+00:00,11
cart-service,T008,Checkout completed orderId=ORD-<NUM>,2026-06-01T17:15:00+00:00,9
cart-service,T009,ProductCatalogCache loaded <NUM> entries,2026-06-01T17:15:00+00:00,9
cart-service,T011,Connection pool nearing limit pool=db connections=<NUM>/<NUM>,2026-06-01T17:15:00+00:00,4
cart-service,T021,Health check response time elevated endpoint=/health latency=139ms,2026-06-01T17:15:00+00:00,1
cart-service,T065,Health check response time elevated endpoint=/health latency=238ms,2026-06-01T17:15:00+00:00,1
cart-service,T1033,Slow response detected endpoint=/api/cart latency=2828ms,2026-06-01T17:15:00+00:00,1
cart-service,T1297,Slow response detected endpoint=/api/cart latency=996ms,2026-06-01T17:15:00+00:00,1
cart-service,T171,Slow response detected endpoint=/api/cart latency=1967ms,2026-06-01T17:15:00+00:00,1
cart-service,T218,Slow response detected endpoint=/api/cart latency=698ms,2026-06-01T17:15:00+00:00,1
cart-service,T293,Slow response detected endpoint=/api/cart latency=2624ms,2026-06-01T17:15:00+00:00,1
cart-service,T304,Slow response detected endpoint=/api/cart latency=2724ms,2026-06-01T17:15:00+00:00,1
cart-service,T312,Slow response detected endpoint=/api/cart latency=2583ms,2026-06-01T17:15:00+00:00,1
cart-service,T369,Slow response detected endpoint=/api/cart latency=2396ms,2026-06-01T17:15:00+00:00,1
cart-service,T406,Slow response detected endpoint=/api/cart latency=1989ms,2026-06-01T17:15:00+00:00,1
cart-service,T447,Slow response detected endpoint=/api/cart latency=936ms,2026-06-01T17:15:00+00:00,1
cart-service,T507,Slow response detected endpoint=/api/cart latency=1645ms,2026-06-01T17:15:00+00:00,1
cart-service,T540,Slow response detected endpoint=/api/cart latency=1865ms,2026-06-01T17:15:00+00:00,1
cart-service,T592,Slow response detected endpoint=/api/cart latency=1915ms,2026-06-01T17:15:00+00:00,1
cart-service,T636,Slow response detected endpoint=/api/cart latency=2009ms,2026-06-01T17:15:00+00:00,1
cart-service,T661,Slow response detected endpoint=/api/cart latency=2055ms,2026-06-01T17:15:00+00:00,1
cart-service,T727,Slow response detected endpoint=/api/cart latency=2189ms,2026-06-01T17:15:00+00:00,1
cart-service,T884,Slow response detected endpoint=/api/cart latency=2526ms,2026-06-01T17:15:00+00:00,1
order-service,T005,Cart service call succeeded,2026-06-01T17:15:00+00:00,7
order-service,T006,Order created orderId=ORD-<NUM> userId=<NUM>,2026-06-01T17:15:00+00:00,9
order-service,T010,Health check passed,2026-06-01T17:15:00+00:00,6
cart-service,T001,Health check passed,2026-06-01T17:20:00+00:00,15
cart-service,T002,Item added to cart for userId=<NUM>,2026-06-01T17:20:00+00:00,12
cart-service,T003,DB query executed table=cart rows=<NUM>,2026-06-01T17:20:00+00:00,15
cart-service,T004,ProductCatalogCache eviction failed: heap pressure too high,2026-06-01T17:20:00+00:00,21
cart-service,T007,GC overhead limit warning: pause=<NUM>ms heap=<NUM>%,2026-06-01T17:20:00+00:00,13
cart-service,T008,Checkout completed orderId=ORD-<NUM>,2026-06-01T17:20:00+00:00,5
cart-service,T009,ProductCatalogCache loaded <NUM> entries,2026-06-01T17:20:00+00:00,7
cart-service,T011,Connection pool nearing limit pool=db connections=<NUM>/<NUM>,2026-06-01T17:20:00+00:00,6
cart-service,T015,Cache warm-up slower than expected startup_ms=<NUM>,2026-06-01T17:20:00+00:00,4
cart-service,T029,Health check response time elevated endpoint=/health latency=176ms,2026-06-01T17:20:00+00:00,1
cart-service,T078,Health check response time elevated endpoint=/health latency=197ms,2026-06-01T17:20:00+00:00,1
cart-service,T103,Slow response detected endpoint=/api/cart latency=1100ms,2026-06-01T17:20:00+00:00,1
cart-service,T1125,Slow response detected endpoint=/api/cart latency=512ms,2026-06-01T17:20:00+00:00,1
cart-service,T1206,Slow response detected endpoint=/api/cart latency=685ms,2026-06-01T17:20:00+00:00,1
cart-service,T1290,Slow response detected endpoint=/api/cart latency=885ms,2026-06-01T17:20:00+00:00,1
cart-service,T145,Slow response detected endpoint=/api/cart latency=1648ms,2026-06-01T17:20:00+00:00,1
cart-service,T614,Slow response detected endpoint=/api/cart latency=1951ms,2026-06-01T17:20:00+00:00,1
cart-service,T907,Slow response detected endpoint=/api/cart latency=2647ms,2026-06-01T17:20:00+00:00,1
order-service,T005,Cart service call succeeded,2026-06-01T17:20:00+00:00,10
order-service,T006,Order created orderId=ORD-<NUM> userId=<NUM>,2026-06-01T17:20:00+00:00,10
order-service,T010,Health check passed,2026-06-01T17:20:00+00:00,7
order-service,T012,Cart service timeout after <NUM>ms,2026-06-01T17:20:00+00:00,2
cart-service,T001,Health check passed,2026-06-01T17:25:00+00:00,10
cart-service,T002,Item added to cart for userId=<NUM>,2026-06-01T17:25:00+00:00,9
cart-service,T003,DB query executed table=cart rows=<NUM>,2026-06-01T17:25:00+00:00,8
cart-service,T004,ProductCatalogCache eviction failed: heap pressure too high,2026-06-01T17:25:00+00:00,24
cart-service,T007,GC overhead limit warning: pause=<NUM>ms heap=<NUM>%,2026-06-01T17:25:00+00:00,16
cart-service,T008,Checkout completed orderId=ORD-<NUM>,2026-06-01T17:25:00+00:00,5
cart-service,T009,ProductCatalogCache loaded <NUM> entries,2026-06-01T17:25:00+00:00,5
cart-service,T011,Connection pool nearing limit pool=db connections=<NUM>/<NUM>,2026-06-01T17:25:00+00:00,3
cart-service,T015,Cache warm-up slower than expected startup_ms=<NUM>,2026-06-01T17:25:00+00:00,3
cart-service,T029,Health check response time elevated endpoint=/health latency=176ms,2026-06-01T17:25:00+00:00,1
cart-service,T070,Health check response time elevated endpoint=/health latency=162ms,2026-06-01T17:25:00+00:00,1
cart-service,T1074,Slow response detected endpoint=/api/cart latency=1248ms,2026-06-01T17:25:00+00:00,1
cart-service,T1135,Slow response detected endpoint=/api/cart latency=541ms,2026-06-01T17:25:00+00:00,1
cart-service,T1162,Slow response detected endpoint=/api/cart latency=1169ms,2026-06-01T17:25:00+00:00,1
cart-service,T131,Slow response detected endpoint=/api/cart latency=686ms,2026-06-01T17:25:00+00:00,1
cart-service,T162,Slow response detected endpoint=/api/cart latency=2465ms,2026-06-01T17:25:00+00:00,1
cart-service,T195,Slow response detected endpoint=/api/cart latency=1101ms,2026-06-01T17:25:00+00:00,1
cart-service,T223,Slow response detected endpoint=/api/cart latency=1162ms,2026-06-01T17:25:00+00:00,1
cart-service,T230,Slow response detected endpoint=/api/cart latency=587ms,2026-06-01T17:25:00+00:00,1
cart-service,T347,Slow response detected endpoint=/api/cart latency=2436ms,2026-06-01T17:25:00+00:00,1
cart-service,T389,Slow response detected endpoint=/api/cart latency=1556ms,2026-06-01T17:25:00+00:00,1
cart-service,T464,Slow response detected endpoint=/api/cart latency=781ms,2026-06-01T17:25:00+00:00,1
cart-service,T496,Slow response detected endpoint=/api/cart latency=1679ms,2026-06-01T17:25:00+00:00,1
cart-service,T658,Slow response detected endpoint=/api/cart latency=2046ms,2026-06-01T17:25:00+00:00,1
cart-service,T659,Slow response detected endpoint=/api/cart latency=2051ms,2026-06-01T17:25:00+00:00,1
cart-service,T988,Slow response detected endpoint=/api/cart latency=2753ms,2026-06-01T17:25:00+00:00,1
order-service,T005,Cart service call succeeded,2026-06-01T17:25:00+00:00,11
order-service,T006,Order created orderId=ORD-<NUM> userId=<NUM>,2026-06-01T17:25:00+00:00,9
order-service,T010,Health check passed,2026-06-01T17:25:00+00:00,9
order-service,T012,Cart service timeout after <NUM>ms,2026-06-01T17:25:00+00:00,1
cart-service,T001,Health check passed,2026-06-01T17:30:00+00:00,12
cart-service,T002,Item added to cart for userId=<NUM>,2026-06-01T17:30:00+00:00,9
cart-service,T003,DB query executed table=cart rows=<NUM>,2026-06-01T17:30:00+00:00,11
cart-service,T004,ProductCatalogCache eviction failed: heap pressure too high,2026-06-01T17:30:00+00:00,21
cart-service,T007,GC overhead limit warning: pause=<NUM>ms heap=<NUM>%,2026-06-01T17:30:00+00:00,21
cart-service,T008,Checkout completed orderId=ORD-<NUM>,2026-06-01T17:30:00+00:00,9
cart-service,T009,ProductCatalogCache loaded <NUM> entries,2026-06-01T17:30:00+00:00,4
cart-service,T011,Connection pool nearing limit pool=db connections=<NUM>/<NUM>,2026-06-01T17:30:00+00:00,3
cart-service,T015,Cache warm-up slower than expected startup_ms=<NUM>,2026-06-01T17:30:00+00:00,1
cart-service,T054,Health check response time elevated endpoint=/health latency=240ms,2026-06-01T17:30:00+00:00,2
cart-service,T095,Health check response time elevated endpoint=/health latency=189ms,2026-06-01T17:30:00+00:00,1
cart-service,T1164,Slow response detected endpoint=/api/cart latency=655ms,2026-06-01T17:30:00+00:00,1
cart-service,T1231,Slow response detected endpoint=/api/cart latency=809ms,2026-06-01T17:30:00+00:00,1
cart-service,T1255,Slow response detected endpoint=/api/cart latency=788ms,2026-06-01T17:30:00+00:00,1
cart-service,T152,Slow response detected endpoint=/api/cart latency=556ms,2026-06-01T17:30:00+00:00,1
cart-service,T154,Slow response detected endpoint=/api/cart latency=922ms,2026-06-01T17:30:00+00:00,1
cart-service,T203,Slow response detected endpoint=/api/cart latency=778ms,2026-06-01T17:30:00+00:00,1
cart-service,T206,Slow response detected endpoint=/api/cart latency=811ms,2026-06-01T17:30:00+00:00,1
cart-service,T260,Slow response detected endpoint=/api/cart latency=2964ms,2026-06-01T17:30:00+00:00,1
cart-service,T371,Slow response detected endpoint=/api/cart latency=1519ms,2026-06-01T17:30:00+00:00,1
cart-service,T654,Slow response detected endpoint=/api/cart latency=2107ms,2026-06-01T17:30:00+00:00,1
cart-service,T706,Slow response detected endpoint=/api/cart latency=2157ms,2026-06-01T17:30:00+00:00,1
cart-service,T741,Slow response detected endpoint=/api/cart latency=2236ms,2026-06-01T17:30:00+00:00,1
order-service,T005,Cart service call succeeded,2026-06-01T17:30:00+00:00,14
order-service,T006,Order created orderId=ORD-<NUM> userId=<NUM>,2026-06-01T17:30:00+00:00,9
order-service,T010,Health check passed,2026-06-01T17:30:00+00:00,8
order-service,T012,Cart service timeout after <NUM>ms,2026-06-01T17:30:00+00:00,1
cart-service,T001,Health check passed,2026-06-01T17:35:00+00:00,11
cart-service,T002,Item added to cart for userId=<NUM>,2026-06-01T17:35:00+00:00,14
cart-service,T003,DB query executed table=cart rows=<NUM>,2026-06-01T17:35:00+00:00,7
cart-service,T004,ProductCatalogCache eviction failed: heap pressure too high,2026-06-01T17:35:00+00:00,21
cart-service,T007,GC overhead limit warning: pause=<NUM>ms heap=<NUM>%,2026-06-01T17:35:00+00:00,15
cart-service,T008,Checkout completed orderId=ORD-<NUM>,2026-06-01T17:35:00+00:00,11
cart-service,T009,ProductCatalogCache loaded <NUM> entries,2026-06-01T17:35:00+00:00,7
cart-service,T011,Connection pool nearing limit pool=db connections=<NUM>/<NUM>,2026-06-01T17:35:00+00:00,4
cart-service,T015,Cache warm-up slower than expected startup_ms=<NUM>,2026-06-01T17:35:00+00:00,1
cart-service,T094,Health check response time elevated endpoint=/health latency=193ms,2026-06-01T17:35:00+00:00,1
cart-service,T1045,Slow response detected endpoint=/api/cart latency=2887ms,2026-06-01T17:35:00+00:00,1
cart-service,T1081,Slow response detected endpoint=/api/cart latency=2936ms,2026-06-01T17:35:00+00:00,1
cart-service,T1192,Slow response detected endpoint=/api/cart latency=649ms,2026-06-01T17:35:00+00:00,1
cart-service,T1256,Slow response detected endpoint=/api/cart latency=792ms,2026-06-01T17:35:00+00:00,1
cart-service,T1273,Slow response detected endpoint=/api/cart latency=1060ms,2026-06-01T17:35:00+00:00,1
cart-service,T1284,Slow response detected endpoint=/api/cart latency=860ms,2026-06-01T17:35:00+00:00,1
cart-service,T181,Slow response detected endpoint=/api/cart latency=1829ms,2026-06-01T17:35:00+00:00,1
cart-service,T306,Slow response detected endpoint=/api/cart latency=1325ms,2026-06-01T17:35:00+00:00,1
cart-service,T578,Slow response detected endpoint=/api/cart latency=1894ms,2026-06-01T17:35:00+00:00,1
cart-service,T752,Slow response detected endpoint=/api/cart latency=2241ms,2026-06-01T17:35:00+00:00,1
cart-service,T799,Slow response detected endpoint=/api/cart latency=2353ms,2026-06-01T17:35:00+00:00,1
cart-service,T899,Slow response detected endpoint=/api/cart latency=2576ms,2026-06-01T17:35:00+00:00,1
cart-service,T952,Slow response detected endpoint=/api/cart latency=2680ms,2026-06-01T17:35:00+00:00,1
cart-service,T972,Slow response detected endpoint=/api/cart latency=1317ms,2026-06-01T17:35:00+00:00,1
order-service,T005,Cart service call succeeded,2026-06-01T17:35:00+00:00,7
order-service,T006,Order created orderId=ORD-<NUM> userId=<NUM>,2026-06-01T17:35:00+00:00,12
order-service,T010,Health check passed,2026-06-01T17:35:00+00:00,6
order-service,T012,Cart service timeout after <NUM>ms,2026-06-01T17:35:00+00:00,3
cart-service,T001,Health check passed,2026-06-01T17:40:00+00:00,16
cart-service,T002,Item added to cart for userId=<NUM>,2026-06-01T17:40:00+00:00,10
cart-service,T003,DB query executed table=cart rows=<NUM>,2026-06-01T17:40:00+00:00,12
cart-service,T004,ProductCatalogCache eviction failed: heap pressure too high,2026-06-01T17:40:00+00:00,13
cart-service,T007,GC overhead limit warning: pause=<NUM>ms heap=<NUM>%,2026-06-01T17:40:00+00:00,15
cart-service,T008,Checkout completed orderId=ORD-<NUM>,2026-06-01T17:40:00+00:00,5
cart-service,T009,ProductCatalogCache loaded <NUM> entries,2026-06-01T17:40:00+00:00,5
cart-service,T011,Connection pool nearing limit pool=db connections=<NUM>/<NUM>,2026-06-01T17:40:00+00:00,5
cart-service,T015,Cache warm-up slower than expected startup_ms=<NUM>,2026-06-01T17:40:00+00:00,3
cart-service,T1087,Slow response detected endpoint=/api/cart latency=2958ms,2026-06-01T17:40:00+00:00,1
cart-service,T1157,Slow response detected endpoint=/api/cart latency=1156ms,2026-06-01T17:40:00+00:00,1
cart-service,T1220,Slow response detected endpoint=/api/cart latency=737ms,2026-06-01T17:40:00+00:00,1
cart-service,T1321,Slow response detected endpoint=/api/cart latency=952ms,2026-06-01T17:40:00+00:00,1
cart-service,T147,Slow response detected endpoint=/api/cart latency=705ms,2026-06-01T17:40:00+00:00,1
cart-service,T158,Health check response time elevated endpoint=/health latency=154ms,2026-06-01T17:40:00+00:00,1
cart-service,T160,Slow response detected endpoint=/api/cart latency=2451ms,2026-06-01T17:40:00+00:00,1
cart-service,T287,Slow response detected endpoint=/api/cart latency=2843ms,2026-06-01T17:40:00+00:00,1
cart-service,T339,Slow response detected endpoint=/api/cart latency=2387ms,2026-06-01T17:40:00+00:00,1
cart-service,T419,Slow response detected endpoint=/api/cart latency=1734ms,2026-06-01T17:40:00+00:00,1
cart-service,T433,Slow response detected endpoint=/api/cart latency=1955ms,2026-06-01T17:40:00+00:00,1
cart-service,T543,Slow response detected endpoint=/api/cart latency=1806ms,2026-06-01T17:40:00+00:00,1
cart-service,T612,Slow response detected endpoint=/api/cart latency=1945ms,2026-06-01T17:40:00+00:00,1
cart-service,T779,Slow response detected endpoint=/api/cart latency=1474ms,2026-06-01T17:40:00+00:00,1
cart-service,T954,Slow response detected endpoint=/api/cart latency=1330ms,2026-06-01T17:40:00+00:00,1
cart-service,T956,Slow response detected endpoint=/api/cart latency=2739ms,2026-06-01T17:40:00+00:00,1
cart-service,T975,Slow response detected endpoint=/api/cart latency=1321ms,2026-06-01T17:40:00+00:00,1
order-service,T005,Cart service call succeeded,2026-06-01T17:40:00+00:00,12
order-service,T006,Order created orderId=ORD-<NUM> userId=<NUM>,2026-06-01T17:40:00+00:00,4
order-service,T010,Health check passed,2026-06-01T17:40:00+00:00,9
order-service,T012,Cart service timeout after <NUM>ms,2026-06-01T17:40:00+00:00,1
cart-service,T001,Health check passed,2026-06-01T17:45:00+00:00,12
cart-service,T002,Item added to cart for userId=<NUM>,2026-06-01T17:45:00+00:00,8
cart-service,T003,DB query executed table=cart rows=<NUM>,2026-06-01T17:45:00+00:00,9
cart-service,T004,ProductCatalogCache eviction failed: heap pressure too high,2026-06-01T17:45:00+00:00,23
cart-service,T007,GC overhead limit warning: pause=<NUM>ms heap=<NUM>%,2026-06-01T17:45:00+00:00,16
cart-service,T008,Checkout completed orderId=ORD-<NUM>,2026-06-01T17:45:00+00:00,14
cart-service,T009,ProductCatalogCache loaded <NUM> entries,2026-06-01T17:45:00+00:00,5
cart-service,T011,Connection pool nearing limit pool=db connections=<NUM>/<NUM>,2026-06-01T17:45:00+00:00,3
cart-service,T015,Cache warm-up slower than expected startup_ms=<NUM>,2026-06-01T17:45:00+00:00,2
cart-service,T1312,Slow response detected endpoint=/api/cart latency=1719ms,2026-06-01T17:45:00+00:00,1
cart-service,T166,Slow response detected endpoint=/api/cart latency=2171ms,2026-06-01T17:45:00+00:00,1
cart-service,T205,Slow response detected endpoint=/api/cart latency=746ms,2026-06-01T17:45:00+00:00,1
cart-service,T319,Slow response detected endpoint=/api/cart latency=2598ms,2026-06-01T17:45:00+00:00,1
cart-service,T321,Slow response detected endpoint=/api/cart latency=2640ms,2026-06-01T17:45:00+00:00,1
cart-service,T366,Slow response detected endpoint=/api/cart latency=2409ms,2026-06-01T17:45:00+00:00,1
cart-service,T377,Slow response detected endpoint=/api/cart latency=2232ms,2026-06-01T17:45:00+00:00,1
cart-service,T378,Slow response detected endpoint=/api/cart latency=2227ms,2026-06-01T17:45:00+00:00,1
cart-service,T518,Slow response detected endpoint=/api/cart latency=1754ms,2026-06-01T17:45:00+00:00,1
cart-service,T557,Slow response detected endpoint=/api/cart latency=1608ms,2026-06-01T17:45:00+00:00,1
cart-service,T660,Slow response detected endpoint=/api/cart latency=2053ms,2026-06-01T17:45:00+00:00,1
cart-service,T680,Slow response detected endpoint=/api/cart latency=2095ms,2026-06-01T17:45:00+00:00,1
cart-service,T809,Slow response detected endpoint=/api/cart latency=2380ms,2026-06-01T17:45:00+00:00,1
cart-service,T837,Slow response detected endpoint=/api/cart latency=2446ms,2026-06-01T17:45:00+00:00,1
cart-service,T839,Slow response detected endpoint=/api/cart latency=2453ms,2026-06-01T17:45:00+00:00,1
cart-service,T876,Slow response detected endpoint=/api/cart latency=1385ms,2026-06-01T17:45:00+00:00,1
cart-service,T915,Slow response detected endpoint=/api/cart latency=2588ms,2026-06-01T17:45:00+00:00,1
order-service,T005,Cart service call succeeded,2026-06-01T17:45:00+00:00,10
order-service,T006,Order created orderId=ORD-<NUM> userId=<NUM>,2026-06-01T17:45:00+00:00,4
order-service,T010,Health check passed,2026-06-01T17:45:00+00:00,4
order-service,T012,Cart service timeout after <NUM>ms,2026-06-01T17:45:00+00:00,2
cart-service,T001,Health check passed,2026-06-01T17:50:00+00:00,16
cart-service,T002,Item added to cart for userId=<NUM>,2026-06-01T17:50:00+00:00,11
cart-service,T003,DB query executed table=cart rows=<NUM>,2026-06-01T17:50:00+00:00,5
cart-service,T004,ProductCatalogCache eviction failed: heap pressure too high,2026-06-01T17:50:00+00:00,23
cart-service,T007,GC overhead limit warning: pause=<NUM>ms heap=<NUM>%,2026-06-01T17:50:00+00:00,20
cart-service,T008,Checkout completed orderId=ORD-<NUM>,2026-06-01T17:50:00+00:00,13
cart-service,T009,ProductCatalogCache loaded <NUM> entries,2026-06-01T17:50:00+00:00,4
cart-service,T015,Cache warm-up slower than expected startup_ms=<NUM>,2026-06-01T17:50:00+00:00,4
cart-service,T020,Health check response time elevated endpoint=/health latency=209ms,2026-06-01T17:50:00+00:00,1
cart-service,T1122,Slow response detected endpoint=/api/cart latency=1213ms,2026-06-01T17:50:00+00:00,1
cart-service,T1279,Slow response detected endpoint=/api/cart latency=1051ms,2026-06-01T17:50:00+00:00,1
cart-service,T181,Slow response detected endpoint=/api/cart latency=1829ms,2026-06-01T17:50:00+00:00,1
cart-service,T238,Slow response detected endpoint=/api/cart latency=524ms,2026-06-01T17:50:00+00:00,1
cart-service,T302,Slow response detected endpoint=/api/cart latency=2700ms,2026-06-01T17:50:00+00:00,1
cart-service,T328,Slow response detected endpoint=/api/cart latency=1698ms,2026-06-01T17:50:00+00:00,1
cart-service,T342,Slow response detected endpoint=/api/cart latency=1455ms,2026-06-01T17:50:00+00:00,1
cart-service,T363,Slow response detected endpoint=/api/cart latency=2361ms,2026-06-01T17:50:00+00:00,1
cart-service,T594,Slow response detected endpoint=/api/cart latency=1917ms,2026-06-01T17:50:00+00:00,1
cart-service,T682,Slow response detected endpoint=/api/cart latency=2100ms,2026-06-01T17:50:00+00:00,1
cart-service,T683,Slow response detected endpoint=/api/cart latency=1540ms,2026-06-01T17:50:00+00:00,1
cart-service,T766,Slow response detected endpoint=/api/cart latency=2334ms,2026-06-01T17:50:00+00:00,1
cart-service,T777,Slow response detected endpoint=/api/cart latency=2287ms,2026-06-01T17:50:00+00:00,1
order-service,T005,Cart service call succeeded,2026-06-01T17:50:00+00:00,11
order-service,T006,Order created orderId=ORD-<NUM> userId=<NUM>,2026-06-01T17:50:00+00:00,7
order-service,T010,Health check passed,2026-06-01T17:50:00+00:00,7
order-service,T012,Cart service timeout after <NUM>ms,2026-06-01T17:50:00+00:00,1
cart-service,T001,Health check passed,2026-06-01T17:55:00+00:00,11
cart-service,T002,Item added to cart for userId=<NUM>,2026-06-01T17:55:00+00:00,10
cart-service,T003,DB query executed table=cart rows=<NUM>,2026-06-01T17:55:00+00:00,4
cart-service,T004,ProductCatalogCache eviction failed: heap pressure too high,2026-06-01T17:55:00+00:00,9
cart-service,T007,GC overhead limit warning: pause=<NUM>ms heap=<NUM>%,2026-06-01T17:55:00+00:00,23
cart-service,T008,Checkout completed orderId=ORD-<NUM>,2026-06-01T17:55:00+00:00,3
cart-service,T009,ProductCatalogCache loaded <NUM> entries,2026-06-01T17:55:00+00:00,4
cart-service,T011,Connection pool nearing limit pool=db connections=<NUM>/<NUM>,2026-06-01T17:55:00+00:00,5
cart-service,T1025,Slow response detected endpoint=/api/cart latency=1283ms,2026-06-01T17:55:00+00:00,1
cart-service,T1043,Slow response detected endpoint=/api/cart latency=2874ms,2026-06-01T17:55:00+00:00,1
cart-service,T1064,Slow response detected endpoint=/api/cart latency=2904ms,2026-06-01T17:55:00+00:00,1
cart-service,T1101,Slow response detected endpoint=/api/cart latency=528ms,2026-06-01T17:55:00+00:00,1
cart-service,T1245,Slow response detected endpoint=/api/cart latency=1067ms,2026-06-01T17:55:00+00:00,1
cart-service,T160,Slow response detected endpoint=/api/cart latency=2451ms,2026-06-01T17:55:00+00:00,1
cart-service,T272,Slow response detected endpoint=/api/cart latency=2891ms,2026-06-01T17:55:00+00:00,1
cart-service,T548,Slow response detected endpoint=/api/cart latency=1815ms,2026-06-01T17:55:00+00:00,1
cart-service,T628,Slow response detected endpoint=/api/cart latency=1587ms,2026-06-01T17:55:00+00:00,1
cart-service,T641,Slow response detected endpoint=/api/cart latency=2022ms,2026-06-01T17:55:00+00:00,1
cart-service,T685,Slow response detected endpoint=/api/cart latency=1546ms,2026-06-01T17:55:00+00:00,1
cart-service,T690,Slow response detected endpoint=/api/cart latency=1564ms,2026-06-01T17:55:00+00:00,1
cart-service,T928,Slow response detected endpoint=/api/cart latency=1347ms,2026-06-01T17:55:00+00:00,1
order-service,T005,Cart service call succeeded,2026-06-01T17:55:00+00:00,12
order-service,T006,Order created orderId=ORD-<NUM> userId=<NUM>,2026-06-01T17:55:00+00:00,8
order-service,T010,Health check passed,2026-06-01T17:55:00+00:00,5
cart-service,T001,Health check passed,2026-06-01T18:00:00+00:00,7
cart-service,T002,Item added to cart for userId=<NUM>,2026-06-01T18:00:00+00:00,6
cart-service,T003,DB query executed table=cart rows=<NUM>,2026-06-01T18:00:00+00:00,7
cart-service,T004,ProductCatalogCache eviction failed: heap pressure too high,2026-06-01T18:00:00+00:00,28
cart-service,T007,GC overhead limit warning: pause=<NUM>ms heap=<NUM>%,2026-06-01T18:00:00+00:00,14
cart-service,T008,Checkout completed orderId=ORD-<NUM>,2026-06-01T18:00:00+00:00,4
cart-service,T009,ProductCatalogCache loaded <NUM> entries,2026-06-01T18:00:00+00:00,8
cart-service,T011,Connection pool nearing limit pool=db connections=<NUM>/<NUM>,2026-06-01T18:00:00+00:00,5
cart-service,T015,Cache warm-up slower than expected startup_ms=<NUM>,2026-06-01T18:00:00+00:00,3
cart-service,T068,Health check response time elevated endpoint=/health latency=141ms,2026-06-01T18:00:00+00:00,2
cart-service,T104,Slow response detected endpoint=/api/cart latency=731ms,2026-06-01T18:00:00+00:00,1
cart-service,T1115,Slow response detected endpoint=/api/cart latency=1190ms,2026-06-01T18:00:00+00:00,1
cart-service,T1127,Slow response detected endpoint=/api/cart latency=517ms,2026-06-01T18:00:00+00:00,1
cart-service,T1174,Slow response detected endpoint=/api/cart latency=623ms,2026-06-01T18:00:00+00:00,1
cart-service,T1178,Slow response detected endpoint=/api/cart latency=632ms,2026-06-01T18:00:00+00:00,1
cart-service,T147,Slow response detected endpoint=/api/cart latency=705ms,2026-06-01T18:00:00+00:00,1
cart-service,T161,Slow response detected endpoint=/api/cart latency=2425ms,2026-06-01T18:00:00+00:00,1
cart-service,T266,Slow response detected endpoint=/api/cart latency=2862ms,2026-06-01T18:00:00+00:00,1
cart-service,T342,Slow response detected endpoint=/api/cart latency=1455ms,2026-06-01T18:00:00+00:00,1
cart-service,T398,Slow response detected endpoint=/api/cart latency=2163ms,2026-06-01T18:00:00+00:00,1
cart-service,T596,Slow response detected endpoint=/api/cart latency=1920ms,2026-06-01T18:00:00+00:00,1
cart-service,T743,Slow response detected endpoint=/api/cart latency=1495ms,2026-06-01T18:00:00+00:00,1
order-service,T005,Cart service call succeeded,2026-06-01T18:00:00+00:00,11
order-service,T006,Order created orderId=ORD-<NUM> userId=<NUM>,2026-06-01T18:00:00+00:00,7
order-service,T010,Health check passed,2026-06-01T18:00:00+00:00,1
order-service,T012,Cart service timeout after <NUM>ms,2026-06-01T18:00:00+00:00,1
cart-service,T001,Health check passed,2026-06-01T18:05:00+00:00,11
cart-service,T002,Item added to cart for userId=<NUM>,2026-06-01T18:05:00+00:00,6
cart-service,T003,DB query executed table=cart rows=<NUM>,2026-06-01T18:05:00+00:00,7
cart-service,T004,ProductCatalogCache eviction failed: heap pressure too high,2026-06-01T18:05:00+00:00,17
cart-service,T007,GC overhead limit warning: pause=<NUM>ms heap=<NUM>%,2026-06-01T18:05:00+00:00,15
cart-service,T008,Checkout completed orderId=ORD-<NUM>,2026-06-01T18:05:00+00:00,4
cart-service,T009,ProductCatalogCache loaded <NUM> entries,2026-06-01T18:05:00+00:00,8
cart-service,T011,Connection pool nearing limit pool=db connections=<NUM>/<NUM>,2026-06-01T18:05:00+00:00,2
cart-service,T020,Health check response time elevated endpoint=/health latency=209ms,2026-06-01T18:05:00+00:00,1
cart-service,T1109,Slow response detected endpoint=/api/cart latency=2986ms,2026-06-01T18:05:00+00:00,1
cart-service,T1233,Slow response detected endpoint=/api/cart latency=744ms,2026-06-01T18:05:00+00:00,1
cart-service,T1310,Slow response detected endpoint=/api/cart latency=1712ms,2026-06-01T18:05:00+00:00,1
cart-service,T201,Slow response detected endpoint=/api/cart latency=723ms,2026-06-01T18:05:00+00:00,1
cart-service,T214,Slow response detected endpoint=/api/cart latency=1130ms,2026-06-01T18:05:00+00:00,1
cart-service,T272,Slow response detected endpoint=/api/cart latency=2891ms,2026-06-01T18:05:00+00:00,1
cart-service,T289,Slow response detected endpoint=/api/cart latency=2834ms,2026-06-01T18:05:00+00:00,1
cart-service,T317,Slow response detected endpoint=/api/cart latency=2615ms,2026-06-01T18:05:00+00:00,1
cart-service,T364,Slow response detected endpoint=/api/cart latency=2356ms,2026-06-01T18:05:00+00:00,1
cart-service,T372,Slow response detected endpoint=/api/cart latency=1513ms,2026-06-01T18:05:00+00:00,1
cart-service,T376,Slow response detected endpoint=/api/cart latency=2235ms,2026-06-01T18:05:00+00:00,1
cart-service,T613,Slow response detected endpoint=/api/cart latency=1949ms,2026-06-01T18:05:00+00:00,1
order-service,T005,Cart service call succeeded,2026-06-01T18:05:00+00:00,14
order-service,T006,Order created orderId=ORD-<NUM> userId=<NUM>,2026-06-01T18:05:00+00:00,5
order-service,T010,Health check passed,2026-06-01T18:05:00+00:00,4
cart-service,T001,Health check passed,2026-06-01T18:10:00+00:00,13
cart-service,T002,Item added to cart for userId=<NUM>,2026-06-01T18:10:00+00:00,7
cart-service,T003,DB query executed table=cart rows=<NUM>,2026-06-01T18:10:00+00:00,8
cart-service,T004,ProductCatalogCache eviction failed: heap pressure too high,2026-06-01T18:10:00+00:00,19
cart-service,T007,GC overhead limit warning: pause=<NUM>ms heap=<NUM>%,2026-06-01T18:10:00+00:00,17
cart-service,T008,Checkout completed orderId=ORD-<NUM>,2026-06-01T18:10:00+00:00,9
cart-service,T009,ProductCatalogCache loaded <NUM> entries,2026-06-01T18:10:00+00:00,8
cart-service,T011,Connection pool nearing limit pool=db connections=<NUM>/<NUM>,2026-06-01T18:10:00+00:00,3
cart-service,T015,Cache warm-up slower than expected startup_ms=<NUM>,2026-06-01T18:10:00+00:00,1
cart-service,T022,Health check response time elevated endpoint=/health latency=243ms,2026-06-01T18:10:00+00:00,1
cart-service,T1055,Slow response detected endpoint=/api/cart latency=2951ms,2026-06-01T18:10:00+00:00,1
cart-service,T112,Slow response detected endpoint=/api/cart latency=2497ms,2026-06-01T18:10:00+00:00,1
cart-service,T121,Health check response time elevated endpoint=/health latency=219ms,2026-06-01T18:10:00+00:00,1
cart-service,T1214,Slow response detected endpoint=/api/cart latency=708ms,2026-06-01T18:10:00+00:00,1
cart-service,T1277,Slow response detected endpoint=/api/cart latency=1043ms,2026-06-01T18:10:00+00:00,1
cart-service,T300,Slow response detected endpoint=/api/cart latency=2718ms,2026-06-01T18:10:00+00:00,1
cart-service,T385,Slow response detected endpoint=/api/cart latency=1756ms,2026-06-01T18:10:00+00:00,1
cart-service,T386,Slow response detected endpoint=/api/cart latency=2288ms,2026-06-01T18:10:00+00:00,1
cart-service,T401,Slow response detected endpoint=/api/cart latency=2194ms,2026-06-01T18:10:00+00:00,1
cart-service,T508,Slow response detected endpoint=/api/cart latency=1647ms,2026-06-01T18:10:00+00:00,1
cart-service,T609,Slow response detected endpoint=/api/cart latency=1998ms,2026-06-01T18:10:00+00:00,1
cart-service,T694,Slow response detected endpoint=/api/cart latency=2121ms,2026-06-01T18:10:00+00:00,1
cart-service,T828,Slow response detected endpoint=/api/cart latency=2483ms,2026-06-01T18:10:00+00:00,1
cart-service,T848,Slow response detected endpoint=/api/cart latency=1435ms,2026-06-01T18:10:00+00:00,1
cart-service,T941,Slow response detected endpoint=/api/cart latency=2655ms,2026-06-01T18:10:00+00:00,1
order-service,T005,Cart service call succeeded,2026-06-01T18:10:00+00:00,6
order-service,T006,Order created orderId=ORD-<NUM> userId=<NUM>,2026-06-01T18:10:00+00:00,6
order-service,T010,Health check passed,2026-06-01T18:10:00+00:00,7
order-service,T012,Cart service timeout after <NUM>ms,2026-06-01T18:10:00+00:00,4
cart-service,T001,Health check passed,2026-06-01T18:15:00+00:00,17
cart-service,T002,Item added to cart for userId=<NUM>,2026-06-01T18:15:00+00:00,15
cart-service,T003,DB query executed table=cart rows=<NUM>,2026-06-01T18:15:00+00:00,9
cart-service,T004,ProductCatalogCache eviction failed: heap pressure too high,2026-06-01T18:15:00+00:00,21
cart-service,T007,GC overhead limit warning: pause=<NUM>ms heap=<NUM>%,2026-06-01T18:15:00+00:00,14
cart-service,T008,Checkout completed orderId=ORD-<NUM>,2026-06-01T18:15:00+00:00,5
cart-service,T009,ProductCatalogCache loaded <NUM> entries,2026-06-01T18:15:00+00:00,7
cart-service,T011,Connection pool nearing limit pool=db connections=<NUM>/<NUM>,2026-06-01T18:15:00+00:00,5
cart-service,T015,Cache warm-up slower than expected startup_ms=<NUM>,2026-06-01T18:15:00+00:00,3
cart-service,T123,Health check response time elevated endpoint=/health latency=196ms,2026-06-01T18:15:00+00:00,1
cart-service,T1240,Slow response detected endpoint=/api/cart latency=771ms,2026-06-01T18:15:00+00:00,1
cart-service,T1263,Slow response detected endpoint=/api/cart latency=899ms,2026-06-01T18:15:00+00:00,1
cart-service,T1304,Slow response detected endpoint=/api/cart latency=1017ms,2026-06-01T18:15:00+00:00,1
cart-service,T1318,Slow response detected endpoint=/api/cart latency=941ms,2026-06-01T18:15:00+00:00,1
cart-service,T138,Slow response detected endpoint=/api/cart latency=1206ms,2026-06-01T18:15:00+00:00,1
cart-service,T259,Slow response detected endpoint=/api/cart latency=2970ms,2026-06-01T18:15:00+00:00,1
cart-service,T523,Slow response detected endpoint=/api/cart latency=1772ms,2026-06-01T18:15:00+00:00,1
cart-service,T533,Slow response detected endpoint=/api/cart latency=1796ms,2026-06-01T18:15:00+00:00,1
cart-service,T713,Slow response detected endpoint=/api/cart latency=2174ms,2026-06-01T18:15:00+00:00,1
order-service,T005,Cart service call succeeded,2026-06-01T18:15:00+00:00,9
order-service,T006,Order created orderId=ORD-<NUM> userId=<NUM>,2026-06-01T18:15:00+00:00,8
order-service,T010,Health check passed,2026-06-01T18:15:00+00:00,8
order-service,T012,Cart service timeout after <NUM>ms,2026-06-01T18:15:00+00:00,2
cart-service,T001,Health check passed,2026-06-01T18:20:00+00:00,19
cart-service,T002,Item added to cart for userId=<NUM>,2026-06-01T18:20:00+00:00,7
cart-service,T003,DB query executed table=cart rows=<NUM>,2026-06-01T18:20:00+00:00,8
cart-service,T004,ProductCatalogCache eviction failed: heap pressure too high,2026-06-01T18:20:00+00:00,26
cart-service,T007,GC overhead limit warning: pause=<NUM>ms heap=<NUM>%,2026-06-01T18:20:00+00:00,19
cart-service,T008,Checkout completed orderId=ORD-<NUM>,2026-06-01T18:20:00+00:00,7
cart-service,T009,ProductCatalogCache loaded <NUM> entries,2026-06-01T18:20:00+00:00,5
cart-service,T011,Connection pool nearing limit pool=db connections=<NUM>/<NUM>,2026-06-01T18:20:00+00:00,5
cart-service,T015,Cache warm-up slower than expected startup_ms=<NUM>,2026-06-01T18:20:00+00:00,1
cart-service,T037,Health check response time elevated endpoint=/health latency=206ms,2026-06-01T18:20:00+00:00,1
cart-service,T076,Health check response time elevated endpoint=/health latency=247ms,2026-06-01T18:20:00+00:00,1
cart-service,T1160,Slow response detected endpoint=/api/cart latency=1166ms,2026-06-01T18:20:00+00:00,1
cart-service,T1257,Slow response detected endpoint=/api/cart latency=799ms,2026-06-01T18:20:00+00:00,1
cart-service,T288,Slow response detected endpoint=/api/cart latency=2837ms,2026-06-01T18:20:00+00:00,1
cart-service,T327,Slow response detected endpoint=/api/cart latency=2512ms,2026-06-01T18:20:00+00:00,1
cart-service,T373,Slow response detected endpoint=/api/cart latency=1501ms,2026-06-01T18:20:00+00:00,1
cart-service,T409,Slow response detected endpoint=/api/cart latency=1575ms,2026-06-01T18:20:00+00:00,1
cart-service,T570,Slow response detected endpoint=/api/cart latency=1857ms,2026-06-01T18:20:00+00:00,1
cart-service,T748,Slow response detected endpoint=/api/cart latency=2297ms,2026-06-01T18:20:00+00:00,1
cart-service,T768,Slow response detected endpoint=/api/cart latency=2336ms,2026-06-01T18:20:00+00:00,1
cart-service,T888,Slow response detected endpoint=/api/cart latency=2542ms,2026-06-01T18:20:00+00:00,1
order-service,T005,Cart service call succeeded,2026-06-01T18:20:00+00:00,14
order-service,T006,Order created orderId=ORD-<NUM> userId=<NUM>,2026-06-01T18:20:00+00:00,10
order-service,T010,Health check passed,2026-06-01T18:20:00+00:00,1
order-service,T012,Cart service timeout after <NUM>ms,2026-06-01T18:20:00+00:00,2
cart-service,T001,Health check passed,2026-06-01T18:25:00+00:00,18
cart-service,T002,Item added to cart for userId=<NUM>,2026-06-01T18:25:00+00:00,9
cart-service,T003,DB query executed table=cart rows=<NUM>,2026-06-01T18:25:00+00:00,11
cart-service,T004,ProductCatalogCache eviction failed: heap pressure too high,2026-06-01T18:25:00+00:00,22
cart-service,T007,GC overhead limit warning: pause=<NUM>ms heap=<NUM>%,2026-06-01T18:25:00+00:00,12
cart-service,T008,Checkout completed orderId=ORD-<NUM>,2026-06-01T18:25:00+00:00,13
cart-service,T009,ProductCatalogCache loaded <NUM> entries,2026-06-01T18:25:00+00:00,5
cart-service,T011,Connection pool nearing limit pool=db connections=<NUM>/<NUM>,2026-06-01T18:25:00+00:00,3
cart-service,T015,Cache warm-up slower than expected startup_ms=<NUM>,2026-06-01T18:25:00+00:00,2
cart-service,T1066,Slow response detected endpoint=/api/cart latency=2916ms,2026-06-01T18:25:00+00:00,1
cart-service,T108,Health check response time elevated endpoint=/health latency=161ms,2026-06-01T18:25:00+00:00,1
cart-service,T1141,Slow response detected endpoint=/api/cart latency=561ms,2026-06-01T18:25:00+00:00,1
cart-service,T1282,Slow response detected endpoint=/api/cart latency=1057ms,2026-06-01T18:25:00+00:00,1
cart-service,T164,Slow response detected endpoint=/api/cart latency=2310ms,2026-06-01T18:25:00+00:00,1
cart-service,T220,Slow response detected endpoint=/api/cart latency=683ms,2026-06-01T18:25:00+00:00,1
cart-service,T231,Slow response detected endpoint=/api/cart latency=579ms,2026-06-01T18:25:00+00:00,1
cart-service,T326,Slow response detected endpoint=/api/cart latency=1413ms,2026-06-01T18:25:00+00:00,1
cart-service,T351,Slow response detected endpoint=/api/cart latency=2416ms,2026-06-01T18:25:00+00:00,1
cart-service,T442,Slow response detected endpoint=/api/cart latency=1028ms,2026-06-01T18:25:00+00:00,2
cart-service,T544,Slow response detected endpoint=/api/cart latency=1809ms,2026-06-01T18:25:00+00:00,1
cart-service,T562,Slow response detected endpoint=/api/cart latency=1620ms,2026-06-01T18:25:00+00:00,1
cart-service,T634,Slow response detected endpoint=/api/cart latency=1982ms,2026-06-01T18:25:00+00:00,1
cart-service,T679,Slow response detected endpoint=/api/cart latency=2094ms,2026-06-01T18:25:00+00:00,1
cart-service,T702,Slow response detected endpoint=/api/cart latency=2147ms,2026-06-01T18:25:00+00:00,1
order-service,T005,Cart service call succeeded,2026-06-01T18:25:00+00:00,7
order-service,T006,Order created orderId=ORD-<NUM> userId=<NUM>,2026-06-01T18:25:00+00:00,10
order-service,T010,Health check passed,2026-06-01T18:25:00+00:00,8
cart-service,T001,Health check passed,2026-06-01T18:30:00+00:00,13
cart-service,T002,Item added to cart for userId=<NUM>,2026-06-01T18:30:00+00:00,18
cart-service,T003,DB query executed table=cart rows=<NUM>,2026-06-01T18:30:00+00:00,5
cart-service,T004,ProductCatalogCache eviction failed: heap pressure too high,2026-06-01T18:30:00+00:00,14
cart-service,T007,GC overhead limit warning: pause=<NUM>ms heap=<NUM>%,2026-06-01T18:30:00+00:00,18
cart-service,T008,Checkout completed orderId=ORD-<NUM>,2026-06-01T18:30:00+00:00,6
cart-service,T009,ProductCatalogCache loaded <NUM> entries,2026-06-01T18:30:00+00:00,9
cart-service,T011,Connection pool nearing limit pool=db connections=<NUM>/<NUM>,2026-06-01T18:30:00+00:00,5
cart-service,T015,Cache warm-up slower than expected startup_ms=<NUM>,2026-06-01T18:30:00+00:00,3
cart-service,T051,Health check response time elevated endpoint=/health latency=187ms,2026-06-01T18:30:00+00:00,2
cart-service,T061,Health check response time elevated endpoint=/health latency=168ms,2026-06-01T18:30:00+00:00,1
cart-service,T1159,Slow response detected endpoint=/api/cart latency=1160ms,2026-06-01T18:30:00+00:00,1
cart-service,T1239,Slow response detected endpoint=/api/cart latency=768ms,2026-06-01T18:30:00+00:00,1
cart-service,T1244,Slow response detected endpoint=/api/cart latency=1064ms,2026-06-01T18:30:00+00:00,1
cart-service,T1315,Slow response detected endpoint=/api/cart latency=1724ms,2026-06-01T18:30:00+00:00,1
cart-service,T143,Slow response detected endpoint=/api/cart latency=662ms,2026-06-01T18:30:00+00:00,1
cart-service,T153,Slow response detected endpoint=/api/cart latency=896ms,2026-06-01T18:30:00+00:00,1
cart-service,T282,Slow response detected endpoint=/api/cart latency=2749ms,2026-06-01T18:30:00+00:00,1
cart-service,T350,Slow response detected endpoint=/api/cart latency=2421ms,2026-06-01T18:30:00+00:00,1
cart-service,T470,Slow response detected endpoint=/api/cart latency=971ms,2026-06-01T18:30:00+00:00,1
cart-service,T709,Slow response detected endpoint=/api/cart latency=2161ms,2026-06-01T18:30:00+00:00,1
cart-service,T769,Slow response detected endpoint=/api/cart latency=2340ms,2026-06-01T18:30:00+00:00,1
cart-service,T798,Slow response detected endpoint=/api/cart latency=2351ms,2026-06-01T18:30:00+00:00,1
cart-service,T814,Slow response detected endpoint=/api/cart latency=1456ms,2026-06-01T18:30:00+00:00,1
cart-service,T908,Slow response detected endpoint=/api/cart latency=2649ms,2026-06-01T18:30:00+00:00,1
order-service,T005,Cart service call succeeded,2026-06-01T18:30:00+00:00,10
order-service,T006,Order created orderId=ORD-<NUM> userId=<NUM>,2026-06-01T18:30:00+00:00,10
order-service,T010,Health check passed,2026-06-01T18:30:00+00:00,6
cart-service,T001,Health check passed,2026-06-01T18:35:00+00:00,14
cart-service,T002,Item added to cart for userId=<NUM>,2026-06-01T18:35:00+00:00,13
cart-service,T003,DB query executed table=cart rows=<NUM>,2026-06-01T18:35:00+00:00,5
cart-service,T004,ProductCatalogCache eviction failed: heap pressure too high,2026-06-01T18:35:00+00:00,14
cart-service,T007,GC overhead limit warning: pause=<NUM>ms heap=<NUM>%,2026-06-01T18:35:00+00:00,14
cart-service,T008,Checkout completed orderId=ORD-<NUM>,2026-06-01T18:35:00+00:00,15
cart-service,T009,ProductCatalogCache loaded <NUM> entries,2026-06-01T18:35:00+00:00,7
cart-service,T011,Connection pool nearing limit pool=db connections=<NUM>/<NUM>,2026-06-01T18:35:00+00:00,3
cart-service,T015,Cache warm-up slower than expected startup_ms=<NUM>,2026-06-01T18:35:00+00:00,2
cart-service,T045,Health check response time elevated endpoint=/health latency=148ms,2026-06-01T18:35:00+00:00,1
cart-service,T107,Slow response detected endpoint=/api/cart latency=2458ms,2026-06-01T18:35:00+00:00,1
cart-service,T1253,Slow response detected endpoint=/api/cart latency=785ms,2026-06-01T18:35:00+00:00,1
cart-service,T1258,Slow response detected endpoint=/api/cart latency=800ms,2026-06-01T18:35:00+00:00,1
cart-service,T1296,Slow response detected endpoint=/api/cart latency=994ms,2026-06-01T18:35:00+00:00,1
cart-service,T163,Slow response detected endpoint=/api/cart latency=2333ms,2026-06-01T18:35:00+00:00,1
cart-service,T173,Health check response time elevated endpoint=/health latency=132ms,2026-06-01T18:35:00+00:00,1
cart-service,T179,Slow response detected endpoint=/api/cart latency=1628ms,2026-06-01T18:35:00+00:00,1
cart-service,T387,Slow response detected endpoint=/api/cart latency=2146ms,2026-06-01T18:35:00+00:00,1
cart-service,T451,Slow response detected endpoint=/api/cart latency=916ms,2026-06-01T18:35:00+00:00,1
cart-service,T515,Slow response detected endpoint=/api/cart latency=1745ms,2026-06-01T18:35:00+00:00,1
cart-service,T738,Slow response detected endpoint=/api/cart latency=2229ms,2026-06-01T18:35:00+00:00,1
cart-service,T751,Slow response detected endpoint=/api/cart latency=2240ms,2026-06-01T18:35:00+00:00,1
cart-service,T781,Slow response detected endpoint=/api/cart latency=1477ms,2026-06-01T18:35:00+00:00,1
cart-service,T958,Slow response detected endpoint=/api/cart latency=2744ms,2026-06-01T18:35:00+00:00,1
order-service,T005,Cart service call succeeded,2026-06-01T18:35:00+00:00,12
order-service,T006,Order created orderId=ORD-<NUM> userId=<NUM>,2026-06-01T18:35:00+00:00,6
order-service,T010,Health check passed,2026-06-01T18:35:00+00:00,5
order-service,T012,Cart service timeout after <NUM>ms,2026-06-01T18:35:00+00:00,1
cart-service,T001,Health check passed,2026-06-01T18:40:00+00:00,3
cart-service,T002,Item added to cart for userId=<NUM>,2026-06-01T18:40:00+00:00,15
cart-service,T003,DB query executed table=cart rows=<NUM>,2026-06-01T18:40:00+00:00,12
cart-service,T004,ProductCatalogCache eviction failed: heap pressure too high,2026-06-01T18:40:00+00:00,10
cart-service,T007,GC overhead limit warning: pause=<NUM>ms heap=<NUM>%,2026-06-01T18:40:00+00:00,15
cart-service,T008,Checkout completed orderId=ORD-<NUM>,2026-06-01T18:40:00+00:00,4
cart-service,T009,ProductCatalogCache loaded <NUM> entries,2026-06-01T18:40:00+00:00,7
cart-service,T011,Connection pool nearing limit pool=db connections=<NUM>/<NUM>,2026-06-01T18:40:00+00:00,2
cart-service,T015,Cache warm-up slower than expected startup_ms=<NUM>,2026-06-01T18:40:00+00:00,4
cart-service,T076,Health check response time elevated endpoint=/health latency=247ms,2026-06-01T18:40:00+00:00,1
cart-service,T1017,Slow response detected endpoint=/api/cart latency=2808ms,2026-06-01T18:40:00+00:00,1
cart-service,T1032,Slow response detected endpoint=/api/cart latency=2826ms,2026-06-01T18:40:00+00:00,1
cart-service,T170,Slow response detected endpoint=/api/cart latency=1873ms,2026-06-01T18:40:00+00:00,1
cart-service,T239,Slow response detected endpoint=/api/cart latency=523ms,2026-06-01T18:40:00+00:00,1
cart-service,T327,Slow response detected endpoint=/api/cart latency=2512ms,2026-06-01T18:40:00+00:00,1
cart-service,T407,Slow response detected endpoint=/api/cart latency=1978ms,2026-06-01T18:40:00+00:00,1
cart-service,T422,Slow response detected endpoint=/api/cart latency=1614ms,2026-06-01T18:40:00+00:00,1
cart-service,T457,Slow response detected endpoint=/api/cart latency=1793ms,2026-06-01T18:40:00+00:00,1
cart-service,T471,Slow response detected endpoint=/api/cart latency=968ms,2026-06-01T18:40:00+00:00,1
cart-service,T480,Slow response detected endpoint=/api/cart latency=913ms,2026-06-01T18:40:00+00:00,1
cart-service,T483,Slow response detected endpoint=/api/cart latency=927ms,2026-06-01T18:40:00+00:00,1
cart-service,T556,Slow response detected endpoint=/api/cart latency=1607ms,2026-06-01T18:40:00+00:00,1
cart-service,T699,Slow response detected endpoint=/api/cart latency=2203ms,2026-06-01T18:40:00+00:00,1
cart-service,T845,Slow response detected endpoint=/api/cart latency=1428ms,2026-06-01T18:40:00+00:00,1
cart-service,T875,Slow response detected endpoint=/api/cart latency=1382ms,2026-06-01T18:40:00+00:00,1
order-service,T005,Cart service call succeeded,2026-06-01T18:40:00+00:00,12
order-service,T006,Order created orderId=ORD-<NUM> userId=<NUM>,2026-06-01T18:40:00+00:00,12
order-service,T010,Health check passed,2026-06-01T18:40:00+00:00,4
order-service,T012,Cart service timeout after <NUM>ms,2026-06-01T18:40:00+00:00,1
cart-service,T001,Health check passed,2026-06-01T18:45:00+00:00,8
cart-service,T002,Item added to cart for userId=<NUM>,2026-06-01T18:45:00+00:00,3
cart-service,T003,DB query executed table=cart rows=<NUM>,2026-06-01T18:45:00+00:00,7
cart-service,T004,ProductCatalogCache eviction failed: heap pressure too high,2026-06-01T18:45:00+00:00,23
cart-service,T007,GC overhead limit warning: pause=<NUM>ms heap=<NUM>%,2026-06-01T18:45:00+00:00,19
cart-service,T008,Checkout completed orderId=ORD-<NUM>,2026-06-01T18:45:00+00:00,7
cart-service,T009,ProductCatalogCache loaded <NUM> entries,2026-06-01T18:45:00+00:00,4
cart-service,T011,Connection pool nearing limit pool=db connections=<NUM>/<NUM>,2026-06-01T18:45:00+00:00,4
cart-service,T044,Health check response time elevated endpoint=/health latency=192ms,2026-06-01T18:45:00+00:00,1
cart-service,T101,Slow response detected endpoint=/api/cart latency=858ms,2026-06-01T18:45:00+00:00,1
cart-service,T1023,Slow response detected endpoint=/api/cart latency=1277ms,2026-06-01T18:45:00+00:00,1
cart-service,T1042,Slow response detected endpoint=/api/cart latency=2859ms,2026-06-01T18:45:00+00:00,1
cart-service,T1227,Slow response detected endpoint=/api/cart latency=801ms,2026-06-01T18:45:00+00:00,1
cart-service,T133,Slow response detected endpoint=/api/cart latency=1006ms,2026-06-01T18:45:00+00:00,1
cart-service,T183,Slow response detected endpoint=/api/cart latency=1080ms,2026-06-01T18:45:00+00:00,1
cart-service,T215,Slow response detected endpoint=/api/cart latency=1125ms,2026-06-01T18:45:00+00:00,1
cart-service,T249,Slow response detected endpoint=/api/cart latency=1181ms,2026-06-01T18:45:00+00:00,1
cart-service,T305,Slow response detected endpoint=/api/cart latency=977ms,2026-06-01T18:45:00+00:00,1
cart-service,T338,Slow response detected endpoint=/api/cart latency=2525ms,2026-06-01T18:45:00+00:00,1
cart-service,T484,Slow response detected endpoint=/api/cart latency=929ms,2026-06-01T18:45:00+00:00,1
cart-service,T504,Slow response detected endpoint=/api/cart latency=1693ms,2026-06-01T18:45:00+00:00,1
cart-service,T656,Slow response detected endpoint=/api/cart latency=2113ms,2026-06-01T18:45:00+00:00,1
cart-service,T676,Slow response detected endpoint=/api/cart latency=2080ms,2026-06-01T18:45:00+00:00,1
cart-service,T772,Slow response detected endpoint=/api/cart latency=2274ms,2026-06-01T18:45:00+00:00,1
cart-service,T793,Slow response detected endpoint=/api/cart latency=2317ms,2026-06-01T18:45:00+00:00,1
cart-service,T805,Slow response detected endpoint=/api/cart latency=2369ms,2026-06-01T18:45:00+00:00,1
cart-service,T932,Slow response detected endpoint=/api/cart latency=1368ms,2026-06-01T18:45:00+00:00,1
order-service,T005,Cart service call succeeded,2026-06-01T18:45:00+00:00,15
order-service,T006,Order created orderId=ORD-<NUM> userId=<NUM>,2026-06-01T18:45:00+00:00,7
order-service,T010,Health check passed,2026-06-01T18:45:00+00:00,5
cart-service,T001,Health check passed,2026-06-01T18:50:00+00:00,18
cart-service,T002,Item added to cart for userId=<NUM>,2026-06-01T18:50:00+00:00,10
cart-service,T003,DB query executed table=cart rows=<NUM>,2026-06-01T18:50:00+00:00,8
cart-service,T004,ProductCatalogCache eviction failed: heap pressure too high,2026-06-01T18:50:00+00:00,21
cart-service,T007,GC overhead limit warning: pause=<NUM>ms heap=<NUM>%,2026-06-01T18:50:00+00:00,16
cart-service,T008,Checkout completed orderId=ORD-<NUM>,2026-06-01T18:50:00+00:00,11
cart-service,T009,ProductCatalogCache loaded <NUM> entries,2026-06-01T18:50:00+00:00,6
cart-service,T011,Connection pool nearing limit pool=db connections=<NUM>/<NUM>,2026-06-01T18:50:00+00:00,7
cart-service,T015,Cache warm-up slower than expected startup_ms=<NUM>,2026-06-01T18:50:00+00:00,3
cart-service,T020,Health check response time elevated endpoint=/health latency=209ms,2026-06-01T18:50:00+00:00,1
cart-service,T041,Health check response time elevated endpoint=/health latency=214ms,2026-06-01T18:50:00+00:00,1
cart-service,T075,Health check response time elevated endpoint=/health latency=137ms,2026-06-01T18:50:00+00:00,1
cart-service,T1002,Slow response detected endpoint=/api/cart latency=1308ms,2026-06-01T18:50:00+00:00,1
cart-service,T1057,Slow response detected endpoint=/api/cart latency=2889ms,2026-06-01T18:50:00+00:00,1
cart-service,T1205,Slow response detected endpoint=/api/cart latency=682ms,2026-06-01T18:50:00+00:00,1
cart-service,T257,Slow response detected endpoint=/api/cart latency=1242ms,2026-06-01T18:50:00+00:00,1
cart-service,T293,Slow response detected endpoint=/api/cart latency=2624ms,2026-06-01T18:50:00+00:00,1
cart-service,T381,Slow response detected endpoint=/api/cart latency=2258ms,2026-06-01T18:50:00+00:00,1
cart-service,T414,Slow response detected endpoint=/api/cart latency=2058ms,2026-06-01T18:50:00+00:00,1
cart-service,T671,Slow response detected endpoint=/api/cart latency=2142ms,2026-06-01T18:50:00+00:00,1
cart-service,T701,Slow response detected endpoint=/api/cart latency=2206ms,2026-06-01T18:50:00+00:00,1
cart-service,T846,Slow response detected endpoint=/api/cart latency=1429ms,2026-06-01T18:50:00+00:00,1
cart-service,T927,Slow response detected endpoint=/api/cart latency=1340ms,2026-06-01T18:50:00+00:00,1
cart-service,T987,Slow response detected endpoint=/api/cart latency=2751ms,2026-06-01T18:50:00+00:00,1
order-service,T005,Cart service call succeeded,2026-06-01T18:50:00+00:00,11
order-service,T006,Order created orderId=ORD-<NUM> userId=<NUM>,2026-06-01T18:50:00+00:00,7
order-service,T010,Health check passed,2026-06-01T18:50:00+00:00,5
order-service,T012,Cart service timeout after <NUM>ms,2026-06-01T18:50:00+00:00,2
cart-service,T001,Health check passed,2026-06-01T18:55:00+00:00,13
cart-service,T002,Item added to cart for userId=<NUM>,2026-06-01T18:55:00+00:00,11
cart-service,T003,DB query executed table=cart rows=<NUM>,2026-06-01T18:55:00+00:00,8
cart-service,T004,ProductCatalogCache eviction failed: heap pressure too high,2026-06-01T18:55:00+00:00,25
cart-service,T007,GC overhead limit warning: pause=<NUM>ms heap=<NUM>%,2026-06-01T18:55:00+00:00,12
cart-service,T008,Checkout completed orderId=ORD-<NUM>,2026-06-01T18:55:00+00:00,4
cart-service,T009,ProductCatalogCache loaded <NUM> entries,2026-06-01T18:55:00+00:00,4
cart-service,T011,Connection pool nearing limit pool=db connections=<NUM>/<NUM>,2026-06-01T18:55:00+00:00,2
cart-service,T015,Cache warm-up slower than expected startup_ms=<NUM>,2026-06-01T18:55:00+00:00,2
cart-service,T021,Health check response time elevated endpoint=/health latency=139ms,2026-06-01T18:55:00+00:00,1
cart-service,T1229,Slow response detected endpoint=/api/cart latency=807ms,2026-06-01T18:55:00+00:00,1
cart-service,T1252,Slow response detected endpoint=/api/cart latency=782ms,2026-06-01T18:55:00+00:00,1
cart-service,T1314,Slow response detected endpoint=/api/cart latency=1722ms,2026-06-01T18:55:00+00:00,1
cart-service,T180,Slow response detected endpoint=/api/cart latency=1830ms,2026-06-01T18:55:00+00:00,1
cart-service,T284,Slow response detected endpoint=/api/cart latency=2804ms,2026-06-01T18:55:00+00:00,1
cart-service,T297,Slow response detected endpoint=/api/cart latency=1346ms,2026-06-01T18:55:00+00:00,1
cart-service,T334,Slow response detected endpoint=/api/cart latency=2549ms,2026-06-01T18:55:00+00:00,1
cart-service,T382,Slow response detected endpoint=/api/cart latency=2253ms,2026-06-01T18:55:00+00:00,1
cart-service,T428,Slow response detected endpoint=/api/cart latency=1870ms,2026-06-01T18:55:00+00:00,1
cart-service,T448,Slow response detected endpoint=/api/cart latency=1707ms,2026-06-01T18:55:00+00:00,1
cart-service,T561,Slow response detected endpoint=/api/cart latency=1619ms,2026-06-01T18:55:00+00:00,1
cart-service,T638,Slow response detected endpoint=/api/cart latency=2011ms,2026-06-01T18:55:00+00:00,1
cart-service,T708,Slow response detected endpoint=/api/cart latency=2160ms,2026-06-01T18:55:00+00:00,1
order-service,T005,Cart service call succeeded,2026-06-01T18:55:00+00:00,10
order-service,T006,Order created orderId=ORD-<NUM> userId=<NUM>,2026-06-01T18:55:00+00:00,6
order-service,T010,Health check passed,2026-06-01T18:55:00+00:00,7
order-service,T012,Cart service timeout after <NUM>ms,2026-06-01T18:55:00+00:00,1
cart-service,T001,Health check passed,2026-06-01T19:00:00+00:00,16
cart-service,T002,Item added to cart for userId=<NUM>,2026-06-01T19:00:00+00:00,9
cart-service,T003,DB query executed table=cart rows=<NUM>,2026-06-01T19:00:00+00:00,11
cart-service,T004,ProductCatalogCache eviction failed: heap pressure too high,2026-06-01T19:00:00+00:00,19
cart-service,T007,GC overhead limit warning: pause=<NUM>ms heap=<NUM>%,2026-06-01T19:00:00+00:00,17
cart-service,T008,Checkout completed orderId=ORD-<NUM>,2026-06-01T19:00:00+00:00,5
cart-service,T009,ProductCatalogCache loaded <NUM> entries,2026-06-01T19:00:00+00:00,3
cart-service,T011,Connection pool nearing limit pool=db connections=<NUM>/<NUM>,2026-06-01T19:00:00+00:00,2
cart-service,T015,Cache warm-up slower than expected startup_ms=<NUM>,2026-06-01T19:00:00+00:00,3
cart-service,T025,Health check response time elevated endpoint=/health latency=225ms,2026-06-01T19:00:00+00:00,1
cart-service,T054,Health check response time elevated endpoint=/health latency=240ms,2026-06-01T19:00:00+00:00,1
cart-service,T062,Health check response time elevated endpoint=/health latency=167ms,2026-06-01T19:00:00+00:00,1
cart-service,T063,Health check response time elevated endpoint=/health latency=164ms,2026-06-01T19:00:00+00:00,1
cart-service,T1161,Slow response detected endpoint=/api/cart latency=1167ms,2026-06-01T19:00:00+00:00,1
cart-service,T124,Health check response time elevated endpoint=/health latency=242ms,2026-06-01T19:00:00+00:00,1
cart-service,T149,Slow response detected endpoint=/api/cart latency=2823ms,2026-06-01T19:00:00+00:00,1
cart-service,T168,Slow response detected endpoint=/api/cart latency=1833ms,2026-06-01T19:00:00+00:00,1
cart-service,T338,Slow response detected endpoint=/api/cart latency=2525ms,2026-06-01T19:00:00+00:00,1
cart-service,T375,Slow response detected endpoint=/api/cart latency=2238ms,2026-06-01T19:00:00+00:00,1
cart-service,T422,Slow response detected endpoint=/api/cart latency=1614ms,2026-06-01T19:00:00+00:00,1
cart-service,T479,Slow response detected endpoint=/api/cart latency=906ms,2026-06-01T19:00:00+00:00,1
cart-service,T581,Slow response detected endpoint=/api/cart latency=1907ms,2026-06-01T19:00:00+00:00,1
cart-service,T787,Slow response detected endpoint=/api/cart latency=1490ms,2026-06-01T19:00:00+00:00,1
cart-service,T948,Slow response detected endpoint=/api/cart latency=2670ms,2026-06-01T19:00:00+00:00,1
order-service,T005,Cart service call succeeded,2026-06-01T19:00:00+00:00,6
order-service,T006,Order created orderId=ORD-<NUM> userId=<NUM>,2026-06-01T19:00:00+00:00,8
order-service,T010,Health check passed,2026-06-01T19:00:00+00:00,8
order-service,T012,Cart service timeout after <NUM>ms,2026-06-01T19:00:00+00:00,3
cart-service,T001,Health check passed,2026-06-01T19:05:00+00:00,14
cart-service,T002,Item added to cart for userId=<NUM>,2026-06-01T19:05:00+00:00,10
cart-service,T003,DB query executed table=cart rows=<NUM>,2026-06-01T19:05:00+00:00,8
cart-service,T004,ProductCatalogCache eviction failed: heap pressure too high,2026-06-01T19:05:00+00:00,17
cart-service,T007,GC overhead limit warning: pause=<NUM>ms heap=<NUM>%,2026-06-01T19:05:00+00:00,23
cart-service,T008,Checkout completed orderId=ORD-<NUM>,2026-06-01T19:05:00+00:00,6
cart-service,T009,ProductCatalogCache loaded <NUM> entries,2026-06-01T19:05:00+00:00,5
cart-service,T011,Connection pool nearing limit pool=db connections=<NUM>/<NUM>,2026-06-01T19:05:00+00:00,7
cart-service,T015,Cache warm-up slower than expected startup_ms=<NUM>,2026-06-01T19:05:00+00:00,1
cart-service,T047,Health check response time elevated endpoint=/health latency=156ms,2026-06-01T19:05:00+00:00,1
cart-service,T081,Health check response time elevated endpoint=/health latency=249ms,2026-06-01T19:05:00+00:00,1
cart-service,T082,Health check response time elevated endpoint=/health latency=207ms,2026-06-01T19:05:00+00:00,1
cart-service,T091,Slow response detected endpoint=/api/cart latency=2864ms,2026-06-01T19:05:00+00:00,1
cart-service,T1144,Slow response detected endpoint=/api/cart latency=1185ms,2026-06-01T19:05:00+00:00,1
cart-service,T1186,Slow response detected endpoint=/api/cart latency=1143ms,2026-06-01T19:05:00+00:00,1
cart-service,T1262,Slow response detected endpoint=/api/cart latency=892ms,2026-06-01T19:05:00+00:00,1
cart-service,T152,Slow response detected endpoint=/api/cart latency=556ms,2026-06-01T19:05:00+00:00,1
cart-service,T155,Slow response detected endpoint=/api/cart latency=2720ms,2026-06-01T19:05:00+00:00,1
cart-service,T263,Slow response detected endpoint=/api/cart latency=1282ms,2026-06-01T19:05:00+00:00,1
cart-service,T341,Slow response detected endpoint=/api/cart latency=1457ms,2026-06-01T19:05:00+00:00,1
cart-service,T425,Slow response detected endpoint=/api/cart latency=1656ms,2026-06-01T19:05:00+00:00,1
cart-service,T538,Slow response detected endpoint=/api/cart latency=1643ms,2026-06-01T19:05:00+00:00,1
cart-service,T918,Slow response detected endpoint=/api/cart latency=2603ms,2026-06-01T19:05:00+00:00,1
cart-service,T985,Slow response detected endpoint=/api/cart latency=2736ms,2026-06-01T19:05:00+00:00,1
order-service,T005,Cart service call succeeded,2026-06-01T19:05:00+00:00,3
order-service,T006,Order created orderId=ORD-<NUM> userId=<NUM>,2026-06-01T19:05:00+00:00,11
order-service,T010,Health check passed,2026-06-01T19:05:00+00:00,4
order-service,T012,Cart service timeout after <NUM>ms,2026-06-01T19:05:00+00:00,2
cart-service,T001,Health check passed,2026-06-01T19:10:00+00:00,14
cart-service,T002,Item added to cart for userId=<NUM>,2026-06-01T19:10:00+00:00,13
cart-service,T003,DB query executed table=cart rows=<NUM>,2026-06-01T19:10:00+00:00,12
cart-service,T004,ProductCatalogCache eviction failed: heap pressure too high,2026-06-01T19:10:00+00:00,19
cart-service,T007,GC overhead limit warning: pause=<NUM>ms heap=<NUM>%,2026-06-01T19:10:00+00:00,17
cart-service,T008,Checkout completed orderId=ORD-<NUM>,2026-06-01T19:10:00+00:00,10
cart-service,T009,ProductCatalogCache loaded <NUM> entries,2026-06-01T19:10:00+00:00,6
cart-service,T011,Connection pool nearing limit pool=db connections=<NUM>/<NUM>,2026-06-01T19:10:00+00:00,5
cart-service,T037,Health check response time elevated endpoint=/health latency=206ms,2026-06-01T19:10:00+00:00,1
cart-service,T092,Health check response time elevated endpoint=/health latency=195ms,2026-06-01T19:10:00+00:00,1
cart-service,T1035,Slow response detected endpoint=/api/cart latency=2921ms,2026-06-01T19:10:00+00:00,1
cart-service,T116,Health check response time elevated endpoint=/health latency=224ms,2026-06-01T19:10:00+00:00,1
cart-service,T1170,Slow response detected endpoint=/api/cart latency=610ms,2026-06-01T19:10:00+00:00,1
cart-service,T1187,Slow response detected endpoint=/api/cart latency=1145ms,2026-06-01T19:10:00+00:00,1
cart-service,T1203,Slow response detected endpoint=/api/cart latency=672ms,2026-06-01T19:10:00+00:00,1
cart-service,T221,Slow response detected endpoint=/api/cart latency=664ms,2026-06-01T19:10:00+00:00,1
cart-service,T262,Slow response detected endpoint=/api/cart latency=2988ms,2026-06-01T19:10:00+00:00,1
cart-service,T268,Slow response detected endpoint=/api/cart latency=2846ms,2026-06-01T19:10:00+00:00,1
cart-service,T273,Slow response detected endpoint=/api/cart latency=2947ms,2026-06-01T19:10:00+00:00,1
cart-service,T361,Slow response detected endpoint=/api/cart latency=1476ms,2026-06-01T19:10:00+00:00,1
cart-service,T652,Slow response detected endpoint=/api/cart latency=2103ms,2026-06-01T19:10:00+00:00,1
cart-service,T657,Slow response detected endpoint=/api/cart latency=2045ms,2026-06-01T19:10:00+00:00,1
cart-service,T691,Slow response detected endpoint=/api/cart latency=1566ms,2026-06-01T19:10:00+00:00,1
cart-service,T719,Slow response detected endpoint=/api/cart latency=1521ms,2026-06-01T19:10:00+00:00,1
cart-service,T760,Slow response detected endpoint=/api/cart latency=2265ms,2026-06-01T19:10:00+00:00,1
order-service,T005,Cart service call succeeded,2026-06-01T19:10:00+00:00,4
order-service,T006,Order created orderId=ORD-<NUM> userId=<NUM>,2026-06-01T19:10:00+00:00,11
order-service,T010,Health check passed,2026-06-01T19:10:00+00:00,6
cart-service,T001,Health check passed,2026-06-01T19:15:00+00:00,14
cart-service,T002,Item added to cart for userId=<NUM>,2026-06-01T19:15:00+00:00,14
cart-service,T003,DB query executed table=cart rows=<NUM>,2026-06-01T19:15:00+00:00,10
cart-service,T004,ProductCatalogCache eviction failed: heap pressure too high,2026-06-01T19:15:00+00:00,19
cart-service,T007,GC overhead limit warning: pause=<NUM>ms heap=<NUM>%,2026-06-01T19:15:00+00:00,12
cart-service,T008,Checkout completed orderId=ORD-<NUM>,2026-06-01T19:15:00+00:00,12
cart-service,T009,ProductCatalogCache loaded <NUM> entries,2026-06-01T19:15:00+00:00,6
cart-service,T011,Connection pool nearing limit pool=db connections=<NUM>/<NUM>,2026-06-01T19:15:00+00:00,4
cart-service,T015,Cache warm-up slower than expected startup_ms=<NUM>,2026-06-01T19:15:00+00:00,2
cart-service,T024,Health check response time elevated endpoint=/health latency=212ms,2026-06-01T19:15:00+00:00,1
cart-service,T087,Health check response time elevated endpoint=/health latency=157ms,2026-06-01T19:15:00+00:00,1
cart-service,T090,Health check response time elevated endpoint=/health latency=175ms,2026-06-01T19:15:00+00:00,1
cart-service,T112,Slow response detected endpoint=/api/cart latency=2497ms,2026-06-01T19:15:00+00:00,1
cart-service,T114,Health check response time elevated endpoint=/health latency=136ms,2026-06-01T19:15:00+00:00,1
cart-service,T1177,Slow response detected endpoint=/api/cart latency=629ms,2026-06-01T19:15:00+00:00,1
cart-service,T1211,Slow response detected endpoint=/api/cart latency=779ms,2026-06-01T19:15:00+00:00,1
cart-service,T210,Slow response detected endpoint=/api/cart latency=642ms,2026-06-01T19:15:00+00:00,1
cart-service,T214,Slow response detected endpoint=/api/cart latency=1130ms,2026-06-01T19:15:00+00:00,1
cart-service,T385,Slow response detected endpoint=/api/cart latency=1756ms,2026-06-01T19:15:00+00:00,1
cart-service,T427,Slow response detected endpoint=/api/cart latency=1872ms,2026-06-01T19:15:00+00:00,1
cart-service,T457,Slow response detected endpoint=/api/cart latency=1793ms,2026-06-01T19:15:00+00:00,1
cart-service,T531,Slow response detected endpoint=/api/cart latency=1789ms,2026-06-01T19:15:00+00:00,1
cart-service,T535,Slow response detected endpoint=/api/cart latency=1802ms,2026-06-01T19:15:00+00:00,1
cart-service,T572,Slow response detected endpoint=/api/cart latency=1869ms,2026-06-01T19:15:00+00:00,1
cart-service,T595,Slow response detected endpoint=/api/cart latency=1918ms,2026-06-01T19:15:00+00:00,1
cart-service,T829,Slow response detected endpoint=/api/cart latency=2484ms,2026-06-01T19:15:00+00:00,1
cart-service,T950,Slow response detected endpoint=/api/cart latency=2674ms,2026-06-01T19:15:00+00:00,1
order-service,T005,Cart service call succeeded,2026-06-01T19:15:00+00:00,8
order-service,T006,Order created orderId=ORD-<NUM> userId=<NUM>,2026-06-01T19:15:00+00:00,11
order-service,T010,Health check passed,2026-06-01T19:15:00+00:00,2
order-service,T012,Cart service timeout after <NUM>ms,2026-06-01T19:15:00+00:00,1
cart-service,T001,Health check passed,2026-06-01T19:20:00+00:00,11
cart-service,T002,Item added to cart for userId=<NUM>,2026-06-01T19:20:00+00:00,6
cart-service,T003,DB query executed table=cart rows=<NUM>,2026-06-01T19:20:00+00:00,8
cart-service,T004,ProductCatalogCache eviction failed: heap pressure too high,2026-06-01T19:20:00+00:00,20
cart-service,T007,GC overhead limit warning: pause=<NUM>ms heap=<NUM>%,2026-06-01T19:20:00+00:00,13
cart-service,T008,Checkout completed orderId=ORD-<NUM>,2026-06-01T19:20:00+00:00,7
cart-service,T009,ProductCatalogCache loaded <NUM> entries,2026-06-01T19:20:00+00:00,6
cart-service,T011,Connection pool nearing limit pool=db connections=<NUM>/<NUM>,2026-06-01T19:20:00+00:00,6
cart-service,T015,Cache warm-up slower than expected startup_ms=<NUM>,2026-06-01T19:20:00+00:00,1
cart-service,T098,Health check response time elevated endpoint=/health latency=183ms,2026-06-01T19:20:00+00:00,1
cart-service,T104,Slow response detected endpoint=/api/cart latency=731ms,2026-06-01T19:20:00+00:00,1
cart-service,T1183,Slow response detected endpoint=/api/cart latency=1136ms,2026-06-01T19:20:00+00:00,1
cart-service,T125,Health check response time elevated endpoint=/health latency=128ms,2026-06-01T19:20:00+00:00,1
cart-service,T151,Slow response detected endpoint=/api/cart latency=772ms,2026-06-01T19:20:00+00:00,1
cart-service,T172,Health check response time elevated endpoint=/health latency=230ms,2026-06-01T19:20:00+00:00,1
cart-service,T187,Slow response detected endpoint=/api/cart latency=850ms,2026-06-01T19:20:00+00:00,1
cart-service,T211,Slow response detected endpoint=/api/cart latency=638ms,2026-06-01T19:20:00+00:00,1
cart-service,T212,Slow response detected endpoint=/api/cart latency=636ms,2026-06-01T19:20:00+00:00,2
cart-service,T264,Slow response detected endpoint=/api/cart latency=1257ms,2026-06-01T19:20:00+00:00,1
cart-service,T797,Slow response detected endpoint=/api/cart latency=2350ms,2026-06-01T19:20:00+00:00,1
cart-service,T817,Slow response detected endpoint=/api/cart latency=1461ms,2026-06-01T19:20:00+00:00,1
cart-service,T856,Slow response detected endpoint=/api/cart latency=2463ms,2026-06-01T19:20:00+00:00,1
cart-service,T864,Slow response detected endpoint=/api/cart latency=2502ms,2026-06-01T19:20:00+00:00,1
order-service,T005,Cart service call succeeded,2026-06-01T19:20:00+00:00,8
order-service,T006,Order created orderId=ORD-<NUM> userId=<NUM>,2026-06-01T19:20:00+00:00,11
order-service,T010,Health check passed,2026-06-01T19:20:00+00:00,7
order-service,T012,Cart service timeout after <NUM>ms,2026-06-01T19:20:00+00:00,2
cart-service,T001,Health check passed,2026-06-01T19:25:00+00:00,12
cart-service,T002,Item added to cart for userId=<NUM>,2026-06-01T19:25:00+00:00,13
cart-service,T003,DB query executed table=cart rows=<NUM>,2026-06-01T19:25:00+00:00,10
cart-service,T004,ProductCatalogCache eviction failed: heap pressure too high,2026-06-01T19:25:00+00:00,25
cart-service,T007,GC overhead limit warning: pause=<NUM>ms heap=<NUM>%,2026-06-01T19:25:00+00:00,11
cart-service,T008,Checkout completed orderId=ORD-<NUM>,2026-06-01T19:25:00+00:00,5
cart-service,T009,ProductCatalogCache loaded <NUM> entries,2026-06-01T19:25:00+00:00,3
cart-service,T011,Connection pool nearing limit pool=db connections=<NUM>/<NUM>,2026-06-01T19:25:00+00:00,5
cart-service,T015,Cache warm-up slower than expected startup_ms=<NUM>,2026-06-01T19:25:00+00:00,3
cart-service,T1286,Slow response detected endpoint=/api/cart latency=875ms,2026-06-01T19:25:00+00:00,1
cart-service,T1306,Slow response detected endpoint=/api/cart latency=1026ms,2026-06-01T19:25:00+00:00,1
cart-service,T140,Slow response detected endpoint=/api/cart latency=1072ms,2026-06-01T19:25:00+00:00,1
cart-service,T200,Slow response detected endpoint=/api/cart latency=735ms,2026-06-01T19:25:00+00:00,1
cart-service,T206,Slow response detected endpoint=/api/cart latency=811ms,2026-06-01T19:25:00+00:00,1
cart-service,T329,Slow response detected endpoint=/api/cart latency=2509ms,2026-06-01T19:25:00+00:00,1
cart-service,T503,Slow response detected endpoint=/api/cart latency=1691ms,2026-06-01T19:25:00+00:00,1
cart-service,T611,Slow response detected endpoint=/api/cart latency=1942ms,2026-06-01T19:25:00+00:00,1
cart-service,T637,Slow response detected endpoint=/api/cart latency=2010ms,2026-06-01T19:25:00+00:00,1
cart-service,T668,Slow response detected endpoint=/api/cart latency=2136ms,2026-06-01T19:25:00+00:00,1
cart-service,T761,Slow response detected endpoint=/api/cart latency=2271ms,2026-06-01T19:25:00+00:00,1
order-service,T005,Cart service call succeeded,2026-06-01T19:25:00+00:00,6
order-service,T006,Order created orderId=ORD-<NUM> userId=<NUM>,2026-06-01T19:25:00+00:00,9
order-service,T010,Health check passed,2026-06-01T19:25:00+00:00,11
cart-service,T001,Health check passed,2026-06-01T19:30:00+00:00,17
cart-service,T002,Item added to cart for userId=<NUM>,2026-06-01T19:30:00+00:00,8
cart-service,T003,DB query executed table=cart rows=<NUM>,2026-06-01T19:30:00+00:00,11
cart-service,T004,ProductCatalogCache eviction failed: heap pressure too high,2026-06-01T19:30:00+00:00,16
cart-service,T007,GC overhead limit warning: pause=<NUM>ms heap=<NUM>%,2026-06-01T19:30:00+00:00,18
cart-service,T008,Checkout completed orderId=ORD-<NUM>,2026-06-01T19:30:00+00:00,11
cart-service,T009,ProductCatalogCache loaded <NUM> entries,2026-06-01T19:30:00+00:00,8
cart-service,T011,Connection pool nearing limit pool=db connections=<NUM>/<NUM>,2026-06-01T19:30:00+00:00,3
cart-service,T015,Cache warm-up slower than expected startup_ms=<NUM>,2026-06-01T19:30:00+00:00,2
cart-service,T021,Health check response time elevated endpoint=/health latency=139ms,2026-06-01T19:30:00+00:00,1
cart-service,T024,Health check response time elevated endpoint=/health latency=212ms,2026-06-01T19:30:00+00:00,1
cart-service,T076,Health check response time elevated endpoint=/health latency=247ms,2026-06-01T19:30:00+00:00,1
cart-service,T090,Health check response time elevated endpoint=/health latency=175ms,2026-06-01T19:30:00+00:00,1
cart-service,T1028,Slow response detected endpoint=/api/cart latency=2816ms,2026-06-01T19:30:00+00:00,1
cart-service,T1305,Slow response detected endpoint=/api/cart latency=1018ms,2026-06-01T19:30:00+00:00,1
cart-service,T256,Slow response detected endpoint=/api/cart latency=1245ms,2026-06-01T19:30:00+00:00,1
cart-service,T292,Slow response detected endpoint=/api/cart latency=2627ms,2026-06-01T19:30:00+00:00,1
cart-service,T294,Slow response detected endpoint=/api/cart latency=1367ms,2026-06-01T19:30:00+00:00,1
cart-service,T298,Slow response detected endpoint=/api/cart latency=2665ms,2026-06-01T19:30:00+00:00,1
cart-service,T320,Slow response detected endpoint=/api/cart latency=2642ms,2026-06-01T19:30:00+00:00,1
cart-service,T359,Slow response detected endpoint=/api/cart latency=1488ms,2026-06-01T19:30:00+00:00,1
cart-service,T367,Slow response detected endpoint=/api/cart latency=2405ms,2026-06-01T19:30:00+00:00,1
cart-service,T373,Slow response detected endpoint=/api/cart latency=1501ms,2026-06-01T19:30:00+00:00,1
cart-service,T386,Slow response detected endpoint=/api/cart latency=2288ms,2026-06-01T19:30:00+00:00,1
cart-service,T430,Slow response detected endpoint=/api/cart latency=1930ms,2026-06-01T19:30:00+00:00,1
cart-service,T495,Slow response detected endpoint=/api/cart latency=1678ms,2026-06-01T19:30:00+00:00,1
cart-service,T920,Slow response detected endpoint=/api/cart latency=2608ms,2026-06-01T19:30:00+00:00,1
order-service,T005,Cart service call succeeded,2026-06-01T19:30:00+00:00,15
order-service,T006,Order created orderId=ORD-<NUM> userId=<NUM>,2026-06-01T19:30:00+00:00,7
order-service,T010,Health check passed,2026-06-01T19:30:00+00:00,4
order-service,T012,Cart service timeout after <NUM>ms,2026-06-01T19:30:00+00:00,1
cart-service,T001,Health check passed,2026-06-01T19:35:00+00:00,10
cart-service,T002,Item added to cart for userId=<NUM>,2026-06-01T19:35:00+00:00,16
cart-service,T003,DB query executed table=cart rows=<NUM>,2026-06-01T19:35:00+00:00,9
cart-service,T004,ProductCatalogCache eviction failed: heap pressure too high,2026-06-01T19:35:00+00:00,23
cart-service,T007,GC overhead limit warning: pause=<NUM>ms heap=<NUM>%,2026-06-01T19:35:00+00:00,15
cart-service,T008,Checkout completed orderId=ORD-<NUM>,2026-06-01T19:35:00+00:00,8
cart-service,T009,ProductCatalogCache loaded <NUM> entries,2026-06-01T19:35:00+00:00,7
cart-service,T011,Connection pool nearing limit pool=db connections=<NUM>/<NUM>,2026-06-01T19:35:00+00:00,7
cart-service,T015,Cache warm-up slower than expected startup_ms=<NUM>,2026-06-01T19:35:00+00:00,2
cart-service,T041,Health check response time elevated endpoint=/health latency=214ms,2026-06-01T19:35:00+00:00,1
cart-service,T058,Health check response time elevated endpoint=/health latency=131ms,2026-06-01T19:35:00+00:00,1
cart-service,T1303,Slow response detected endpoint=/api/cart latency=1016ms,2026-06-01T19:35:00+00:00,1
cart-service,T1319,Slow response detected endpoint=/api/cart latency=945ms,2026-06-01T19:35:00+00:00,1
cart-service,T343,Slow response detected endpoint=/api/cart latency=1444ms,2026-06-01T19:35:00+00:00,1
cart-service,T358,Slow response detected endpoint=/api/cart latency=1759ms,2026-06-01T19:35:00+00:00,1
cart-service,T501,Slow response detected endpoint=/api/cart latency=1689ms,2026-06-01T19:35:00+00:00,1
cart-service,T718,Slow response detected endpoint=/api/cart latency=1518ms,2026-06-01T19:35:00+00:00,1
cart-service,T978,Slow response detected endpoint=/api/cart latency=2719ms,2026-06-01T19:35:00+00:00,1
order-service,T005,Cart service call succeeded,2026-06-01T19:35:00+00:00,10
order-service,T006,Order created orderId=ORD-<NUM> userId=<NUM>,2026-06-01T19:35:00+00:00,8
order-service,T010,Health check passed,2026-06-01T19:35:00+00:00,8
order-service,T012,Cart service timeout after <NUM>ms,2026-06-01T19:35:00+00:00,3
cart-service,T001,Health check passed,2026-06-01T19:40:00+00:00,16
cart-service,T002,Item added to cart for userId=<NUM>,2026-06-01T19:40:00+00:00,9
cart-service,T003,DB query executed table=cart rows=<NUM>,2026-06-01T19:40:00+00:00,12
cart-service,T004,ProductCatalogCache eviction failed: heap pressure too high,2026-06-01T19:40:00+00:00,16
cart-service,T007,GC overhead limit warning: pause=<NUM>ms heap=<NUM>%,2026-06-01T19:40:00+00:00,17
cart-service,T008,Checkout completed orderId=ORD-<NUM>,2026-06-01T19:40:00+00:00,9
cart-service,T009,ProductCatalogCache loaded <NUM> entries,2026-06-01T19:40:00+00:00,4
cart-service,T011,Connection pool nearing limit pool=db connections=<NUM>/<NUM>,2026-06-01T19:40:00+00:00,5
cart-service,T015,Cache warm-up slower than expected startup_ms=<NUM>,2026-06-01T19:40:00+00:00,1
cart-service,T042,Health check response time elevated endpoint=/health latency=216ms,2026-06-01T19:40:00+00:00,1
cart-service,T1116,Slow response detected endpoint=/api/cart latency=1192ms,2026-06-01T19:40:00+00:00,1
cart-service,T1196,Slow response detected endpoint=/api/cart latency=1104ms,2026-06-01T19:40:00+00:00,1
cart-service,T1243,Slow response detected endpoint=/api/cart latency=1063ms,2026-06-01T19:40:00+00:00,1
cart-service,T129,Slow response detected endpoint=/api/cart latency=699ms,2026-06-01T19:40:00+00:00,1
cart-service,T1291,Slow response detected endpoint=/api/cart latency=959ms,2026-06-01T19:40:00+00:00,1
cart-service,T157,Slow response detected endpoint=/api/cart latency=2575ms,2026-06-01T19:40:00+00:00,1
cart-service,T191,Slow response detected endpoint=/api/cart latency=815ms,2026-06-01T19:40:00+00:00,1
cart-service,T222,Slow response detected endpoint=/api/cart latency=1164ms,2026-06-01T19:40:00+00:00,1
cart-service,T350,Slow response detected endpoint=/api/cart latency=2421ms,2026-06-01T19:40:00+00:00,1
cart-service,T412,Slow response detected endpoint=/api/cart latency=2020ms,2026-06-01T19:40:00+00:00,1
cart-service,T428,Slow response detected endpoint=/api/cart latency=1870ms,2026-06-01T19:40:00+00:00,1
cart-service,T758,Slow response detected endpoint=/api/cart latency=2263ms,2026-06-01T19:40:00+00:00,1
cart-service,T780,Slow response detected endpoint=/api/cart latency=1475ms,2026-06-01T19:40:00+00:00,1
cart-service,T924,Slow response detected endpoint=/api/cart latency=1333ms,2026-06-01T19:40:00+00:00,1
cart-service,T964,Slow response detected endpoint=/api/cart latency=2695ms,2026-06-01T19:40:00+00:00,1
order-service,T005,Cart service call succeeded,2026-06-01T19:40:00+00:00,10
order-service,T006,Order created orderId=ORD-<NUM> userId=<NUM>,2026-06-01T19:40:00+00:00,6
order-service,T010,Health check passed,2026-06-01T19:40:00+00:00,10
order-service,T012,Cart service timeout after <NUM>ms,2026-06-01T19:40:00+00:00,1
cart-service,T001,Health check passed,2026-06-01T19:45:00+00:00,8
cart-service,T002,Item added to cart for userId=<NUM>,2026-06-01T19:45:00+00:00,9
cart-service,T003,DB query executed table=cart rows=<NUM>,2026-06-01T19:45:00+00:00,8
cart-service,T004,ProductCatalogCache eviction failed: heap pressure too high,2026-06-01T19:45:00+00:00,23
cart-service,T007,GC overhead limit warning: pause=<NUM>ms heap=<NUM>%,2026-06-01T19:45:00+00:00,20
cart-service,T008,Checkout completed orderId=ORD-<NUM>,2026-06-01T19:45:00+00:00,13
cart-service,T009,ProductCatalogCache loaded <NUM> entries,2026-06-01T19:45:00+00:00,3
cart-service,T011,Connection pool nearing limit pool=db connections=<NUM>/<NUM>,2026-06-01T19:45:00+00:00,3
cart-service,T034,Health check response time elevated endpoint=/health latency=211ms,2026-06-01T19:45:00+00:00,1
cart-service,T052,Health check response time elevated endpoint=/health latency=250ms,2026-06-01T19:45:00+00:00,1
cart-service,T080,Health check response time elevated endpoint=/health latency=208ms,2026-06-01T19:45:00+00:00,1
cart-service,T1058,Slow response detected endpoint=/api/cart latency=2890ms,2026-06-01T19:45:00+00:00,1
cart-service,T1073,Slow response detected endpoint=/api/cart latency=1240ms,2026-06-01T19:45:00+00:00,1
cart-service,T1171,Slow response detected endpoint=/api/cart latency=612ms,2026-06-01T19:45:00+00:00,1
cart-service,T1313,Slow response detected endpoint=/api/cart latency=1721ms,2026-06-01T19:45:00+00:00,1
cart-service,T195,Slow response detected endpoint=/api/cart latency=1101ms,2026-06-01T19:45:00+00:00,1
cart-service,T246,Slow response detected endpoint=/api/cart latency=559ms,2026-06-01T19:45:00+00:00,1
cart-service,T270,Slow response detected endpoint=/api/cart latency=2900ms,2026-06-01T19:45:00+00:00,1
cart-service,T323,Slow response detected endpoint=/api/cart latency=1425ms,2026-06-01T19:45:00+00:00,1
cart-service,T450,Slow response detected endpoint=/api/cart latency=1639ms,2026-06-01T19:45:00+00:00,1
cart-service,T536,Slow response detected endpoint=/api/cart latency=1633ms,2026-06-01T19:45:00+00:00,1
cart-service,T603,Slow response detected endpoint=/api/cart latency=1983ms,2026-06-01T19:45:00+00:00,1
cart-service,T704,Slow response detected endpoint=/api/cart latency=2151ms,2026-06-01T19:45:00+00:00,1
cart-service,T874,Slow response detected endpoint=/api/cart latency=1419ms,2026-06-01T19:45:00+00:00,1
cart-service,T976,Slow response detected endpoint=/api/cart latency=1326ms,2026-06-01T19:45:00+00:00,1
order-service,T005,Cart service call succeeded,2026-06-01T19:45:00+00:00,10
order-service,T006,Order created orderId=ORD-<NUM> userId=<NUM>,2026-06-01T19:45:00+00:00,6
order-service,T010,Health check passed,2026-06-01T19:45:00+00:00,7
order-service,T012,Cart service timeout after <NUM>ms,2026-06-01T19:45:00+00:00,3
cart-service,T001,Health check passed,2026-06-01T19:50:00+00:00,16
cart-service,T002,Item added to cart for userId=<NUM>,2026-06-01T19:50:00+00:00,6
cart-service,T003,DB query executed table=cart rows=<NUM>,2026-06-01T19:50:00+00:00,8
cart-service,T004,ProductCatalogCache eviction failed: heap pressure too high,2026-06-01T19:50:00+00:00,15
cart-service,T007,GC overhead limit warning: pause=<NUM>ms heap=<NUM>%,2026-06-01T19:50:00+00:00,18
cart-service,T008,Checkout completed orderId=ORD-<NUM>,2026-06-01T19:50:00+00:00,8
cart-service,T009,ProductCatalogCache loaded <NUM> entries,2026-06-01T19:50:00+00:00,5
cart-service,T011,Connection pool nearing limit pool=db connections=<NUM>/<NUM>,2026-06-01T19:50:00+00:00,3
cart-service,T015,Cache warm-up slower than expected startup_ms=<NUM>,2026-06-01T19:50:00+00:00,4
cart-service,T1082,Slow response detected endpoint=/api/cart latency=2940ms,2026-06-01T19:50:00+00:00,1
cart-service,T177,Health check response time elevated endpoint=/health latency=144ms,2026-06-01T19:50:00+00:00,1
cart-service,T325,Slow response detected endpoint=/api/cart latency=1702ms,2026-06-01T19:50:00+00:00,1
cart-service,T347,Slow response detected endpoint=/api/cart latency=2436ms,2026-06-01T19:50:00+00:00,1
cart-service,T434,Slow response detected endpoint=/api/cart latency=1944ms,2026-06-01T19:50:00+00:00,1
cart-service,T585,Slow response detected endpoint=/api/cart latency=1601ms,2026-06-01T19:50:00+00:00,1
cart-service,T695,Slow response detected endpoint=/api/cart latency=2123ms,2026-06-01T19:50:00+00:00,1
cart-service,T765,Slow response detected endpoint=/api/cart latency=2331ms,2026-06-01T19:50:00+00:00,1
cart-service,T807,Slow response detected endpoint=/api/cart latency=2377ms,2026-06-01T19:50:00+00:00,1
order-service,T005,Cart service call succeeded,2026-06-01T19:50:00+00:00,8
order-service,T006,Order created orderId=ORD-<NUM> userId=<NUM>,2026-06-01T19:50:00+00:00,4
order-service,T010,Health check passed,2026-06-01T19:50:00+00:00,5
order-service,T012,Cart service timeout after <NUM>ms,2026-06-01T19:50:00+00:00,2
cart-service,T001,Health check passed,2026-06-01T19:55:00+00:00,10
cart-service,T002,Item added to cart for userId=<NUM>,2026-06-01T19:55:00+00:00,5
cart-service,T003,DB query executed table=cart rows=<NUM>,2026-06-01T19:55:00+00:00,8
cart-service,T004,ProductCatalogCache eviction failed: heap pressure too high,2026-06-01T19:55:00+00:00,14
cart-service,T007,GC overhead limit warning: pause=<NUM>ms heap=<NUM>%,2026-06-01T19:55:00+00:00,13
cart-service,T008,Checkout completed orderId=ORD-<NUM>,2026-06-01T19:55:00+00:00,6
cart-service,T009,ProductCatalogCache loaded <NUM> entries,2026-06-01T19:55:00+00:00,2
cart-service,T011,Connection pool nearing limit pool=db connections=<NUM>/<NUM>,2026-06-01T19:55:00+00:00,1
cart-service,T013,OutOfMemoryError imminent: available heap < <NUM>%,2026-06-01T19:55:00+00:00,5
cart-service,T014,Container OOMKilled: memory limit exceeded,2026-06-01T19:55:00+00:00,3
cart-service,T015,Cache warm-up slower than expected startup_ms=<NUM>,2026-06-01T19:55:00+00:00,4
cart-service,T016,Upstream connection refused host=product-service,2026-06-01T19:55:00+00:00,3
cart-service,T018,Application starting up version=<NUM>.<NUM>.<NUM>,2026-06-01T19:55:00+00:00,9
cart-service,T021,Health check response time elevated endpoint=/health latency=139ms,2026-06-01T19:55:00+00:00,1
cart-service,T063,Health check response time elevated endpoint=/health latency=164ms,2026-06-01T19:55:00+00:00,1
cart-service,T072,Health check response time elevated endpoint=/health latency=239ms,2026-06-01T19:55:00+00:00,1
cart-service,T1153,Slow response detected endpoint=/api/cart latency=592ms,2026-06-01T19:55:00+00:00,1
cart-service,T121,Health check response time elevated endpoint=/health latency=219ms,2026-06-01T19:55:00+00:00,1
cart-service,T1223,Slow response detected endpoint=/api/cart latency=1090ms,2026-06-01T19:55:00+00:00,1
cart-service,T246,Slow response detected endpoint=/api/cart latency=559ms,2026-06-01T19:55:00+00:00,1
cart-service,T307,Slow response detected endpoint=/api/cart latency=2522ms,2026-06-01T19:55:00+00:00,1
cart-service,T330,Slow response detected endpoint=/api/cart latency=2505ms,2026-06-01T19:55:00+00:00,1
cart-service,T421,Slow response detected endpoint=/api/cart latency=1615ms,2026-06-01T19:55:00+00:00,2
cart-service,T453,Slow response detected endpoint=/api/cart latency=1021ms,2026-06-01T19:55:00+00:00,1
cart-service,T466,Slow response detected endpoint=/api/cart latency=995ms,2026-06-01T19:55:00+00:00,1
cart-service,T843,Slow response detected endpoint=/api/cart latency=1420ms,2026-06-01T19:55:00+00:00,1
order-service,T005,Cart service call succeeded,2026-06-01T19:55:00+00:00,9
order-service,T006,Order created orderId=ORD-<NUM> userId=<NUM>,2026-06-01T19:55:00+00:00,4
order-service,T010,Health check passed,2026-06-01T19:55:00+00:00,8
order-service,T012,Cart service timeout after <NUM>ms,2026-06-01T19:55:00+00:00,2
cart-service,T001,Health check passed,2026-06-01T20:00:00+00:00,5
cart-service,T002,Item added to cart for userId=<NUM>,2026-06-01T20:00:00+00:00,6
cart-service,T003,DB query executed table=cart rows=<NUM>,2026-06-01T20:00:00+00:00,7
cart-service,T004,ProductCatalogCache eviction failed: heap pressure too high,2026-06-01T20:00:00+00:00,24
cart-service,T007,GC overhead limit warning: pause=<NUM>ms heap=<NUM>%,2026-06-01T20:00:00+00:00,11
cart-service,T008,Checkout completed orderId=ORD-<NUM>,2026-06-01T20:00:00+00:00,2
cart-service,T009,ProductCatalogCache loaded <NUM> entries,2026-06-01T20:00:00+00:00,5
cart-service,T011,Connection pool nearing limit pool=db connections=<NUM>/<NUM>,2026-06-01T20:00:00+00:00,5
cart-service,T013,OutOfMemoryError imminent: available heap < <NUM>%,2026-06-01T20:00:00+00:00,21
cart-service,T014,Container OOMKilled: memory limit exceeded,2026-06-01T20:00:00+00:00,26
cart-service,T015,Cache warm-up slower than expected startup_ms=<NUM>,2026-06-01T20:00:00+00:00,1
cart-service,T016,Upstream connection refused host=product-service,2026-06-01T20:00:00+00:00,19
cart-service,T018,Application starting up version=<NUM>.<NUM>.<NUM>,2026-06-01T20:00:00+00:00,6
cart-service,T029,Health check response time elevated endpoint=/health latency=176ms,2026-06-01T20:00:00+00:00,1
cart-service,T090,Health check response time elevated endpoint=/health latency=175ms,2026-06-01T20:00:00+00:00,1
cart-service,T1018,Slow response detected endpoint=/api/cart latency=2809ms,2026-06-01T20:00:00+00:00,1
cart-service,T1068,Slow response detected endpoint=/api/cart latency=1224ms,2026-06-01T20:00:00+00:00,1
cart-service,T1299,Slow response detected endpoint=/api/cart latency=1002ms,2026-06-01T20:00:00+00:00,1
cart-service,T141,Slow response detected endpoint=/api/cart latency=2869ms,2026-06-01T20:00:00+00:00,1
cart-service,T199,Slow response detected endpoint=/api/cart latency=740ms,2026-06-01T20:00:00+00:00,1
cart-service,T463,Slow response detected endpoint=/api/cart latency=1804ms,2026-06-01T20:00:00+00:00,1
cart-service,T663,Slow response detected endpoint=/api/cart latency=2061ms,2026-06-01T20:00:00+00:00,1
cart-service,T715,Slow response detected endpoint=/api/cart latency=1506ms,2026-06-01T20:00:00+00:00,1
cart-service,T922,Slow response detected endpoint=/api/cart latency=2613ms,2026-06-01T20:00:00+00:00,1
order-service,T005,Cart service call succeeded,2026-06-01T20:00:00+00:00,13
order-service,T006,Order created orderId=ORD-<NUM> userId=<NUM>,2026-06-01T20:00:00+00:00,5
order-service,T010,Health check passed,2026-06-01T20:00:00+00:00,4
order-service,T012,Cart service timeout after <NUM>ms,2026-06-01T20:00:00+00:00,2
cart-service,T001,Health check passed,2026-06-01T20:05:00+00:00,5
cart-service,T002,Item added to cart for userId=<NUM>,2026-06-01T20:05:00+00:00,9
cart-service,T003,DB query executed table=cart rows=<NUM>,2026-06-01T20:05:00+00:00,5
cart-service,T004,ProductCatalogCache eviction failed: heap pressure too high,2026-06-01T20:05:00+00:00,23
cart-service,T007,GC overhead limit warning: pause=<NUM>ms heap=<NUM>%,2026-06-01T20:05:00+00:00,16
cart-service,T008,Checkout completed orderId=ORD-<NUM>,2026-06-01T20:05:00+00:00,2
cart-service,T009,ProductCatalogCache loaded <NUM> entries,2026-06-01T20:05:00+00:00,3
cart-service,T011,Connection pool nearing limit pool=db connections=<NUM>/<NUM>,2026-06-01T20:05:00+00:00,4
cart-service,T013,OutOfMemoryError imminent: available heap < <NUM>%,2026-06-01T20:05:00+00:00,26
cart-service,T014,Container OOMKilled: memory limit exceeded,2026-06-01T20:05:00+00:00,15
cart-service,T015,Cache warm-up slower than expected startup_ms=<NUM>,2026-06-01T20:05:00+00:00,4
cart-service,T016,Upstream connection refused host=product-service,2026-06-01T20:05:00+00:00,10
cart-service,T054,Health check response time elevated endpoint=/health latency=240ms,2026-06-01T20:05:00+00:00,1
cart-service,T060,Health check response time elevated endpoint=/health latency=134ms,2026-06-01T20:05:00+00:00,1
cart-service,T1037,Slow response detected endpoint=/api/cart latency=2852ms,2026-06-01T20:05:00+00:00,1
cart-service,T106,Health check response time elevated endpoint=/health latency=158ms,2026-06-01T20:05:00+00:00,1
cart-service,T1100,Slow response detected endpoint=/api/cart latency=527ms,2026-06-01T20:05:00+00:00,1
cart-service,T171,Slow response detected endpoint=/api/cart latency=1967ms,2026-06-01T20:05:00+00:00,1
cart-service,T290,Slow response detected endpoint=/api/cart latency=2827ms,2026-06-01T20:05:00+00:00,1
cart-service,T367,Slow response detected endpoint=/api/cart latency=2405ms,2026-06-01T20:05:00+00:00,1
cart-service,T399,Slow response detected endpoint=/api/cart latency=2201ms,2026-06-01T20:05:00+00:00,1
cart-service,T478,Slow response detected endpoint=/api/cart latency=905ms,2026-06-01T20:05:00+00:00,1
cart-service,T700,Slow response detected endpoint=/api/cart latency=2205ms,2026-06-01T20:05:00+00:00,1
cart-service,T784,Slow response detected endpoint=/api/cart latency=1481ms,2026-06-01T20:05:00+00:00,1
cart-service,T903,Slow response detected endpoint=/api/cart latency=2584ms,2026-06-01T20:05:00+00:00,1
order-service,T005,Cart service call succeeded,2026-06-01T20:05:00+00:00,13
order-service,T006,Order created orderId=ORD-<NUM> userId=<NUM>,2026-06-01T20:05:00+00:00,6
order-service,T010,Health check passed,2026-06-01T20:05:00+00:00,6
order-service,T012,Cart service timeout after <NUM>ms,2026-06-01T20:05:00+00:00,2
cart-service,T001,Health check passed,2026-06-01T20:10:00+00:00,3
cart-service,T002,Item added to cart for userId=<NUM>,2026-06-01T20:10:00+00:00,9
cart-service,T003,DB query executed table=cart rows=<NUM>,2026-06-01T20:10:00+00:00,7
cart-service,T004,ProductCatalogCache eviction failed: heap pressure too high,2026-06-01T20:10:00+00:00,25
cart-service,T007,GC overhead limit warning: pause=<NUM>ms heap=<NUM>%,2026-06-01T20:10:00+00:00,22
cart-service,T008,Checkout completed orderId=ORD-<NUM>,2026-06-01T20:10:00+00:00,2
cart-service,T009,ProductCatalogCache loaded <NUM> entries,2026-06-01T20:10:00+00:00,2
cart-service,T011,Connection pool nearing limit pool=db connections=<NUM>/<NUM>,2026-06-01T20:10:00+00:00,13
cart-service,T013,OutOfMemoryError imminent: available heap < <NUM>%,2026-06-01T20:10:00+00:00,20
cart-service,T014,Container OOMKilled: memory limit exceeded,2026-06-01T20:10:00+00:00,19
cart-service,T015,Cache warm-up slower than expected startup_ms=<NUM>,2026-06-01T20:10:00+00:00,3
cart-service,T016,Upstream connection refused host=product-service,2026-06-01T20:10:00+00:00,8
cart-service,T019,Health check response time elevated endpoint=/health latency=231ms,2026-06-01T20:10:00+00:00,1
cart-service,T027,Health check response time elevated endpoint=/health latency=244ms,2026-06-01T20:10:00+00:00,1
cart-service,T032,Health check response time elevated endpoint=/health latency=174ms,2026-06-01T20:10:00+00:00,1
cart-service,T048,Health check response time elevated endpoint=/health latency=151ms,2026-06-01T20:10:00+00:00,1
cart-service,T050,Health check response time elevated endpoint=/health latency=180ms,2026-06-01T20:10:00+00:00,1
cart-service,T1080,Slow response detected endpoint=/api/cart latency=2935ms,2026-06-01T20:10:00+00:00,1
cart-service,T1146,Slow response detected endpoint=/api/cart latency=1188ms,2026-06-01T20:10:00+00:00,1
cart-service,T1172,Slow response detected endpoint=/api/cart latency=614ms,2026-06-01T20:10:00+00:00,1
cart-service,T152,Slow response detected endpoint=/api/cart latency=556ms,2026-06-01T20:10:00+00:00,1
cart-service,T240,Slow response detected endpoint=/api/cart latency=509ms,2026-06-01T20:10:00+00:00,1
cart-service,T247,Slow response detected endpoint=/api/cart latency=552ms,2026-06-01T20:10:00+00:00,1
cart-service,T248,Slow response detected endpoint=/api/cart latency=546ms,2026-06-01T20:10:00+00:00,1
cart-service,T335,Slow response detected endpoint=/api/cart latency=2546ms,2026-06-01T20:10:00+00:00,1
cart-service,T387,Slow response detected endpoint=/api/cart latency=2146ms,2026-06-01T20:10:00+00:00,1
cart-service,T420,Slow response detected endpoint=/api/cart latency=1730ms,2026-06-01T20:10:00+00:00,1
cart-service,T625,Slow response detected endpoint=/api/cart latency=1578ms,2026-06-01T20:10:00+00:00,1
cart-service,T773,Slow response detected endpoint=/api/cart latency=2278ms,2026-06-01T20:10:00+00:00,1
cart-service,T803,Slow response detected endpoint=/api/cart latency=2366ms,2026-06-01T20:10:00+00:00,1
order-service,T005,Cart service call succeeded,2026-06-01T20:10:00+00:00,9
order-service,T006,Order created orderId=ORD-<NUM> userId=<NUM>,2026-06-01T20:10:00+00:00,7
order-service,T010,Health check passed,2026-06-01T20:10:00+00:00,8
order-service,T012,Cart service timeout after <NUM>ms,2026-06-01T20:10:00+00:00,3
cart-service,T001,Health check passed,2026-06-01T20:15:00+00:00,2
cart-service,T002,Item added to cart for userId=<NUM>,2026-06-01T20:15:00+00:00,5
cart-service,T003,DB query executed table=cart rows=<NUM>,2026-06-01T20:15:00+00:00,11
cart-service,T004,ProductCatalogCache eviction failed: heap pressure too high,2026-06-01T20:15:00+00:00,21
cart-service,T007,GC overhead limit warning: pause=<NUM>ms heap=<NUM>%,2026-06-01T20:15:00+00:00,15
cart-service,T008,Checkout completed orderId=ORD-<NUM>,2026-06-01T20:15:00+00:00,2
cart-service,T009,ProductCatalogCache loaded <NUM> entries,2026-06-01T20:15:00+00:00,2
cart-service,T011,Connection pool nearing limit pool=db connections=<NUM>/<NUM>,2026-06-01T20:15:00+00:00,7
cart-service,T013,OutOfMemoryError imminent: available heap < <NUM>%,2026-06-01T20:15:00+00:00,23
cart-service,T014,Container OOMKilled: memory limit exceeded,2026-06-01T20:15:00+00:00,16
cart-service,T015,Cache warm-up slower than expected startup_ms=<NUM>,2026-06-01T20:15:00+00:00,1
cart-service,T016,Upstream connection refused host=product-service,2026-06-01T20:15:00+00:00,8
cart-service,T051,Health check response time elevated endpoint=/health latency=187ms,2026-06-01T20:15:00+00:00,1
cart-service,T067,Health check response time elevated endpoint=/health latency=143ms,2026-06-01T20:15:00+00:00,1
cart-service,T103,Slow response detected endpoint=/api/cart latency=1100ms,2026-06-01T20:15:00+00:00,1
cart-service,T1094,Slow response detected endpoint=/api/cart latency=2974ms,2026-06-01T20:15:00+00:00,1
cart-service,T113,Slow response detected endpoint=/api/cart latency=1763ms,2026-06-01T20:15:00+00:00,1
cart-service,T116,Health check response time elevated endpoint=/health latency=224ms,2026-06-01T20:15:00+00:00,1
cart-service,T1261,Slow response detected endpoint=/api/cart latency=889ms,2026-06-01T20:15:00+00:00,1
cart-service,T132,Slow response detected endpoint=/api/cart latency=956ms,2026-06-01T20:15:00+00:00,1
cart-service,T140,Slow response detected endpoint=/api/cart latency=1072ms,2026-06-01T20:15:00+00:00,1
cart-service,T185,Slow response detected endpoint=/api/cart latency=1066ms,2026-06-01T20:15:00+00:00,1
cart-service,T198,Slow response detected endpoint=/api/cart latency=1094ms,2026-06-01T20:15:00+00:00,1
cart-service,T229,Slow response detected endpoint=/api/cart latency=594ms,2026-06-01T20:15:00+00:00,1
cart-service,T230,Slow response detected endpoint=/api/cart latency=587ms,2026-06-01T20:15:00+00:00,1
cart-service,T309,Slow response detected endpoint=/api/cart latency=1380ms,2026-06-01T20:15:00+00:00,1
cart-service,T310,Slow response detected endpoint=/api/cart latency=1374ms,2026-06-01T20:15:00+00:00,1
cart-service,T344,Slow response detected endpoint=/api/cart latency=1685ms,2026-06-01T20:15:00+00:00,1
cart-service,T430,Slow response detected endpoint=/api/cart latency=1930ms,2026-06-01T20:15:00+00:00,1
cart-service,T456,Health check response time elevated endpoint=/health latency=246ms,2026-06-01T20:15:00+00:00,1
cart-service,T530,Slow response detected endpoint=/api/cart latency=1788ms,2026-06-01T20:15:00+00:00,1
cart-service,T541,Slow response detected endpoint=/api/cart latency=1866ms,2026-06-01T20:15:00+00:00,1
cart-service,T574,Slow response detected endpoint=/api/cart latency=1887ms,2026-06-01T20:15:00+00:00,1
cart-service,T662,Slow response detected endpoint=/api/cart latency=2060ms,2026-06-01T20:15:00+00:00,1
cart-service,T665,Slow response detected endpoint=/api/cart latency=2072ms,2026-06-01T20:15:00+00:00,1
order-service,T005,Cart service call succeeded,2026-06-01T20:15:00+00:00,6
order-service,T006,Order created orderId=ORD-<NUM> userId=<NUM>,2026-06-01T20:15:00+00:00,11
order-service,T010,Health check passed,2026-06-01T20:15:00+00:00,4
order-service,T012,Cart service timeout after <NUM>ms,2026-06-01T20:15:00+00:00,2
cart-service,T001,Health check passed,2026-06-01T20:20:00+00:00,4
cart-service,T002,Item added to cart for userId=<NUM>,2026-06-01T20:20:00+00:00,11
cart-service,T003,DB query executed table=cart rows=<NUM>,2026-06-01T20:20:00+00:00,5
cart-service,T004,ProductCatalogCache eviction failed: heap pressure too high,2026-06-01T20:20:00+00:00,24
cart-service,T007,GC overhead limit warning: pause=<NUM>ms heap=<NUM>%,2026-06-01T20:20:00+00:00,16
cart-service,T008,Checkout completed orderId=ORD-<NUM>,2026-06-01T20:20:00+00:00,1
cart-service,T009,ProductCatalogCache loaded <NUM> entries,2026-06-01T20:20:00+00:00,2
cart-service,T011,Connection pool nearing limit pool=db connections=<NUM>/<NUM>,2026-06-01T20:20:00+00:00,9
cart-service,T013,OutOfMemoryError imminent: available heap < <NUM>%,2026-06-01T20:20:00+00:00,18
cart-service,T014,Container OOMKilled: memory limit exceeded,2026-06-01T20:20:00+00:00,19
cart-service,T015,Cache warm-up slower than expected startup_ms=<NUM>,2026-06-01T20:20:00+00:00,3
cart-service,T016,Upstream connection refused host=product-service,2026-06-01T20:20:00+00:00,14
cart-service,T057,Health check response time elevated endpoint=/health latency=237ms,2026-06-01T20:20:00+00:00,2
cart-service,T084,Health check response time elevated endpoint=/health latency=169ms,2026-06-01T20:20:00+00:00,1
cart-service,T1147,Slow response detected endpoint=/api/cart latency=634ms,2026-06-01T20:20:00+00:00,1
cart-service,T126,Health check response time elevated endpoint=/health latency=229ms,2026-06-01T20:20:00+00:00,1
cart-service,T1274,Slow response detected endpoint=/api/cart latency=1061ms,2026-06-01T20:20:00+00:00,1
cart-service,T1278,Slow response detected endpoint=/api/cart latency=1045ms,2026-06-01T20:20:00+00:00,1
cart-service,T1283,Slow response detected endpoint=/api/cart latency=859ms,2026-06-01T20:20:00+00:00,1
cart-service,T1307,Slow response detected endpoint=/api/cart latency=1705ms,2026-06-01T20:20:00+00:00,1
cart-service,T141,Slow response detected endpoint=/api/cart latency=2869ms,2026-06-01T20:20:00+00:00,1
cart-service,T148,Health check response time elevated endpoint=/health latency=194ms,2026-06-01T20:20:00+00:00,1
cart-service,T184,Slow response detected endpoint=/api/cart latency=1068ms,2026-06-01T20:20:00+00:00,1
cart-service,T202,Slow response detected endpoint=/api/cart latency=707ms,2026-06-01T20:20:00+00:00,1
cart-service,T238,Slow response detected endpoint=/api/cart latency=524ms,2026-06-01T20:20:00+00:00,1
cart-service,T281,Slow response detected endpoint=/api/cart latency=2750ms,2026-06-01T20:20:00+00:00,1
cart-service,T295,Slow response detected endpoint=/api/cart latency=1365ms,2026-06-01T20:20:00+00:00,1
cart-service,T547,Slow response detected endpoint=/api/cart latency=1812ms,2026-06-01T20:20:00+00:00,1
cart-service,T646,Slow response detected endpoint=/api/cart latency=2039ms,2026-06-01T20:20:00+00:00,1
order-service,T005,Cart service call succeeded,2026-06-01T20:20:00+00:00,7
order-service,T006,Order created orderId=ORD-<NUM> userId=<NUM>,2026-06-01T20:20:00+00:00,10
order-service,T010,Health check passed,2026-06-01T20:20:00+00:00,5
order-service,T012,Cart service timeout after <NUM>ms,2026-06-01T20:20:00+00:00,1
cart-service,T001,Health check passed,2026-06-01T20:25:00+00:00,9
cart-service,T002,Item added to cart for userId=<NUM>,2026-06-01T20:25:00+00:00,6
cart-service,T003,DB query executed table=cart rows=<NUM>,2026-06-01T20:25:00+00:00,6
cart-service,T004,ProductCatalogCache eviction failed: heap pressure too high,2026-06-01T20:25:00+00:00,29
cart-service,T007,GC overhead limit warning: pause=<NUM>ms heap=<NUM>%,2026-06-01T20:25:00+00:00,11
cart-service,T008,Checkout completed orderId=ORD-<NUM>,2026-06-01T20:25:00+00:00,3
cart-service,T009,ProductCatalogCache loaded <NUM> entries,2026-06-01T20:25:00+00:00,2
cart-service,T011,Connection pool nearing limit pool=db connections=<NUM>/<NUM>,2026-06-01T20:25:00+00:00,10
cart-service,T013,OutOfMemoryError imminent: available heap < <NUM>%,2026-06-01T20:25:00+00:00,29
cart-service,T014,Container OOMKilled: memory limit exceeded,2026-06-01T20:25:00+00:00,18
cart-service,T015,Cache warm-up slower than expected startup_ms=<NUM>,2026-06-01T20:25:00+00:00,4
cart-service,T016,Upstream connection refused host=product-service,2026-06-01T20:25:00+00:00,13
cart-service,T071,Health check response time elevated endpoint=/health latency=220ms,2026-06-01T20:25:00+00:00,1
cart-service,T088,Health check response time elevated endpoint=/health latency=163ms,2026-06-01T20:25:00+00:00,1
cart-service,T1093,Slow response detected endpoint=/api/cart latency=2973ms,2026-06-01T20:25:00+00:00,1
cart-service,T1137,Slow response detected endpoint=/api/cart latency=545ms,2026-06-01T20:25:00+00:00,1
cart-service,T1176,Slow response detected endpoint=/api/cart latency=628ms,2026-06-01T20:25:00+00:00,1
cart-service,T137,Slow response detected endpoint=/api/cart latency=507ms,2026-06-01T20:25:00+00:00,1
cart-service,T162,Slow response detected endpoint=/api/cart latency=2465ms,2026-06-01T20:25:00+00:00,1
cart-service,T228,Slow response detected endpoint=/api/cart latency=600ms,2026-06-01T20:25:00+00:00,1
cart-service,T278,Slow response detected endpoint=/api/cart latency=1295ms,2026-06-01T20:25:00+00:00,1
cart-service,T370,Slow response detected endpoint=/api/cart latency=2393ms,2026-06-01T20:25:00+00:00,1
cart-service,T413,Slow response detected endpoint=/api/cart latency=2069ms,2026-06-01T20:25:00+00:00,1
cart-service,T427,Slow response detected endpoint=/api/cart latency=1872ms,2026-06-01T20:25:00+00:00,1
cart-service,T439,Health check response time elevated endpoint=/health latency=186ms,2026-06-01T20:25:00+00:00,1
cart-service,T490,Slow response detected endpoint=/api/cart latency=1039ms,2026-06-01T20:25:00+00:00,1
cart-service,T731,Slow response detected endpoint=/api/cart latency=2207ms,2026-06-01T20:25:00+00:00,1
cart-service,T734,Slow response detected endpoint=/api/cart latency=2221ms,2026-06-01T20:25:00+00:00,1
cart-service,T778,Slow response detected endpoint=/api/cart latency=2291ms,2026-06-01T20:25:00+00:00,1
cart-service,T859,Slow response detected endpoint=/api/cart latency=2553ms,2026-06-01T20:25:00+00:00,1
cart-service,T869,Slow response detected endpoint=/api/cart latency=2521ms,2026-06-01T20:25:00+00:00,1
cart-service,T965,Slow response detected endpoint=/api/cart latency=2698ms,2026-06-01T20:25:00+00:00,1
order-service,T005,Cart service call succeeded,2026-06-01T20:25:00+00:00,10
order-service,T006,Order created orderId=ORD-<NUM> userId=<NUM>,2026-06-01T20:25:00+00:00,8
order-service,T010,Health check passed,2026-06-01T20:25:00+00:00,4
order-service,T012,Cart service timeout after <NUM>ms,2026-06-01T20:25:00+00:00,1
cart-service,T001,Health check passed,2026-06-01T20:30:00+00:00,7
cart-service,T002,Item added to cart for userId=<NUM>,2026-06-01T20:30:00+00:00,5
cart-service,T003,DB query executed table=cart rows=<NUM>,2026-06-01T20:30:00+00:00,4
cart-service,T004,ProductCatalogCache eviction failed: heap pressure too high,2026-06-01T20:30:00+00:00,35
cart-service,T007,GC overhead limit warning: pause=<NUM>ms heap=<NUM>%,2026-06-01T20:30:00+00:00,20
cart-service,T008,Checkout completed orderId=ORD-<NUM>,2026-06-01T20:30:00+00:00,4
cart-service,T009,ProductCatalogCache loaded <NUM> entries,2026-06-01T20:30:00+00:00,3
cart-service,T011,Connection pool nearing limit pool=db connections=<NUM>/<NUM>,2026-06-01T20:30:00+00:00,9
cart-service,T013,OutOfMemoryError imminent: available heap < <NUM>%,2026-06-01T20:30:00+00:00,19
cart-service,T014,Container OOMKilled: memory limit exceeded,2026-06-01T20:30:00+00:00,11
cart-service,T015,Cache warm-up slower than expected startup_ms=<NUM>,2026-06-01T20:30:00+00:00,5
cart-service,T016,Upstream connection refused host=product-service,2026-06-01T20:30:00+00:00,6
cart-service,T037,Health check response time elevated endpoint=/health latency=206ms,2026-06-01T20:30:00+00:00,1
cart-service,T1036,Slow response detected endpoint=/api/cart latency=2925ms,2026-06-01T20:30:00+00:00,1
cart-service,T1067,Slow response detected endpoint=/api/cart latency=1223ms,2026-06-01T20:30:00+00:00,1
cart-service,T1108,Slow response detected endpoint=/api/cart latency=2985ms,2026-06-01T20:30:00+00:00,1
cart-service,T1143,Slow response detected endpoint=/api/cart latency=571ms,2026-06-01T20:30:00+00:00,1
cart-service,T1149,Slow response detected endpoint=/api/cart latency=577ms,2026-06-01T20:30:00+00:00,1
cart-service,T261,Slow response detected endpoint=/api/cart latency=2989ms,2026-06-01T20:30:00+00:00,1
cart-service,T396,Slow response detected endpoint=/api/cart latency=2172ms,2026-06-01T20:30:00+00:00,1
cart-service,T405,Slow response detected endpoint=/api/cart latency=1991ms,2026-06-01T20:30:00+00:00,1
cart-service,T429,Slow response detected endpoint=/api/cart latency=1934ms,2026-06-01T20:30:00+00:00,1
cart-service,T453,Slow response detected endpoint=/api/cart latency=1021ms,2026-06-01T20:30:00+00:00,1
cart-service,T939,Slow response detected endpoint=/api/cart latency=2717ms,2026-06-01T20:30:00+00:00,1
order-service,T005,Cart service call succeeded,2026-06-01T20:30:00+00:00,2
order-service,T006,Order created orderId=ORD-<NUM> userId=<NUM>,2026-06-01T20:30:00+00:00,5
order-service,T010,Health check passed,2026-06-01T20:30:00+00:00,7
order-service,T012,Cart service timeout after <NUM>ms,2026-06-01T20:30:00+00:00,15
order-service,T017,Cart service returned 5xx status=<NUM>,2026-06-01T20:30:00+00:00,14
cart-service,T001,Health check passed,2026-06-01T20:35:00+00:00,5
cart-service,T002,Item added to cart for userId=<NUM>,2026-06-01T20:35:00+00:00,8
cart-service,T003,DB query executed table=cart rows=<NUM>,2026-06-01T20:35:00+00:00,5
cart-service,T004,ProductCatalogCache eviction failed: heap pressure too high,2026-06-01T20:35:00+00:00,22
cart-service,T007,GC overhead limit warning: pause=<NUM>ms heap=<NUM>%,2026-06-01T20:35:00+00:00,17
cart-service,T008,Checkout completed orderId=ORD-<NUM>,2026-06-01T20:35:00+00:00,5
cart-service,T009,ProductCatalogCache loaded <NUM> entries,2026-06-01T20:35:00+00:00,3
cart-service,T011,Connection pool nearing limit pool=db connections=<NUM>/<NUM>,2026-06-01T20:35:00+00:00,5
cart-service,T013,OutOfMemoryError imminent: available heap < <NUM>%,2026-06-01T20:35:00+00:00,18
cart-service,T014,Container OOMKilled: memory limit exceeded,2026-06-01T20:35:00+00:00,17
cart-service,T015,Cache warm-up slower than expected startup_ms=<NUM>,2026-06-01T20:35:00+00:00,3
cart-service,T016,Upstream connection refused host=product-service,2026-06-01T20:35:00+00:00,11
cart-service,T040,Health check response time elevated endpoint=/health latency=203ms,2026-06-01T20:35:00+00:00,1
cart-service,T1107,Slow response detected endpoint=/api/cart latency=2983ms,2026-06-01T20:35:00+00:00,1
cart-service,T1230,Slow response detected endpoint=/api/cart latency=808ms,2026-06-01T20:35:00+00:00,1
cart-service,T174,Health check response time elevated endpoint=/health latency=130ms,2026-06-01T20:35:00+00:00,1
cart-service,T176,Health check response time elevated endpoint=/health latency=223ms,2026-06-01T20:35:00+00:00,1
cart-service,T192,Slow response detected endpoint=/api/cart latency=881ms,2026-06-01T20:35:00+00:00,1
cart-service,T219,Slow response detected endpoint=/api/cart latency=684ms,2026-06-01T20:35:00+00:00,1
cart-service,T257,Slow response detected endpoint=/api/cart latency=1242ms,2026-06-01T20:35:00+00:00,1
cart-service,T271,Slow response detected endpoint=/api/cart latency=2898ms,2026-06-01T20:35:00+00:00,1
cart-service,T412,Slow response detected endpoint=/api/cart latency=2020ms,2026-06-01T20:35:00+00:00,1
cart-service,T539,Slow response detected endpoint=/api/cart latency=1859ms,2026-06-01T20:35:00+00:00,1
cart-service,T601,Slow response detected endpoint=/api/cart latency=1929ms,2026-06-01T20:35:00+00:00,1
cart-service,T782,Slow response detected endpoint=/api/cart latency=1478ms,2026-06-01T20:35:00+00:00,1
cart-service,T862,Slow response detected endpoint=/api/cart latency=2496ms,2026-06-01T20:35:00+00:00,1
cart-service,T870,Slow response detected endpoint=/api/cart latency=1414ms,2026-06-01T20:35:00+00:00,1
order-service,T006,Order created orderId=ORD-<NUM> userId=<NUM>,2026-06-01T20:35:00+00:00,8
order-service,T010,Health check passed,2026-06-01T20:35:00+00:00,6
order-service,T012,Cart service timeout after <NUM>ms,2026-06-01T20:35:00+00:00,14
order-service,T017,Cart service returned 5xx status=<NUM>,2026-06-01T20:35:00+00:00,17
cart-service,T001,Health check passed,2026-06-01T20:40:00+00:00,3
cart-service,T002,Item added to cart for userId=<NUM>,2026-06-01T20:40:00+00:00,2
cart-service,T003,DB query executed table=cart rows=<NUM>,2026-06-01T20:40:00+00:00,9
cart-service,T004,ProductCatalogCache eviction failed: heap pressure too high,2026-06-01T20:40:00+00:00,25
cart-service,T007,GC overhead limit warning: pause=<NUM>ms heap=<NUM>%,2026-06-01T20:40:00+00:00,14
cart-service,T009,ProductCatalogCache loaded <NUM> entries,2026-06-01T20:40:00+00:00,3
cart-service,T011,Connection pool nearing limit pool=db connections=<NUM>/<NUM>,2026-06-01T20:40:00+00:00,8
cart-service,T013,OutOfMemoryError imminent: available heap < <NUM>%,2026-06-01T20:40:00+00:00,21
cart-service,T014,Container OOMKilled: memory limit exceeded,2026-06-01T20:40:00+00:00,17
cart-service,T015,Cache warm-up slower than expected startup_ms=<NUM>,2026-06-01T20:40:00+00:00,2
cart-service,T016,Upstream connection refused host=product-service,2026-06-01T20:40:00+00:00,9
cart-service,T036,Health check response time elevated endpoint=/health latency=221ms,2026-06-01T20:40:00+00:00,1
cart-service,T038,Health check response time elevated endpoint=/health latency=121ms,2026-06-01T20:40:00+00:00,1
cart-service,T041,Health check response time elevated endpoint=/health latency=214ms,2026-06-01T20:40:00+00:00,1
cart-service,T1007,Slow response detected endpoint=/api/cart latency=2776ms,2026-06-01T20:40:00+00:00,1
cart-service,T1121,Slow response detected endpoint=/api/cart latency=1209ms,2026-06-01T20:40:00+00:00,1
cart-service,T1190,Slow response detected endpoint=/api/cart latency=639ms,2026-06-01T20:40:00+00:00,1
cart-service,T1293,Slow response detected endpoint=/api/cart latency=988ms,2026-06-01T20:40:00+00:00,1
cart-service,T130,Slow response detected endpoint=/api/cart latency=2969ms,2026-06-01T20:40:00+00:00,1
cart-service,T276,Slow response detected endpoint=/api/cart latency=1323ms,2026-06-01T20:40:00+00:00,1
cart-service,T364,Slow response detected endpoint=/api/cart latency=2356ms,2026-06-01T20:40:00+00:00,1
cart-service,T418,Slow response detected endpoint=/api/cart latency=2112ms,2026-06-01T20:40:00+00:00,1
cart-service,T423,Slow response detected endpoint=/api/cart latency=1596ms,2026-06-01T20:40:00+00:00,1
cart-service,T598,Slow response detected endpoint=/api/cart latency=1922ms,2026-06-01T20:40:00+00:00,1
cart-service,T756,Slow response detected endpoint=/api/cart latency=2257ms,2026-06-01T20:40:00+00:00,1
cart-service,T810,Slow response detected endpoint=/api/cart latency=1472ms,2026-06-01T20:40:00+00:00,1
cart-service,T852,Slow response detected endpoint=/api/cart latency=2455ms,2026-06-01T20:40:00+00:00,1
cart-service,T910,Slow response detected endpoint=/api/cart latency=2651ms,2026-06-01T20:40:00+00:00,1
cart-service,T946,Slow response detected endpoint=/api/cart latency=2667ms,2026-06-01T20:40:00+00:00,1
cart-service,T957,Slow response detected endpoint=/api/cart latency=2743ms,2026-06-01T20:40:00+00:00,1
cart-service,T984,Slow response detected endpoint=/api/cart latency=2735ms,2026-06-01T20:40:00+00:00,1
order-service,T005,Cart service call succeeded,2026-06-01T20:40:00+00:00,1
order-service,T006,Order created orderId=ORD-<NUM> userId=<NUM>,2026-06-01T20:40:00+00:00,12
order-service,T010,Health check passed,2026-06-01T20:40:00+00:00,6
order-service,T012,Cart service timeout after <NUM>ms,2026-06-01T20:40:00+00:00,19
order-service,T017,Cart service returned 5xx status=<NUM>,2026-06-01T20:40:00+00:00,18
cart-service,T001,Health check passed,2026-06-01T20:45:00+00:00,6
cart-service,T002,Item added to cart for userId=<NUM>,2026-06-01T20:45:00+00:00,11
cart-service,T003,DB query executed table=cart rows=<NUM>,2026-06-01T20:45:00+00:00,5
cart-service,T004,ProductCatalogCache eviction failed: heap pressure too high,2026-06-01T20:45:00+00:00,22
cart-service,T007,GC overhead limit warning: pause=<NUM>ms heap=<NUM>%,2026-06-01T20:45:00+00:00,14
cart-service,T008,Checkout completed orderId=ORD-<NUM>,2026-06-01T20:45:00+00:00,2
cart-service,T009,ProductCatalogCache loaded <NUM> entries,2026-06-01T20:45:00+00:00,6
cart-service,T011,Connection pool nearing limit pool=db connections=<NUM>/<NUM>,2026-06-01T20:45:00+00:00,11
cart-service,T013,OutOfMemoryError imminent: available heap < <NUM>%,2026-06-01T20:45:00+00:00,21
cart-service,T014,Container OOMKilled: memory limit exceeded,2026-06-01T20:45:00+00:00,12
cart-service,T015,Cache warm-up slower than expected startup_ms=<NUM>,2026-06-01T20:45:00+00:00,2
cart-service,T016,Upstream connection refused host=product-service,2026-06-01T20:45:00+00:00,10
cart-service,T043,Health check response time elevated endpoint=/health latency=190ms,2026-06-01T20:45:00+00:00,1
cart-service,T048,Health check response time elevated endpoint=/health latency=151ms,2026-06-01T20:45:00+00:00,1
cart-service,T075,Health check response time elevated endpoint=/health latency=137ms,2026-06-01T20:45:00+00:00,1
cart-service,T1008,Slow response detected endpoint=/api/cart latency=2779ms,2026-06-01T20:45:00+00:00,1
cart-service,T1104,Slow response detected endpoint=/api/cart latency=535ms,2026-06-01T20:45:00+00:00,1
cart-service,T1191,Slow response detected endpoint=/api/cart latency=643ms,2026-06-01T20:45:00+00:00,1
cart-service,T122,Health check response time elevated endpoint=/health latency=217ms,2026-06-01T20:45:00+00:00,1
cart-service,T1221,Slow response detected endpoint=/api/cart latency=742ms,2026-06-01T20:45:00+00:00,1
cart-service,T202,Slow response detected endpoint=/api/cart latency=707ms,2026-06-01T20:45:00+00:00,1
cart-service,T217,Slow response detected endpoint=/api/cart latency=700ms,2026-06-01T20:45:00+00:00,1
cart-service,T229,Slow response detected endpoint=/api/cart latency=594ms,2026-06-01T20:45:00+00:00,1
cart-service,T264,Slow response detected endpoint=/api/cart latency=1257ms,2026-06-01T20:45:00+00:00,1
cart-service,T280,Slow response detected endpoint=/api/cart latency=2757ms,2026-06-01T20:45:00+00:00,1
cart-service,T348,Slow response detected endpoint=/api/cart latency=2433ms,2026-06-01T20:45:00+00:00,1
cart-service,T431,Slow response detected endpoint=/api/cart latency=1029ms,2026-06-01T20:45:00+00:00,1
cart-service,T433,Slow response detected endpoint=/api/cart latency=1955ms,2026-06-01T20:45:00+00:00,1
cart-service,T449,Slow response detected endpoint=/api/cart latency=999ms,2026-06-01T20:45:00+00:00,1
cart-service,T610,Slow response detected endpoint=/api/cart latency=2008ms,2026-06-01T20:45:00+00:00,1
cart-service,T711,Slow response detected endpoint=/api/cart latency=2167ms,2026-06-01T20:45:00+00:00,1
cart-service,T745,Slow response detected endpoint=/api/cart latency=1503ms,2026-06-01T20:45:00+00:00,1
cart-service,T872,Slow response detected endpoint=/api/cart latency=1416ms,2026-06-01T20:45:00+00:00,1
order-service,T005,Cart service call succeeded,2026-06-01T20:45:00+00:00,3
order-service,T006,Order created orderId=ORD-<NUM> userId=<NUM>,2026-06-01T20:45:00+00:00,7
order-service,T010,Health check passed,2026-06-01T20:45:00+00:00,6
order-service,T012,Cart service timeout after <NUM>ms,2026-06-01T20:45:00+00:00,19
order-service,T017,Cart service returned 5xx status=<NUM>,2026-06-01T20:45:00+00:00,11
cart-service,T001,Health check passed,2026-06-01T20:50:00+00:00,13
cart-service,T002,Item added to cart for userId=<NUM>,2026-06-01T20:50:00+00:00,5
cart-service,T003,DB query executed table=cart rows=<NUM>,2026-06-01T20:50:00+00:00,14
cart-service,T004,ProductCatalogCache eviction failed: heap pressure too high,2026-06-01T20:50:00+00:00,24
cart-service,T007,GC overhead limit warning: pause=<NUM>ms heap=<NUM>%,2026-06-01T20:50:00+00:00,13
cart-service,T008,Checkout completed orderId=ORD-<NUM>,2026-06-01T20:50:00+00:00,3
cart-service,T009,ProductCatalogCache loaded <NUM> entries,2026-06-01T20:50:00+00:00,4
cart-service,T011,Connection pool nearing limit pool=db connections=<NUM>/<NUM>,2026-06-01T20:50:00+00:00,8
cart-service,T013,OutOfMemoryError imminent: available heap < <NUM>%,2026-06-01T20:50:00+00:00,18
cart-service,T014,Container OOMKilled: memory limit exceeded,2026-06-01T20:50:00+00:00,12
cart-service,T015,Cache warm-up slower than expected startup_ms=<NUM>,2026-06-01T20:50:00+00:00,2
cart-service,T016,Upstream connection refused host=product-service,2026-06-01T20:50:00+00:00,7
cart-service,T019,Health check response time elevated endpoint=/health latency=231ms,2026-06-01T20:50:00+00:00,1
cart-service,T080,Health check response time elevated endpoint=/health latency=208ms,2026-06-01T20:50:00+00:00,1
cart-service,T086,Health check response time elevated endpoint=/health latency=140ms,2026-06-01T20:50:00+00:00,1
cart-service,T1181,Slow response detected endpoint=/api/cart latency=1133ms,2026-06-01T20:50:00+00:00,1
cart-service,T222,Slow response detected endpoint=/api/cart latency=1164ms,2026-06-01T20:50:00+00:00,1
cart-service,T226,Slow response detected endpoint=/api/cart latency=603ms,2026-06-01T20:50:00+00:00,1
cart-service,T280,Slow response detected endpoint=/api/cart latency=2757ms,2026-06-01T20:50:00+00:00,1
cart-service,T297,Slow response detected endpoint=/api/cart latency=1346ms,2026-06-01T20:50:00+00:00,1
cart-service,T404,Slow response detected endpoint=/api/cart latency=1992ms,2026-06-01T20:50:00+00:00,1
cart-service,T410,Slow response detected endpoint=/api/cart latency=1574ms,2026-06-01T20:50:00+00:00,1
cart-service,T441,Slow response detected endpoint=/api/cart latency=951ms,2026-06-01T20:50:00+00:00,1
cart-service,T525,Slow response detected endpoint=/api/cart latency=1777ms,2026-06-01T20:50:00+00:00,1
cart-service,T602,Slow response detected endpoint=/api/cart latency=1931ms,2026-06-01T20:50:00+00:00,1
cart-service,T621,Slow response detected endpoint=/api/cart latency=1570ms,2026-06-01T20:50:00+00:00,1
cart-service,T630,Slow response detected endpoint=/api/cart latency=1591ms,2026-06-01T20:50:00+00:00,1
cart-service,T649,Slow response detected endpoint=/api/cart latency=2042ms,2026-06-01T20:50:00+00:00,1
cart-service,T655,Slow response detected endpoint=/api/cart latency=2109ms,2026-06-01T20:50:00+00:00,1
cart-service,T794,Slow response detected endpoint=/api/cart latency=2319ms,2026-06-01T20:50:00+00:00,1
order-service,T005,Cart service call succeeded,2026-06-01T20:50:00+00:00,3
order-service,T006,Order created orderId=ORD-<NUM> userId=<NUM>,2026-06-01T20:50:00+00:00,7
order-service,T010,Health check passed,2026-06-01T20:50:00+00:00,7
order-service,T012,Cart service timeout after <NUM>ms,2026-06-01T20:50:00+00:00,21
order-service,T017,Cart service returned 5xx status=<NUM>,2026-06-01T20:50:00+00:00,13
cart-service,T001,Health check passed,2026-06-01T20:55:00+00:00,9
cart-service,T002,Item added to cart for userId=<NUM>,2026-06-01T20:55:00+00:00,7
cart-service,T003,DB query executed table=cart rows=<NUM>,2026-06-01T20:55:00+00:00,7
cart-service,T004,ProductCatalogCache eviction failed: heap pressure too high,2026-06-01T20:55:00+00:00,26
cart-service,T007,GC overhead limit warning: pause=<NUM>ms heap=<NUM>%,2026-06-01T20:55:00+00:00,17
cart-service,T008,Checkout completed orderId=ORD-<NUM>,2026-06-01T20:55:00+00:00,4
cart-service,T009,ProductCatalogCache loaded <NUM> entries,2026-06-01T20:55:00+00:00,3
cart-service,T011,Connection pool nearing limit pool=db connections=<NUM>/<NUM>,2026-06-01T20:55:00+00:00,5
cart-service,T013,OutOfMemoryError imminent: available heap < <NUM>%,2026-06-01T20:55:00+00:00,27
cart-service,T014,Container OOMKilled: memory limit exceeded,2026-06-01T20:55:00+00:00,16
cart-service,T015,Cache warm-up slower than expected startup_ms=<NUM>,2026-06-01T20:55:00+00:00,3
cart-service,T016,Upstream connection refused host=product-service,2026-06-01T20:55:00+00:00,13
cart-service,T053,Health check response time elevated endpoint=/health latency=185ms,2026-06-01T20:55:00+00:00,1
cart-service,T145,Slow response detected endpoint=/api/cart latency=1648ms,2026-06-01T20:55:00+00:00,1
cart-service,T186,Slow response detected endpoint=/api/cart latency=855ms,2026-06-01T20:55:00+00:00,1
cart-service,T355,Slow response detected endpoint=/api/cart latency=2285ms,2026-06-01T20:55:00+00:00,1
cart-service,T463,Slow response detected endpoint=/api/cart latency=1804ms,2026-06-01T20:55:00+00:00,1
cart-service,T517,Slow response detected endpoint=/api/cart latency=1752ms,2026-06-01T20:55:00+00:00,1
cart-service,T707,Slow response detected endpoint=/api/cart latency=2159ms,2026-06-01T20:55:00+00:00,1
cart-service,T925,Slow response detected endpoint=/api/cart latency=1338ms,2026-06-01T20:55:00+00:00,1
cart-service,T971,Slow response detected endpoint=/api/cart latency=1316ms,2026-06-01T20:55:00+00:00,1
cart-service,T974,Slow response detected endpoint=/api/cart latency=1319ms,2026-06-01T20:55:00+00:00,1
order-service,T005,Cart service call succeeded,2026-06-01T20:55:00+00:00,3
order-service,T006,Order created orderId=ORD-<NUM> userId=<NUM>,2026-06-01T20:55:00+00:00,4
order-service,T010,Health check passed,2026-06-01T20:55:00+00:00,13
order-service,T012,Cart service timeout after <NUM>ms,2026-06-01T20:55:00+00:00,22
order-service,T017,Cart service returned 5xx status=<NUM>,2026-06-01T20:55:00+00:00,10
cart-service,T001,Health check passed,2026-06-01T21:00:00+00:00,5
cart-service,T002,Item added to cart for userId=<NUM>,2026-06-01T21:00:00+00:00,4
cart-service,T003,DB query executed table=cart rows=<NUM>,2026-06-01T21:00:00+00:00,5
cart-service,T004,ProductCatalogCache eviction failed: heap pressure too high,2026-06-01T21:00:00+00:00,16
cart-service,T007,GC overhead limit warning: pause=<NUM>ms heap=<NUM>%,2026-06-01T21:00:00+00:00,9
cart-service,T008,Checkout completed orderId=ORD-<NUM>,2026-06-01T21:00:00+00:00,4
cart-service,T009,ProductCatalogCache loaded <NUM> entries,2026-06-01T21:00:00+00:00,3
cart-service,T011,Connection pool nearing limit pool=db connections=<NUM>/<NUM>,2026-06-01T21:00:00+00:00,3
cart-service,T013,OutOfMemoryError imminent: available heap < <NUM>%,2026-06-01T21:00:00+00:00,30
cart-service,T014,Container OOMKilled: memory limit exceeded,2026-06-01T21:00:00+00:00,26
cart-service,T015,Cache warm-up slower than expected startup_ms=<NUM>,2026-06-01T21:00:00+00:00,2
cart-service,T016,Upstream connection refused host=product-service,2026-06-01T21:00:00+00:00,17
cart-service,T018,Application starting up version=<NUM>.<NUM>.<NUM>,2026-06-01T21:00:00+00:00,13
cart-service,T031,Health check response time elevated endpoint=/health latency=150ms,2026-06-01T21:00:00+00:00,1
cart-service,T047,Health check response time elevated endpoint=/health latency=156ms,2026-06-01T21:00:00+00:00,1
cart-service,T079,Health check response time elevated endpoint=/health latency=218ms,2026-06-01T21:00:00+00:00,1
cart-service,T104,Slow response detected endpoint=/api/cart latency=731ms,2026-06-01T21:00:00+00:00,1
cart-service,T283,Slow response detected endpoint=/api/cart latency=2745ms,2026-06-01T21:00:00+00:00,1
cart-service,T510,Slow response detected endpoint=/api/cart latency=1650ms,2026-06-01T21:00:00+00:00,1
cart-service,T566,Slow response detected endpoint=/api/cart latency=1846ms,2026-06-01T21:00:00+00:00,1
order-service,T005,Cart service call succeeded,2026-06-01T21:00:00+00:00,2
order-service,T006,Order created orderId=ORD-<NUM> userId=<NUM>,2026-06-01T21:00:00+00:00,5
order-service,T010,Health check passed,2026-06-01T21:00:00+00:00,8
order-service,T012,Cart service timeout after <NUM>ms,2026-06-01T21:00:00+00:00,27
order-service,T017,Cart service returned 5xx status=<NUM>,2026-06-01T21:00:00+00:00,10
cart-service,T001,Health check passed,2026-06-01T21:05:00+00:00,6
cart-service,T002,Item added to cart for userId=<NUM>,2026-06-01T21:05:00+00:00,4
cart-service,T003,DB query executed table=cart rows=<NUM>,2026-06-01T21:05:00+00:00,4
cart-service,T004,ProductCatalogCache eviction failed: heap pressure too high,2026-06-01T21:05:00+00:00,20
cart-service,T007,GC overhead limit warning: pause=<NUM>ms heap=<NUM>%,2026-06-01T21:05:00+00:00,17
cart-service,T008,Checkout completed orderId=ORD-<NUM>,2026-06-01T21:05:00+00:00,4
cart-service,T009,ProductCatalogCache loaded <NUM> entries,2026-06-01T21:05:00+00:00,4
cart-service,T011,Connection pool nearing limit pool=db connections=<NUM>/<NUM>,2026-06-01T21:05:00+00:00,1
cart-service,T013,OutOfMemoryError imminent: available heap < <NUM>%,2026-06-01T21:05:00+00:00,20
cart-service,T014,Container OOMKilled: memory limit exceeded,2026-06-01T21:05:00+00:00,19
cart-service,T015,Cache warm-up slower than expected startup_ms=<NUM>,2026-06-01T21:05:00+00:00,4
cart-service,T016,Upstream connection refused host=product-service,2026-06-01T21:05:00+00:00,9
cart-service,T018,Application starting up version=<NUM>.<NUM>.<NUM>,2026-06-01T21:05:00+00:00,8
cart-service,T045,Health check response time elevated endpoint=/health latency=148ms,2026-06-01T21:05:00+00:00,1
cart-service,T054,Health check response time elevated endpoint=/health latency=240ms,2026-06-01T21:05:00+00:00,1
cart-service,T058,Health check response time elevated endpoint=/health latency=131ms,2026-06-01T21:05:00+00:00,1
cart-service,T067,Health check response time elevated endpoint=/health latency=143ms,2026-06-01T21:05:00+00:00,1
cart-service,T101,Slow response detected endpoint=/api/cart latency=858ms,2026-06-01T21:05:00+00:00,1
cart-service,T1078,Slow response detected endpoint=/api/cart latency=2927ms,2026-06-01T21:05:00+00:00,1
cart-service,T1088,Slow response detected endpoint=/api/cart latency=2959ms,2026-06-01T21:05:00+00:00,1
cart-service,T1259,Slow response detected endpoint=/api/cart latency=887ms,2026-06-01T21:05:00+00:00,1
cart-service,T142,Slow response detected endpoint=/api/cart latency=2975ms,2026-06-01T21:05:00+00:00,1
cart-service,T164,Slow response detected endpoint=/api/cart latency=2310ms,2026-06-01T21:05:00+00:00,1
cart-service,T207,Slow response detected endpoint=/api/cart latency=797ms,2026-06-01T21:05:00+00:00,1
cart-service,T287,Slow response detected endpoint=/api/cart latency=2843ms,2026-06-01T21:05:00+00:00,1
cart-service,T435,Slow response detected endpoint=/api/cart latency=993ms,2026-06-01T21:05:00+00:00,1
cart-service,T460,Health check response time elevated endpoint=/health latency=205ms,2026-06-01T21:05:00+00:00,1
cart-service,T488,Slow response detected endpoint=/api/cart latency=1037ms,2026-06-01T21:05:00+00:00,1
cart-service,T494,Slow response detected endpoint=/api/cart latency=1675ms,2026-06-01T21:05:00+00:00,1
cart-service,T497,Slow response detected endpoint=/api/cart latency=1680ms,2026-06-01T21:05:00+00:00,1
cart-service,T506,Slow response detected endpoint=/api/cart latency=1696ms,2026-06-01T21:05:00+00:00,1
cart-service,T519,Slow response detected endpoint=/api/cart latency=1757ms,2026-06-01T21:05:00+00:00,1
cart-service,T970,Slow response detected endpoint=/api/cart latency=2716ms,2026-06-01T21:05:00+00:00,1
order-service,T005,Cart service call succeeded,2026-06-01T21:05:00+00:00,1
order-service,T006,Order created orderId=ORD-<NUM> userId=<NUM>,2026-06-01T21:05:00+00:00,9
order-service,T010,Health check passed,2026-06-01T21:05:00+00:00,5
order-service,T012,Cart service timeout after <NUM>ms,2026-06-01T21:05:00+00:00,16
order-service,T017,Cart service returned 5xx status=<NUM>,2026-06-01T21:05:00+00:00,15
cart-service,T001,Health check passed,2026-06-01T21:10:00+00:00,6
cart-service,T002,Item added to cart for userId=<NUM>,2026-06-01T21:10:00+00:00,9
cart-service,T003,DB query executed table=cart rows=<NUM>,2026-06-01T21:10:00+00:00,4
cart-service,T004,ProductCatalogCache eviction failed: heap pressure too high,2026-06-01T21:10:00+00:00,21
cart-service,T007,GC overhead limit warning: pause=<NUM>ms heap=<NUM>%,2026-06-01T21:10:00+00:00,8
cart-service,T008,Checkout completed orderId=ORD-<NUM>,2026-06-01T21:10:00+00:00,4
cart-service,T009,ProductCatalogCache loaded <NUM> entries,2026-06-01T21:10:00+00:00,5
cart-service,T011,Connection pool nearing limit pool=db connections=<NUM>/<NUM>,2026-06-01T21:10:00+00:00,7
cart-service,T013,OutOfMemoryError imminent: available heap < <NUM>%,2026-06-01T21:10:00+00:00,21
cart-service,T014,Container OOMKilled: memory limit exceeded,2026-06-01T21:10:00+00:00,15
cart-service,T015,Cache warm-up slower than expected startup_ms=<NUM>,2026-06-01T21:10:00+00:00,4
cart-service,T016,Upstream connection refused host=product-service,2026-06-01T21:10:00+00:00,8
cart-service,T033,Health check response time elevated endpoint=/health latency=204ms,2026-06-01T21:10:00+00:00,1
cart-service,T056,Health check response time elevated endpoint=/health latency=241ms,2026-06-01T21:10:00+00:00,1
cart-service,T060,Health check response time elevated endpoint=/health latency=134ms,2026-06-01T21:10:00+00:00,1
cart-service,T093,Health check response time elevated endpoint=/health latency=165ms,2026-06-01T21:10:00+00:00,1
cart-service,T100,Health check response time elevated endpoint=/health latency=191ms,2026-06-01T21:10:00+00:00,1
cart-service,T136,Slow response detected endpoint=/api/cart latency=2832ms,2026-06-01T21:10:00+00:00,1
cart-service,T176,Health check response time elevated endpoint=/health latency=223ms,2026-06-01T21:10:00+00:00,1
cart-service,T304,Slow response detected endpoint=/api/cart latency=2724ms,2026-06-01T21:10:00+00:00,1
cart-service,T390,Slow response detected endpoint=/api/cart latency=1554ms,2026-06-01T21:10:00+00:00,1
cart-service,T640,Slow response detected endpoint=/api/cart latency=2016ms,2026-06-01T21:10:00+00:00,1
cart-service,T802,Slow response detected endpoint=/api/cart latency=2360ms,2026-06-01T21:10:00+00:00,1
cart-service,T998,Slow response detected endpoint=/api/cart latency=1288ms,2026-06-01T21:10:00+00:00,1
order-service,T005,Cart service call succeeded,2026-06-01T21:10:00+00:00,1
order-service,T006,Order created orderId=ORD-<NUM> userId=<NUM>,2026-06-01T21:10:00+00:00,12
order-service,T010,Health check passed,2026-06-01T21:10:00+00:00,7
order-service,T012,Cart service timeout after <NUM>ms,2026-06-01T21:10:00+00:00,13
order-service,T017,Cart service returned 5xx status=<NUM>,2026-06-01T21:10:00+00:00,14
cart-service,T001,Health check passed,2026-06-01T21:15:00+00:00,10
cart-service,T002,Item added to cart for userId=<NUM>,2026-06-01T21:15:00+00:00,5
cart-service,T003,DB query executed table=cart rows=<NUM>,2026-06-01T21:15:00+00:00,9
cart-service,T004,ProductCatalogCache eviction failed: heap pressure too high,2026-06-01T21:15:00+00:00,29
cart-service,T007,GC overhead limit warning: pause=<NUM>ms heap=<NUM>%,2026-06-01T21:15:00+00:00,21
cart-service,T008,Checkout completed orderId=ORD-<NUM>,2026-06-01T21:15:00+00:00,2
cart-service,T011,Connection pool nearing limit pool=db connections=<NUM>/<NUM>,2026-06-01T21:15:00+00:00,6
cart-service,T013,OutOfMemoryError imminent: available heap < <NUM>%,2026-06-01T21:15:00+00:00,22
cart-service,T014,Container OOMKilled: memory limit exceeded,2026-06-01T21:15:00+00:00,14
cart-service,T015,Cache warm-up slower than expected startup_ms=<NUM>,2026-06-01T21:15:00+00:00,4
cart-service,T016,Upstream connection refused host=product-service,2026-06-01T21:15:00+00:00,7
cart-service,T030,Health check response time elevated endpoint=/health latency=188ms,2026-06-01T21:15:00+00:00,1
cart-service,T063,Health check response time elevated endpoint=/health latency=164ms,2026-06-01T21:15:00+00:00,1
cart-service,T1148,Slow response detected endpoint=/api/cart latency=576ms,2026-06-01T21:15:00+00:00,1
cart-service,T133,Slow response detected endpoint=/api/cart latency=1006ms,2026-06-01T21:15:00+00:00,1
cart-service,T311,Slow response detected endpoint=/api/cart latency=1371ms,2026-06-01T21:15:00+00:00,1
cart-service,T643,Slow response detected endpoint=/api/cart latency=2028ms,2026-06-01T21:15:00+00:00,1
cart-service,T819,Slow response detected endpoint=/api/cart latency=1464ms,2026-06-01T21:15:00+00:00,1
cart-service,T892,Slow response detected endpoint=/api/cart latency=2563ms,2026-06-01T21:15:00+00:00,1
order-service,T005,Cart service call succeeded,2026-06-01T21:15:00+00:00,4
order-service,T006,Order created orderId=ORD-<NUM> userId=<NUM>,2026-06-01T21:15:00+00:00,6
order-service,T010,Health check passed,2026-06-01T21:15:00+00:00,4
order-service,T012,Cart service timeout after <NUM>ms,2026-06-01T21:15:00+00:00,22
order-service,T017,Cart service returned 5xx status=<NUM>,2026-06-01T21:15:00+00:00,8
cart-service,T001,Health check passed,2026-06-01T21:20:00+00:00,5
cart-service,T002,Item added to cart for userId=<NUM>,2026-06-01T21:20:00+00:00,6
cart-service,T003,DB query executed table=cart rows=<NUM>,2026-06-01T21:20:00+00:00,9
cart-service,T004,ProductCatalogCache eviction failed: heap pressure too high,2026-06-01T21:20:00+00:00,23
cart-service,T007,GC overhead limit warning: pause=<NUM>ms heap=<NUM>%,2026-06-01T21:20:00+00:00,18
cart-service,T008,Checkout completed orderId=ORD-<NUM>,2026-06-01T21:20:00+00:00,1
cart-service,T009,ProductCatalogCache loaded <NUM> entries,2026-06-01T21:20:00+00:00,3
cart-service,T011,Connection pool nearing limit pool=db connections=<NUM>/<NUM>,2026-06-01T21:20:00+00:00,3
cart-service,T013,OutOfMemoryError imminent: available heap < <NUM>%,2026-06-01T21:20:00+00:00,19
cart-service,T014,Container OOMKilled: memory limit exceeded,2026-06-01T21:20:00+00:00,13
cart-service,T015,Cache warm-up slower than expected startup_ms=<NUM>,2026-06-01T21:20:00+00:00,5
cart-service,T016,Upstream connection refused host=product-service,2026-06-01T21:20:00+00:00,12
cart-service,T020,Health check response time elevated endpoint=/health latency=209ms,2026-06-01T21:20:00+00:00,1
cart-service,T028,Health check response time elevated endpoint=/health latency=222ms,2026-06-01T21:20:00+00:00,2
cart-service,T052,Health check response time elevated endpoint=/health latency=250ms,2026-06-01T21:20:00+00:00,1
cart-service,T1013,Slow response detected endpoint=/api/cart latency=2793ms,2026-06-01T21:20:00+00:00,1
cart-service,T1050,Slow response detected endpoint=/api/cart latency=1267ms,2026-06-01T21:20:00+00:00,1
cart-service,T107,Slow response detected endpoint=/api/cart latency=2458ms,2026-06-01T21:20:00+00:00,1
cart-service,T137,Slow response detected endpoint=/api/cart latency=507ms,2026-06-01T21:20:00+00:00,1
cart-service,T187,Slow response detected endpoint=/api/cart latency=850ms,2026-06-01T21:20:00+00:00,1
cart-service,T208,Slow response detected endpoint=/api/cart latency=659ms,2026-06-01T21:20:00+00:00,1
cart-service,T243,Slow response detected endpoint=/api/cart latency=567ms,2026-06-01T21:20:00+00:00,1
cart-service,T319,Slow response detected endpoint=/api/cart latency=2598ms,2026-06-01T21:20:00+00:00,1
cart-service,T384,Slow response detected endpoint=/api/cart latency=2303ms,2026-06-01T21:20:00+00:00,1
cart-service,T392,Slow response detected endpoint=/api/cart latency=1550ms,2026-06-01T21:20:00+00:00,1
cart-service,T451,Slow response detected endpoint=/api/cart latency=916ms,2026-06-01T21:20:00+00:00,1
cart-service,T569,Slow response detected endpoint=/api/cart latency=1855ms,2026-06-01T21:20:00+00:00,1
cart-service,T877,Slow response detected endpoint=/api/cart latency=1387ms,2026-06-01T21:20:00+00:00,1
cart-service,T938,Slow response detected endpoint=/api/cart latency=2645ms,2026-06-01T21:20:00+00:00,1
order-service,T005,Cart service call succeeded,2026-06-01T21:20:00+00:00,3
order-service,T006,Order created orderId=ORD-<NUM> userId=<NUM>,2026-06-01T21:20:00+00:00,4
order-service,T010,Health check passed,2026-06-01T21:20:00+00:00,5
order-service,T012,Cart service timeout after <NUM>ms,2026-06-01T21:20:00+00:00,20
order-service,T017,Cart service returned 5xx status=<NUM>,2026-06-01T21:20:00+00:00,15
cart-service,T001,Health check passed,2026-06-01T21:25:00+00:00,8
cart-service,T002,Item added to cart for userId=<NUM>,2026-06-01T21:25:00+00:00,9
cart-service,T003,DB query executed table=cart rows=<NUM>,2026-06-01T21:25:00+00:00,6
cart-service,T004,ProductCatalogCache eviction failed: heap pressure too high,2026-06-01T21:25:00+00:00,21
cart-service,T007,GC overhead limit warning: pause=<NUM>ms heap=<NUM>%,2026-06-01T21:25:00+00:00,14
cart-service,T009,ProductCatalogCache loaded <NUM> entries,2026-06-01T21:25:00+00:00,1
cart-service,T011,Connection pool nearing limit pool=db connections=<NUM>/<NUM>,2026-06-01T21:25:00+00:00,9
cart-service,T013,OutOfMemoryError imminent: available heap < <NUM>%,2026-06-01T21:25:00+00:00,13
cart-service,T014,Container OOMKilled: memory limit exceeded,2026-06-01T21:25:00+00:00,18
cart-service,T015,Cache warm-up slower than expected startup_ms=<NUM>,2026-06-01T21:25:00+00:00,3
cart-service,T016,Upstream connection refused host=product-service,2026-06-01T21:25:00+00:00,10
cart-service,T066,Health check response time elevated endpoint=/health latency=235ms,2026-06-01T21:25:00+00:00,1
cart-service,T1102,Slow response detected endpoint=/api/cart latency=530ms,2026-06-01T21:25:00+00:00,1
cart-service,T1301,Slow response detected endpoint=/api/cart latency=1010ms,2026-06-01T21:25:00+00:00,1
cart-service,T1302,Slow response detected endpoint=/api/cart latency=1012ms,2026-06-01T21:25:00+00:00,1
cart-service,T138,Slow response detected endpoint=/api/cart latency=1206ms,2026-06-01T21:25:00+00:00,1
cart-service,T161,Slow response detected endpoint=/api/cart latency=2425ms,2026-06-01T21:25:00+00:00,1
cart-service,T200,Slow response detected endpoint=/api/cart latency=735ms,2026-06-01T21:25:00+00:00,1
cart-service,T409,Slow response detected endpoint=/api/cart latency=1575ms,2026-06-01T21:25:00+00:00,1
cart-service,T516,Slow response detected endpoint=/api/cart latency=1750ms,2026-06-01T21:25:00+00:00,1
cart-service,T520,Slow response detected endpoint=/api/cart latency=1765ms,2026-06-01T21:25:00+00:00,1
cart-service,T593,Slow response detected endpoint=/api/cart latency=1916ms,2026-06-01T21:25:00+00:00,1
cart-service,T678,Slow response detected endpoint=/api/cart latency=2090ms,2026-06-01T21:25:00+00:00,1
cart-service,T721,Slow response detected endpoint=/api/cart latency=1530ms,2026-06-01T21:25:00+00:00,1
cart-service,T744,Slow response detected endpoint=/api/cart latency=1498ms,2026-06-01T21:25:00+00:00,1
cart-service,T821,Slow response detected endpoint=/api/cart latency=2383ms,2026-06-01T21:25:00+00:00,1
cart-service,T830,Slow response detected endpoint=/api/cart latency=2485ms,2026-06-01T21:25:00+00:00,1
cart-service,T935,Slow response detected endpoint=/api/cart latency=2629ms,2026-06-01T21:25:00+00:00,1
cart-service,T986,Slow response detected endpoint=/api/cart latency=2737ms,2026-06-01T21:25:00+00:00,1
cart-service,T994,Slow response detected endpoint=/api/cart latency=2763ms,2026-06-01T21:25:00+00:00,1
order-service,T005,Cart service call succeeded,2026-06-01T21:25:00+00:00,5
order-service,T006,Order created orderId=ORD-<NUM> userId=<NUM>,2026-06-01T21:25:00+00:00,6
order-service,T010,Health check passed,2026-06-01T21:25:00+00:00,5
order-service,T012,Cart service timeout after <NUM>ms,2026-06-01T21:25:00+00:00,20
order-service,T017,Cart service returned 5xx status=<NUM>,2026-06-01T21:25:00+00:00,18
cart-service,T001,Health check passed,2026-06-01T21:30:00+00:00,7
cart-service,T002,Item added to cart for userId=<NUM>,2026-06-01T21:30:00+00:00,4
cart-service,T003,DB query executed table=cart rows=<NUM>,2026-06-01T21:30:00+00:00,6
cart-service,T004,ProductCatalogCache eviction failed: heap pressure too high,2026-06-01T21:30:00+00:00,31
cart-service,T007,GC overhead limit warning: pause=<NUM>ms heap=<NUM>%,2026-06-01T21:30:00+00:00,14
cart-service,T009,ProductCatalogCache loaded <NUM> entries,2026-06-01T21:30:00+00:00,5
cart-service,T011,Connection pool nearing limit pool=db connections=<NUM>/<NUM>,2026-06-01T21:30:00+00:00,8
cart-service,T013,OutOfMemoryError imminent: available heap < <NUM>%,2026-06-01T21:30:00+00:00,19
cart-service,T014,Container OOMKilled: memory limit exceeded,2026-06-01T21:30:00+00:00,18
cart-service,T015,Cache warm-up slower than expected startup_ms=<NUM>,2026-06-01T21:30:00+00:00,7
cart-service,T016,Upstream connection refused host=product-service,2026-06-01T21:30:00+00:00,9
cart-service,T087,Health check response time elevated endpoint=/health latency=157ms,2026-06-01T21:30:00+00:00,1
cart-service,T1020,Slow response detected endpoint=/api/cart latency=1270ms,2026-06-01T21:30:00+00:00,1
cart-service,T113,Slow response detected endpoint=/api/cart latency=1763ms,2026-06-01T21:30:00+00:00,1
cart-service,T1237,Slow response detected endpoint=/api/cart latency=760ms,2026-06-01T21:30:00+00:00,1
cart-service,T1241,Slow response detected endpoint=/api/cart latency=773ms,2026-06-01T21:30:00+00:00,1
cart-service,T135,Slow response detected endpoint=/api/cart latency=1102ms,2026-06-01T21:30:00+00:00,1
cart-service,T198,Slow response detected endpoint=/api/cart latency=1094ms,2026-06-01T21:30:00+00:00,1
cart-service,T303,Slow response detected endpoint=/api/cart latency=2731ms,2026-06-01T21:30:00+00:00,1
cart-service,T335,Slow response detected endpoint=/api/cart latency=2546ms,2026-06-01T21:30:00+00:00,1
cart-service,T383,Slow response detected endpoint=/api/cart latency=2304ms,2026-06-01T21:30:00+00:00,1
cart-service,T505,Slow response detected endpoint=/api/cart latency=1694ms,2026-06-01T21:30:00+00:00,1
cart-service,T524,Slow response detected endpoint=/api/cart latency=1776ms,2026-06-01T21:30:00+00:00,1
cart-service,T966,Slow response detected endpoint=/api/cart latency=2701ms,2026-06-01T21:30:00+00:00,1
order-service,T005,Cart service call succeeded,2026-06-01T21:30:00+00:00,2
order-service,T006,Order created orderId=ORD-<NUM> userId=<NUM>,2026-06-01T21:30:00+00:00,4
order-service,T010,Health check passed,2026-06-01T21:30:00+00:00,10
order-service,T012,Cart service timeout after <NUM>ms,2026-06-01T21:30:00+00:00,8
order-service,T017,Cart service returned 5xx status=<NUM>,2026-06-01T21:30:00+00:00,9
cart-service,T001,Health check passed,2026-06-01T21:35:00+00:00,9
cart-service,T002,Item added to cart for userId=<NUM>,2026-06-01T21:35:00+00:00,8
cart-service,T003,DB query executed table=cart rows=<NUM>,2026-06-01T21:35:00+00:00,12
cart-service,T004,ProductCatalogCache eviction failed: heap pressure too high,2026-06-01T21:35:00+00:00,28
cart-service,T007,GC overhead limit warning: pause=<NUM>ms heap=<NUM>%,2026-06-01T21:35:00+00:00,16
cart-service,T008,Checkout completed orderId=ORD-<NUM>,2026-06-01T21:35:00+00:00,3
cart-service,T009,ProductCatalogCache loaded <NUM> entries,2026-06-01T21:35:00+00:00,5
cart-service,T011,Connection pool nearing limit pool=db connections=<NUM>/<NUM>,2026-06-01T21:35:00+00:00,6
cart-service,T013,OutOfMemoryError imminent: available heap < <NUM>%,2026-06-01T21:35:00+00:00,18
cart-service,T014,Container OOMKilled: memory limit exceeded,2026-06-01T21:35:00+00:00,13
cart-service,T015,Cache warm-up slower than expected startup_ms=<NUM>,2026-06-01T21:35:00+00:00,1
cart-service,T016,Upstream connection refused host=product-service,2026-06-01T21:35:00+00:00,8
cart-service,T019,Health check response time elevated endpoint=/health latency=231ms,2026-06-01T21:35:00+00:00,1
cart-service,T020,Health check response time elevated endpoint=/health latency=209ms,2026-06-01T21:35:00+00:00,1
cart-service,T059,Health check response time elevated endpoint=/health latency=133ms,2026-06-01T21:35:00+00:00,1
cart-service,T060,Health check response time elevated endpoint=/health latency=134ms,2026-06-01T21:35:00+00:00,1
cart-service,T117,Health check response time elevated endpoint=/health latency=198ms,2026-06-01T21:35:00+00:00,1
cart-service,T129,Slow response detected endpoint=/api/cart latency=699ms,2026-06-01T21:35:00+00:00,1
cart-service,T167,Slow response detected endpoint=/api/cart latency=1837ms,2026-06-01T21:35:00+00:00,1
cart-service,T322,Slow response detected endpoint=/api/cart latency=2636ms,2026-06-01T21:35:00+00:00,1
cart-service,T362,Slow response detected endpoint=/api/cart latency=2373ms,2026-06-01T21:35:00+00:00,1
cart-service,T398,Slow response detected endpoint=/api/cart latency=2163ms,2026-06-01T21:35:00+00:00,1
cart-service,T407,Slow response detected endpoint=/api/cart latency=1978ms,2026-06-01T21:35:00+00:00,1
cart-service,T410,Slow response detected endpoint=/api/cart latency=1574ms,2026-06-01T21:35:00+00:00,1
cart-service,T476,Slow response detected endpoint=/api/cart latency=901ms,2026-06-01T21:35:00+00:00,1
order-service,T005,Cart service call succeeded,2026-06-01T21:35:00+00:00,3
order-service,T006,Order created orderId=ORD-<NUM> userId=<NUM>,2026-06-01T21:35:00+00:00,5
order-service,T010,Health check passed,2026-06-01T21:35:00+00:00,2
order-service,T012,Cart service timeout after <NUM>ms,2026-06-01T21:35:00+00:00,16
order-service,T017,Cart service returned 5xx status=<NUM>,2026-06-01T21:35:00+00:00,9
cart-service,T001,Health check passed,2026-06-01T21:40:00+00:00,7
cart-service,T002,Item added to cart for userId=<NUM>,2026-06-01T21:40:00+00:00,5
cart-service,T003,DB query executed table=cart rows=<NUM>,2026-06-01T21:40:00+00:00,7
cart-service,T004,ProductCatalogCache eviction failed: heap pressure too high,2026-06-01T21:40:00+00:00,29
cart-service,T007,GC overhead limit warning: pause=<NUM>ms heap=<NUM>%,2026-06-01T21:40:00+00:00,18
cart-service,T008,Checkout completed orderId=ORD-<NUM>,2026-06-01T21:40:00+00:00,6
cart-service,T009,ProductCatalogCache loaded <NUM> entries,2026-06-01T21:40:00+00:00,2
cart-service,T011,Connection pool nearing limit pool=db connections=<NUM>/<NUM>,2026-06-01T21:40:00+00:00,9
cart-service,T013,OutOfMemoryError imminent: available heap < <NUM>%,2026-06-01T21:40:00+00:00,24
cart-service,T014,Container OOMKilled: memory limit exceeded,2026-06-01T21:40:00+00:00,17
cart-service,T015,Cache warm-up slower than expected startup_ms=<NUM>,2026-06-01T21:40:00+00:00,4
cart-service,T016,Upstream connection refused host=product-service,2026-06-01T21:40:00+00:00,13
cart-service,T034,Health check response time elevated endpoint=/health latency=211ms,2026-06-01T21:40:00+00:00,1
cart-service,T1060,Slow response detected endpoint=/api/cart latency=2895ms,2026-06-01T21:40:00+00:00,1
cart-service,T133,Slow response detected endpoint=/api/cart latency=1006ms,2026-06-01T21:40:00+00:00,1
cart-service,T163,Slow response detected endpoint=/api/cart latency=2333ms,2026-06-01T21:40:00+00:00,1
cart-service,T227,Slow response detected endpoint=/api/cart latency=601ms,2026-06-01T21:40:00+00:00,1
cart-service,T242,Slow response detected endpoint=/api/cart latency=1191ms,2026-06-01T21:40:00+00:00,1
cart-service,T336,Slow response detected endpoint=/api/cart latency=2543ms,2026-06-01T21:40:00+00:00,1
cart-service,T528,Slow response detected endpoint=/api/cart latency=1785ms,2026-06-01T21:40:00+00:00,1
cart-service,T546,Slow response detected endpoint=/api/cart latency=1811ms,2026-06-01T21:40:00+00:00,1
cart-service,T604,Slow response detected endpoint=/api/cart latency=1986ms,2026-06-01T21:40:00+00:00,1
cart-service,T831,Slow response detected endpoint=/api/cart latency=2486ms,2026-06-01T21:40:00+00:00,1
order-service,T006,Order created orderId=ORD-<NUM> userId=<NUM>,2026-06-01T21:40:00+00:00,10
order-service,T010,Health check passed,2026-06-01T21:40:00+00:00,7
order-service,T012,Cart service timeout after <NUM>ms,2026-06-01T21:40:00+00:00,19
order-service,T017,Cart service returned 5xx status=<NUM>,2026-06-01T21:40:00+00:00,13
cart-service,T001,Health check passed,2026-06-01T21:45:00+00:00,8
cart-service,T002,Item added to cart for userId=<NUM>,2026-06-01T21:45:00+00:00,4
cart-service,T003,DB query executed table=cart rows=<NUM>,2026-06-01T21:45:00+00:00,2
cart-service,T004,ProductCatalogCache eviction failed: heap pressure too high,2026-06-01T21:45:00+00:00,30
cart-service,T007,GC overhead limit warning: pause=<NUM>ms heap=<NUM>%,2026-06-01T21:45:00+00:00,22
cart-service,T008,Checkout completed orderId=ORD-<NUM>,2026-06-01T21:45:00+00:00,4
cart-service,T009,ProductCatalogCache loaded <NUM> entries,2026-06-01T21:45:00+00:00,4
cart-service,T011,Connection pool nearing limit pool=db connections=<NUM>/<NUM>,2026-06-01T21:45:00+00:00,11
cart-service,T013,OutOfMemoryError imminent: available heap < <NUM>%,2026-06-01T21:45:00+00:00,18
cart-service,T014,Container OOMKilled: memory limit exceeded,2026-06-01T21:45:00+00:00,17
cart-service,T015,Cache warm-up slower than expected startup_ms=<NUM>,2026-06-01T21:45:00+00:00,3
cart-service,T016,Upstream connection refused host=product-service,2026-06-01T21:45:00+00:00,12
cart-service,T027,Health check response time elevated endpoint=/health latency=244ms,2026-06-01T21:45:00+00:00,1
cart-service,T031,Health check response time elevated endpoint=/health latency=150ms,2026-06-01T21:45:00+00:00,1
cart-service,T043,Health check response time elevated endpoint=/health latency=190ms,2026-06-01T21:45:00+00:00,1
cart-service,T1024,Slow response detected endpoint=/api/cart latency=1279ms,2026-06-01T21:45:00+00:00,1
cart-service,T1030,Slow response detected endpoint=/api/cart latency=2819ms,2026-06-01T21:45:00+00:00,1
cart-service,T1039,Slow response detected endpoint=/api/cart latency=2856ms,2026-06-01T21:45:00+00:00,1
cart-service,T117,Health check response time elevated endpoint=/health latency=198ms,2026-06-01T21:45:00+00:00,1
cart-service,T1224,Slow response detected endpoint=/api/cart latency=1092ms,2026-06-01T21:45:00+00:00,1
cart-service,T1288,Slow response detected endpoint=/api/cart latency=883ms,2026-06-01T21:45:00+00:00,1
cart-service,T1308,Slow response detected endpoint=/api/cart latency=1709ms,2026-06-01T21:45:00+00:00,1
cart-service,T225,Slow response detected endpoint=/api/cart latency=1154ms,2026-06-01T21:45:00+00:00,1
cart-service,T270,Slow response detected endpoint=/api/cart latency=2900ms,2026-06-01T21:45:00+00:00,1
cart-service,T332,Slow response detected endpoint=/api/cart latency=2556ms,2026-06-01T21:45:00+00:00,1
cart-service,T590,Slow response detected endpoint=/api/cart latency=1910ms,2026-06-01T21:45:00+00:00,1
cart-service,T606,Slow response detected endpoint=/api/cart latency=1994ms,2026-06-01T21:45:00+00:00,1
cart-service,T666,Slow response detected endpoint=/api/cart latency=2074ms,2026-06-01T21:45:00+00:00,1
cart-service,T669,Slow response detected endpoint=/api/cart latency=2138ms,2026-06-01T21:45:00+00:00,1
cart-service,T855,Slow response detected endpoint=/api/cart latency=2460ms,2026-06-01T21:45:00+00:00,1
cart-service,T969,Slow response detected endpoint=/api/cart latency=2714ms,2026-06-01T21:45:00+00:00,1
order-service,T005,Cart service call succeeded,2026-06-01T21:45:00+00:00,3
order-service,T006,Order created orderId=ORD-<NUM> userId=<NUM>,2026-06-01T21:45:00+00:00,3
order-service,T010,Health check passed,2026-06-01T21:45:00+00:00,9
order-service,T012,Cart service timeout after <NUM>ms,2026-06-01T21:45:00+00:00,15
order-service,T017,Cart service returned 5xx status=<NUM>,2026-06-01T21:45:00+00:00,14
cart-service,T001,Health check passed,2026-06-01T21:50:00+00:00,3
cart-service,T002,Item added to cart for userId=<NUM>,2026-06-01T21:50:00+00:00,7
cart-service,T003,DB query executed table=cart rows=<NUM>,2026-06-01T21:50:00+00:00,14
cart-service,T004,ProductCatalogCache eviction failed: heap pressure too high,2026-06-01T21:50:00+00:00,31
cart-service,T007,GC overhead limit warning: pause=<NUM>ms heap=<NUM>%,2026-06-01T21:50:00+00:00,16
cart-service,T009,ProductCatalogCache loaded <NUM> entries,2026-06-01T21:50:00+00:00,6
cart-service,T011,Connection pool nearing limit pool=db connections=<NUM>/<NUM>,2026-06-01T21:50:00+00:00,5
cart-service,T013,OutOfMemoryError imminent: available heap < <NUM>%,2026-06-01T21:50:00+00:00,20
cart-service,T014,Container OOMKilled: memory limit exceeded,2026-06-01T21:50:00+00:00,15
cart-service,T015,Cache warm-up slower than expected startup_ms=<NUM>,2026-06-01T21:50:00+00:00,3
cart-service,T016,Upstream connection refused host=product-service,2026-06-01T21:50:00+00:00,12
cart-service,T024,Health check response time elevated endpoint=/health latency=212ms,2026-06-01T21:50:00+00:00,1
cart-service,T056,Health check response time elevated endpoint=/health latency=241ms,2026-06-01T21:50:00+00:00,1
cart-service,T068,Health check response time elevated endpoint=/health latency=141ms,2026-06-01T21:50:00+00:00,1
cart-service,T069,Health check response time elevated endpoint=/health latency=146ms,2026-06-01T21:50:00+00:00,1
cart-service,T108,Health check response time elevated endpoint=/health latency=161ms,2026-06-01T21:50:00+00:00,1
cart-service,T1126,Slow response detected endpoint=/api/cart latency=514ms,2026-06-01T21:50:00+00:00,1
cart-service,T1213,Slow response detected endpoint=/api/cart latency=703ms,2026-06-01T21:50:00+00:00,1
cart-service,T1251,Slow response detected endpoint=/api/cart latency=1089ms,2026-06-01T21:50:00+00:00,1
cart-service,T131,Slow response detected endpoint=/api/cart latency=686ms,2026-06-01T21:50:00+00:00,1
cart-service,T247,Slow response detected endpoint=/api/cart latency=552ms,2026-06-01T21:50:00+00:00,1
cart-service,T363,Slow response detected endpoint=/api/cart latency=2361ms,2026-06-01T21:50:00+00:00,1
cart-service,T374,Slow response detected endpoint=/api/cart latency=2239ms,2026-06-01T21:50:00+00:00,1
cart-service,T382,Slow response detected endpoint=/api/cart latency=2253ms,2026-06-01T21:50:00+00:00,1
cart-service,T455,Slow response detected endpoint=/api/cart latency=1636ms,2026-06-01T21:50:00+00:00,1
cart-service,T648,Slow response detected endpoint=/api/cart latency=2041ms,2026-06-01T21:50:00+00:00,1
cart-service,T686,Slow response detected endpoint=/api/cart latency=1547ms,2026-06-01T21:50:00+00:00,1
cart-service,T788,Slow response detected endpoint=/api/cart latency=1491ms,2026-06-01T21:50:00+00:00,1
order-service,T005,Cart service call succeeded,2026-06-01T21:50:00+00:00,4
order-service,T006,Order created orderId=ORD-<NUM> userId=<NUM>,2026-06-01T21:50:00+00:00,2
order-service,T010,Health check passed,2026-06-01T21:50:00+00:00,7
order-service,T012,Cart service timeout after <NUM>ms,2026-06-01T21:50:00+00:00,20
order-service,T017,Cart service returned 5xx status=<NUM>,2026-06-01T21:50:00+00:00,8
cart-service,T001,Health check passed,2026-06-01T21:55:00+00:00,6
cart-service,T002,Item added to cart for userId=<NUM>,2026-06-01T21:55:00+00:00,4
cart-service,T003,DB query executed table=cart rows=<NUM>,2026-06-01T21:55:00+00:00,7
cart-service,T004,ProductCatalogCache eviction failed: heap pressure too high,2026-06-01T21:55:00+00:00,33
cart-service,T007,GC overhead limit warning: pause=<NUM>ms heap=<NUM>%,2026-06-01T21:55:00+00:00,12
cart-service,T008,Checkout completed orderId=ORD-<NUM>,2026-06-01T21:55:00+00:00,3
cart-service,T009,ProductCatalogCache loaded <NUM> entries,2026-06-01T21:55:00+00:00,4
cart-service,T011,Connection pool nearing limit pool=db connections=<NUM>/<NUM>,2026-06-01T21:55:00+00:00,7
cart-service,T013,OutOfMemoryError imminent: available heap < <NUM>%,2026-06-01T21:55:00+00:00,12
cart-service,T014,Container OOMKilled: memory limit exceeded,2026-06-01T21:55:00+00:00,18
cart-service,T015,Cache warm-up slower than expected startup_ms=<NUM>,2026-06-01T21:55:00+00:00,1
cart-service,T016,Upstream connection refused host=product-service,2026-06-01T21:55:00+00:00,15
cart-service,T022,Health check response time elevated endpoint=/health latency=243ms,2026-06-01T21:55:00+00:00,1
cart-service,T025,Health check response time elevated endpoint=/health latency=225ms,2026-06-01T21:55:00+00:00,1
cart-service,T031,Health check response time elevated endpoint=/health latency=150ms,2026-06-01T21:55:00+00:00,1
cart-service,T068,Health check response time elevated endpoint=/health latency=141ms,2026-06-01T21:55:00+00:00,1
cart-service,T069,Health check response time elevated endpoint=/health latency=146ms,2026-06-01T21:55:00+00:00,1
cart-service,T079,Health check response time elevated endpoint=/health latency=218ms,2026-06-01T21:55:00+00:00,1
cart-service,T103,Slow response detected endpoint=/api/cart latency=1100ms,2026-06-01T21:55:00+00:00,1
cart-service,T1041,Slow response detected endpoint=/api/cart latency=2858ms,2026-06-01T21:55:00+00:00,1
cart-service,T1249,Slow response detected endpoint=/api/cart latency=1084ms,2026-06-01T21:55:00+00:00,1
cart-service,T283,Slow response detected endpoint=/api/cart latency=2745ms,2026-06-01T21:55:00+00:00,1
cart-service,T757,Slow response detected endpoint=/api/cart latency=2262ms,2026-06-01T21:55:00+00:00,1
cart-service,T979,Slow response detected endpoint=/api/cart latency=2722ms,2026-06-01T21:55:00+00:00,1
cart-service,T992,Slow response detected endpoint=/api/cart latency=2760ms,2026-06-01T21:55:00+00:00,1
order-service,T006,Order created orderId=ORD-<NUM> userId=<NUM>,2026-06-01T21:55:00+00:00,6
order-service,T010,Health check passed,2026-06-01T21:55:00+00:00,5
order-service,T012,Cart service timeout after <NUM>ms,2026-06-01T21:55:00+00:00,22
order-service,T017,Cart service returned 5xx status=<NUM>,2026-06-01T21:55:00+00:00,8
cart-service,T001,Health check passed,2026-06-01T22:00:00+00:00,1
cart-service,T002,Item added to cart for userId=<NUM>,2026-06-01T22:00:00+00:00,5
cart-service,T003,DB query executed table=cart rows=<NUM>,2026-06-01T22:00:00+00:00,5
cart-service,T004,ProductCatalogCache eviction failed: heap pressure too high,2026-06-01T22:00:00+00:00,25
cart-service,T007,GC overhead limit warning: pause=<NUM>ms heap=<NUM>%,2026-06-01T22:00:00+00:00,15
cart-service,T008,Checkout completed orderId=ORD-<NUM>,2026-06-01T22:00:00+00:00,2
cart-service,T009,ProductCatalogCache loaded <NUM> entries,2026-06-01T22:00:00+00:00,3
cart-service,T011,Connection pool nearing limit pool=db connections=<NUM>/<NUM>,2026-06-01T22:00:00+00:00,7
cart-service,T013,OutOfMemoryError imminent: available heap < <NUM>%,2026-06-01T22:00:00+00:00,30
cart-service,T014,Container OOMKilled: memory limit exceeded,2026-06-01T22:00:00+00:00,17
cart-service,T015,Cache warm-up slower than expected startup_ms=<NUM>,2026-06-01T22:00:00+00:00,6
cart-service,T016,Upstream connection refused host=product-service,2026-06-01T22:00:00+00:00,12
cart-service,T018,Application starting up version=<NUM>.<NUM>.<NUM>,2026-06-01T22:00:00+00:00,6
cart-service,T064,Health check response time elevated endpoint=/health latency=179ms,2026-06-01T22:00:00+00:00,2
cart-service,T078,Health check response time elevated endpoint=/health latency=197ms,2026-06-01T22:00:00+00:00,1
cart-service,T086,Health check response time elevated endpoint=/health latency=140ms,2026-06-01T22:00:00+00:00,1
cart-service,T1021,Slow response detected endpoint=/api/cart latency=1271ms,2026-06-01T22:00:00+00:00,1
cart-service,T108,Health check response time elevated endpoint=/health latency=161ms,2026-06-01T22:00:00+00:00,1
cart-service,T1264,Slow response detected endpoint=/api/cart latency=817ms,2026-06-01T22:00:00+00:00,1
cart-service,T166,Slow response detected endpoint=/api/cart latency=2171ms,2026-06-01T22:00:00+00:00,1
cart-service,T176,Health check response time elevated endpoint=/health latency=223ms,2026-06-01T22:00:00+00:00,1
cart-service,T231,Slow response detected endpoint=/api/cart latency=579ms,2026-06-01T22:00:00+00:00,1
cart-service,T291,Slow response detected endpoint=/api/cart latency=2633ms,2026-06-01T22:00:00+00:00,1
cart-service,T340,Slow response detected endpoint=/api/cart latency=1469ms,2026-06-01T22:00:00+00:00,1
cart-service,T416,Slow response detected endpoint=/api/cart latency=2052ms,2026-06-01T22:00:00+00:00,1
cart-service,T459,Slow response detected endpoint=/api/cart latency=1782ms,2026-06-01T22:00:00+00:00,1
cart-service,T653,Slow response detected endpoint=/api/cart latency=2104ms,2026-06-01T22:00:00+00:00,1
cart-service,T750,Slow response detected endpoint=/api/cart latency=2307ms,2026-06-01T22:00:00+00:00,1
cart-service,T896,Slow response detected endpoint=/api/cart latency=2570ms,2026-06-01T22:00:00+00:00,1
order-service,T005,Cart service call succeeded,2026-06-01T22:00:00+00:00,4
order-service,T006,Order created orderId=ORD-<NUM> userId=<NUM>,2026-06-01T22:00:00+00:00,5
order-service,T010,Health check passed,2026-06-01T22:00:00+00:00,6
order-service,T012,Cart service timeout after <NUM>ms,2026-06-01T22:00:00+00:00,15
order-service,T017,Cart service returned 5xx status=<NUM>,2026-06-01T22:00:00+00:00,12
cart-service,T001,Health check passed,2026-06-01T22:05:00+00:00,3
cart-service,T002,Item added to cart for userId=<NUM>,2026-06-01T22:05:00+00:00,3
cart-service,T003,DB query executed table=cart rows=<NUM>,2026-06-01T22:05:00+00:00,4
cart-service,T004,ProductCatalogCache eviction failed: heap pressure too high,2026-06-01T22:05:00+00:00,10
cart-service,T007,GC overhead limit warning: pause=<NUM>ms heap=<NUM>%,2026-06-01T22:05:00+00:00,7
cart-service,T008,Checkout completed orderId=ORD-<NUM>,2026-06-01T22:05:00+00:00,4
cart-service,T009,ProductCatalogCache loaded <NUM> entries,2026-06-01T22:05:00+00:00,3
cart-service,T011,Connection pool nearing limit pool=db connections=<NUM>/<NUM>,2026-06-01T22:05:00+00:00,8
cart-service,T013,OutOfMemoryError imminent: available heap < <NUM>%,2026-06-01T22:05:00+00:00,24
cart-service,T014,Container OOMKilled: memory limit exceeded,2026-06-01T22:05:00+00:00,28
cart-service,T015,Cache warm-up slower than expected startup_ms=<NUM>,2026-06-01T22:05:00+00:00,2
cart-service,T016,Upstream connection refused host=product-service,2026-06-01T22:05:00+00:00,20
cart-service,T018,Application starting up version=<NUM>.<NUM>.<NUM>,2026-06-01T22:05:00+00:00,15
cart-service,T030,Health check response time elevated endpoint=/health latency=188ms,2026-06-01T22:05:00+00:00,1
cart-service,T1083,Slow response detected endpoint=/api/cart latency=501ms,2026-06-01T22:05:00+00:00,1
cart-service,T1246,Slow response detected endpoint=/api/cart latency=1071ms,2026-06-01T22:05:00+00:00,1
cart-service,T413,Slow response detected endpoint=/api/cart latency=2069ms,2026-06-01T22:05:00+00:00,1
cart-service,T468,Slow response detected endpoint=/api/cart latency=976ms,2026-06-01T22:05:00+00:00,1
cart-service,T565,Slow response detected endpoint=/api/cart latency=1845ms,2026-06-01T22:05:00+00:00,1
cart-service,T591,Slow response detected endpoint=/api/cart latency=1911ms,2026-06-01T22:05:00+00:00,1
cart-service,T616,Slow response detected endpoint=/api/cart latency=1954ms,2026-06-01T22:05:00+00:00,1
order-service,T005,Cart service call succeeded,2026-06-01T22:05:00+00:00,6
order-service,T006,Order created orderId=ORD-<NUM> userId=<NUM>,2026-06-01T22:05:00+00:00,5
order-service,T010,Health check passed,2026-06-01T22:05:00+00:00,8
order-service,T012,Cart service timeout after <NUM>ms,2026-06-01T22:05:00+00:00,17
order-service,T017,Cart service returned 5xx status=<NUM>,2026-06-01T22:05:00+00:00,17
cart-service,T001,Health check passed,2026-06-01T22:10:00+00:00,4
cart-service,T002,Item added to cart for userId=<NUM>,2026-06-01T22:10:00+00:00,7
cart-service,T003,DB query executed table=cart rows=<NUM>,2026-06-01T22:10:00+00:00,5
cart-service,T004,ProductCatalogCache eviction failed: heap pressure too high,2026-06-01T22:10:00+00:00,26
cart-service,T007,GC overhead limit warning: pause=<NUM>ms heap=<NUM>%,2026-06-01T22:10:00+00:00,16
cart-service,T008,Checkout completed orderId=ORD-<NUM>,2026-06-01T22:10:00+00:00,5
cart-service,T009,ProductCatalogCache loaded <NUM> entries,2026-06-01T22:10:00+00:00,2
cart-service,T011,Connection pool nearing limit pool=db connections=<NUM>/<NUM>,2026-06-01T22:10:00+00:00,6
cart-service,T013,OutOfMemoryError imminent: available heap < <NUM>%,2026-06-01T22:10:00+00:00,13
cart-service,T014,Container OOMKilled: memory limit exceeded,2026-06-01T22:10:00+00:00,22
cart-service,T015,Cache warm-up slower than expected startup_ms=<NUM>,2026-06-01T22:10:00+00:00,2
cart-service,T016,Upstream connection refused host=product-service,2026-06-01T22:10:00+00:00,12
cart-service,T027,Health check response time elevated endpoint=/health latency=244ms,2026-06-01T22:10:00+00:00,1
cart-service,T032,Health check response time elevated endpoint=/health latency=174ms,2026-06-01T22:10:00+00:00,1
cart-service,T041,Health check response time elevated endpoint=/health latency=214ms,2026-06-01T22:10:00+00:00,1
cart-service,T1022,Slow response detected endpoint=/api/cart latency=1276ms,2026-06-01T22:10:00+00:00,1
cart-service,T1076,Slow response detected endpoint=/api/cart latency=1252ms,2026-06-01T22:10:00+00:00,1
cart-service,T1151,Slow response detected endpoint=/api/cart latency=583ms,2026-06-01T22:10:00+00:00,1
cart-service,T1234,Slow response detected endpoint=/api/cart latency=755ms,2026-06-01T22:10:00+00:00,1
cart-service,T1271,Slow response detected endpoint=/api/cart latency=856ms,2026-06-01T22:10:00+00:00,1
cart-service,T181,Slow response detected endpoint=/api/cart latency=1829ms,2026-06-01T22:10:00+00:00,1
cart-service,T203,Slow response detected endpoint=/api/cart latency=778ms,2026-06-01T22:10:00+00:00,1
cart-service,T220,Slow response detected endpoint=/api/cart latency=683ms,2026-06-01T22:10:00+00:00,1
cart-service,T340,Slow response detected endpoint=/api/cart latency=1469ms,2026-06-01T22:10:00+00:00,1
cart-service,T360,Slow response detected endpoint=/api/cart latency=1479ms,2026-06-01T22:10:00+00:00,1
cart-service,T440,Health check response time elevated endpoint=/health latency=228ms,2026-06-01T22:10:00+00:00,1
cart-service,T568,Slow response detected endpoint=/api/cart latency=1851ms,2026-06-01T22:10:00+00:00,1
cart-service,T583,Slow response detected endpoint=/api/cart latency=1598ms,2026-06-01T22:10:00+00:00,1
cart-service,T599,Slow response detected endpoint=/api/cart latency=1925ms,2026-06-01T22:10:00+00:00,1
cart-service,T720,Slow response detected endpoint=/api/cart latency=1527ms,2026-06-01T22:10:00+00:00,1
cart-service,T934,Slow response detected endpoint=/api/cart latency=2625ms,2026-06-01T22:10:00+00:00,1
cart-service,T996,Slow response detected endpoint=/api/cart latency=2768ms,2026-06-01T22:10:00+00:00,1
order-service,T006,Order created orderId=ORD-<NUM> userId=<NUM>,2026-06-01T22:10:00+00:00,6
order-service,T010,Health check passed,2026-06-01T22:10:00+00:00,4
order-service,T012,Cart service timeout after <NUM>ms,2026-06-01T22:10:00+00:00,17
order-service,T017,Cart service returned 5xx status=<NUM>,2026-06-01T22:10:00+00:00,17
cart-service,T001,Health check passed,2026-06-01T22:15:00+00:00,7
cart-service,T002,Item added to cart for userId=<NUM>,2026-06-01T22:15:00+00:00,7
cart-service,T003,DB query executed table=cart rows=<NUM>,2026-06-01T22:15:00+00:00,7
cart-service,T004,ProductCatalogCache eviction failed: heap pressure too high,2026-06-01T22:15:00+00:00,24
cart-service,T007,GC overhead limit warning: pause=<NUM>ms heap=<NUM>%,2026-06-01T22:15:00+00:00,23
cart-service,T008,Checkout completed orderId=ORD-<NUM>,2026-06-01T22:15:00+00:00,4
cart-service,T009,ProductCatalogCache loaded <NUM> entries,2026-06-01T22:15:00+00:00,3
cart-service,T011,Connection pool nearing limit pool=db connections=<NUM>/<NUM>,2026-06-01T22:15:00+00:00,3
cart-service,T013,OutOfMemoryError imminent: available heap < <NUM>%,2026-06-01T22:15:00+00:00,20
cart-service,T014,Container OOMKilled: memory limit exceeded,2026-06-01T22:15:00+00:00,17
cart-service,T015,Cache warm-up slower than expected startup_ms=<NUM>,2026-06-01T22:15:00+00:00,2
cart-service,T016,Upstream connection refused host=product-service,2026-06-01T22:15:00+00:00,12
cart-service,T038,Health check response time elevated endpoint=/health latency=121ms,2026-06-01T22:15:00+00:00,1
cart-service,T044,Health check response time elevated endpoint=/health latency=192ms,2026-06-01T22:15:00+00:00,1
cart-service,T102,Health check response time elevated endpoint=/health latency=177ms,2026-06-01T22:15:00+00:00,1
cart-service,T1210,Slow response detected endpoint=/api/cart latency=1113ms,2026-06-01T22:15:00+00:00,1
cart-service,T1228,Slow response detected endpoint=/api/cart latency=802ms,2026-06-01T22:15:00+00:00,1
cart-service,T211,Slow response detected endpoint=/api/cart latency=638ms,2026-06-01T22:15:00+00:00,1
cart-service,T289,Slow response detected endpoint=/api/cart latency=2834ms,2026-06-01T22:15:00+00:00,1
cart-service,T301,Slow response detected endpoint=/api/cart latency=2712ms,2026-06-01T22:15:00+00:00,1
cart-service,T383,Slow response detected endpoint=/api/cart latency=2304ms,2026-06-01T22:15:00+00:00,1
cart-service,T465,Slow response detected endpoint=/api/cart latency=1849ms,2026-06-01T22:15:00+00:00,1
cart-service,T617,Slow response detected endpoint=/api/cart latency=1960ms,2026-06-01T22:15:00+00:00,1
cart-service,T664,Slow response detected endpoint=/api/cart latency=2068ms,2026-06-01T22:15:00+00:00,1
cart-service,T673,Slow response detected endpoint=/api/cart latency=2144ms,2026-06-01T22:15:00+00:00,1
cart-service,T755,Slow response detected endpoint=/api/cart latency=2255ms,2026-06-01T22:15:00+00:00,1
cart-service,T860,Slow response detected endpoint=/api/cart latency=2488ms,2026-06-01T22:15:00+00:00,1
order-service,T006,Order created orderId=ORD-<NUM> userId=<NUM>,2026-06-01T22:15:00+00:00,6
order-service,T010,Health check passed,2026-06-01T22:15:00+00:00,11
order-service,T012,Cart service timeout after <NUM>ms,2026-06-01T22:15:00+00:00,16
order-service,T017,Cart service returned 5xx status=<NUM>,2026-06-01T22:15:00+00:00,9
cart-service,T001,Health check passed,2026-06-01T22:20:00+00:00,3
cart-service,T002,Item added to cart for userId=<NUM>,2026-06-01T22:20:00+00:00,8
cart-service,T003,DB query executed table=cart rows=<NUM>,2026-06-01T22:20:00+00:00,5
cart-service,T004,ProductCatalogCache eviction failed: heap pressure too high,2026-06-01T22:20:00+00:00,25
cart-service,T007,GC overhead limit warning: pause=<NUM>ms heap=<NUM>%,2026-06-01T22:20:00+00:00,18
cart-service,T008,Checkout completed orderId=ORD-<NUM>,2026-06-01T22:20:00+00:00,5
cart-service,T009,ProductCatalogCache loaded <NUM> entries,2026-06-01T22:20:00+00:00,2
cart-service,T011,Connection pool nearing limit pool=db connections=<NUM>/<NUM>,2026-06-01T22:20:00+00:00,6
cart-service,T013,OutOfMemoryError imminent: available heap < <NUM>%,2026-06-01T22:20:00+00:00,14
cart-service,T014,Container OOMKilled: memory limit exceeded,2026-06-01T22:20:00+00:00,13
cart-service,T015,Cache warm-up slower than expected startup_ms=<NUM>,2026-06-01T22:20:00+00:00,1
cart-service,T016,Upstream connection refused host=product-service,2026-06-01T22:20:00+00:00,6
cart-service,T101,Slow response detected endpoint=/api/cart latency=858ms,2026-06-01T22:20:00+00:00,1
cart-service,T118,Health check response time elevated endpoint=/health latency=245ms,2026-06-01T22:20:00+00:00,1
cart-service,T120,Health check response time elevated endpoint=/health latency=200ms,2026-06-01T22:20:00+00:00,1
cart-service,T285,Slow response detected endpoint=/api/cart latency=2796ms,2026-06-01T22:20:00+00:00,1
cart-service,T348,Slow response detected endpoint=/api/cart latency=2433ms,2026-06-01T22:20:00+00:00,1
cart-service,T354,Slow response detected endpoint=/api/cart latency=1441ms,2026-06-01T22:20:00+00:00,1
cart-service,T355,Slow response detected endpoint=/api/cart latency=2285ms,2026-06-01T22:20:00+00:00,1
cart-service,T372,Slow response detected endpoint=/api/cart latency=1513ms,2026-06-01T22:20:00+00:00,1
cart-service,T416,Slow response detected endpoint=/api/cart latency=2052ms,2026-06-01T22:20:00+00:00,1
cart-service,T464,Slow response detected endpoint=/api/cart latency=781ms,2026-06-01T22:20:00+00:00,1
cart-service,T469,Slow response detected endpoint=/api/cart latency=975ms,2026-06-01T22:20:00+00:00,1
cart-service,T712,Slow response detected endpoint=/api/cart latency=2168ms,2026-06-01T22:20:00+00:00,1
cart-service,T929,Slow response detected endpoint=/api/cart latency=1351ms,2026-06-01T22:20:00+00:00,1
order-service,T005,Cart service call succeeded,2026-06-01T22:20:00+00:00,6
order-service,T006,Order created orderId=ORD-<NUM> userId=<NUM>,2026-06-01T22:20:00+00:00,10
order-service,T010,Health check passed,2026-06-01T22:20:00+00:00,7
order-service,T012,Cart service timeout after <NUM>ms,2026-06-01T22:20:00+00:00,11
order-service,T017,Cart service returned 5xx status=<NUM>,2026-06-01T22:20:00+00:00,12
cart-service,T001,Health check passed,2026-06-01T22:25:00+00:00,10
cart-service,T002,Item added to cart for userId=<NUM>,2026-06-01T22:25:00+00:00,8
cart-service,T003,DB query executed table=cart rows=<NUM>,2026-06-01T22:25:00+00:00,4
cart-service,T004,ProductCatalogCache eviction failed: heap pressure too high,2026-06-01T22:25:00+00:00,19
cart-service,T007,GC overhead limit warning: pause=<NUM>ms heap=<NUM>%,2026-06-01T22:25:00+00:00,17
cart-service,T008,Checkout completed orderId=ORD-<NUM>,2026-06-01T22:25:00+00:00,5
cart-service,T009,ProductCatalogCache loaded <NUM> entries,2026-06-01T22:25:00+00:00,3
cart-service,T011,Connection pool nearing limit pool=db connections=<NUM>/<NUM>,2026-06-01T22:25:00+00:00,7
cart-service,T013,OutOfMemoryError imminent: available heap < <NUM>%,2026-06-01T22:25:00+00:00,23
cart-service,T014,Container OOMKilled: memory limit exceeded,2026-06-01T22:25:00+00:00,17
cart-service,T015,Cache warm-up slower than expected startup_ms=<NUM>,2026-06-01T22:25:00+00:00,4
cart-service,T016,Upstream connection refused host=product-service,2026-06-01T22:25:00+00:00,10
cart-service,T026,Health check response time elevated endpoint=/health latency=171ms,2026-06-01T22:25:00+00:00,1
cart-service,T091,Slow response detected endpoint=/api/cart latency=2864ms,2026-06-01T22:25:00+00:00,1
cart-service,T095,Health check response time elevated endpoint=/health latency=189ms,2026-06-01T22:25:00+00:00,1
cart-service,T1070,Slow response detected endpoint=/api/cart latency=1228ms,2026-06-01T22:25:00+00:00,1
cart-service,T130,Slow response detected endpoint=/api/cart latency=2969ms,2026-06-01T22:25:00+00:00,1
cart-service,T138,Slow response detected endpoint=/api/cart latency=1206ms,2026-06-01T22:25:00+00:00,1
cart-service,T204,Slow response detected endpoint=/api/cart latency=764ms,2026-06-01T22:25:00+00:00,1
cart-service,T240,Slow response detected endpoint=/api/cart latency=509ms,2026-06-01T22:25:00+00:00,1
cart-service,T254,Slow response detected endpoint=/api/cart latency=1256ms,2026-06-01T22:25:00+00:00,1
cart-service,T286,Slow response detected endpoint=/api/cart latency=2785ms,2026-06-01T22:25:00+00:00,1
cart-service,T314,Slow response detected endpoint=/api/cart latency=2567ms,2026-06-01T22:25:00+00:00,1
cart-service,T339,Slow response detected endpoint=/api/cart latency=2387ms,2026-06-01T22:25:00+00:00,1
cart-service,T401,Slow response detected endpoint=/api/cart latency=2194ms,2026-06-01T22:25:00+00:00,1
cart-service,T437,Health check response time elevated endpoint=/health latency=234ms,2026-06-01T22:25:00+00:00,1
cart-service,T698,Slow response detected endpoint=/api/cart latency=2127ms,2026-06-01T22:25:00+00:00,1
cart-service,T901,Slow response detected endpoint=/api/cart latency=2579ms,2026-06-01T22:25:00+00:00,1
cart-service,T942,Slow response detected endpoint=/api/cart latency=2661ms,2026-06-01T22:25:00+00:00,1
order-service,T005,Cart service call succeeded,2026-06-01T22:25:00+00:00,4
order-service,T006,Order created orderId=ORD-<NUM> userId=<NUM>,2026-06-01T22:25:00+00:00,5
order-service,T010,Health check passed,2026-06-01T22:25:00+00:00,3
order-service,T012,Cart service timeout after <NUM>ms,2026-06-01T22:25:00+00:00,22
order-service,T017,Cart service returned 5xx status=<NUM>,2026-06-01T22:25:00+00:00,12
cart-service,T001,Health check passed,2026-06-01T22:30:00+00:00,4
cart-service,T002,Item added to cart for userId=<NUM>,2026-06-01T22:30:00+00:00,9
cart-service,T003,DB query executed table=cart rows=<NUM>,2026-06-01T22:30:00+00:00,7
cart-service,T004,ProductCatalogCache eviction failed: heap pressure too high,2026-06-01T22:30:00+00:00,30
cart-service,T007,GC overhead limit warning: pause=<NUM>ms heap=<NUM>%,2026-06-01T22:30:00+00:00,15
cart-service,T008,Checkout completed orderId=ORD-<NUM>,2026-06-01T22:30:00+00:00,5
cart-service,T009,ProductCatalogCache loaded <NUM> entries,2026-06-01T22:30:00+00:00,7
cart-service,T011,Connection pool nearing limit pool=db connections=<NUM>/<NUM>,2026-06-01T22:30:00+00:00,3
cart-service,T013,OutOfMemoryError imminent: available heap < <NUM>%,2026-06-01T22:30:00+00:00,26
cart-service,T014,Container OOMKilled: memory limit exceeded,2026-06-01T22:30:00+00:00,21
cart-service,T015,Cache warm-up slower than expected startup_ms=<NUM>,2026-06-01T22:30:00+00:00,3
cart-service,T016,Upstream connection refused host=product-service,2026-06-01T22:30:00+00:00,7
cart-service,T023,Health check response time elevated endpoint=/health latency=226ms,2026-06-01T22:30:00+00:00,1
cart-service,T034,Health check response time elevated endpoint=/health latency=211ms,2026-06-01T22:30:00+00:00,1
cart-service,T1189,Slow response detected endpoint=/api/cart latency=1152ms,2026-06-01T22:30:00+00:00,1
cart-service,T127,Health check response time elevated endpoint=/health latency=233ms,2026-06-01T22:30:00+00:00,1
cart-service,T1272,Slow response detected endpoint=/api/cart latency=1059ms,2026-06-01T22:30:00+00:00,1
cart-service,T131,Slow response detected endpoint=/api/cart latency=686ms,2026-06-01T22:30:00+00:00,1
cart-service,T182,Slow response detected endpoint=/api/cart latency=1861ms,2026-06-01T22:30:00+00:00,1
cart-service,T191,Slow response detected endpoint=/api/cart latency=815ms,2026-06-01T22:30:00+00:00,1
cart-service,T207,Slow response detected endpoint=/api/cart latency=797ms,2026-06-01T22:30:00+00:00,1
cart-service,T216,Slow response detected endpoint=/api/cart latency=1112ms,2026-06-01T22:30:00+00:00,2
cart-service,T250,Slow response detected endpoint=/api/cart latency=1173ms,2026-06-01T22:30:00+00:00,1
cart-service,T316,Slow response detected endpoint=/api/cart latency=2616ms,2026-06-01T22:30:00+00:00,1
cart-service,T334,Slow response detected endpoint=/api/cart latency=2549ms,2026-06-01T22:30:00+00:00,1
cart-service,T349,Slow response detected endpoint=/api/cart latency=1676ms,2026-06-01T22:30:00+00:00,1
cart-service,T452,Slow response detected endpoint=/api/cart latency=908ms,2026-06-01T22:30:00+00:00,1
cart-service,T729,Slow response detected endpoint=/api/cart latency=2197ms,2026-06-01T22:30:00+00:00,1
order-service,T005,Cart service call succeeded,2026-06-01T22:30:00+00:00,1
order-service,T006,Order created orderId=ORD-<NUM> userId=<NUM>,2026-06-01T22:30:00+00:00,10
order-service,T010,Health check passed,2026-06-01T22:30:00+00:00,8
order-service,T012,Cart service timeout after <NUM>ms,2026-06-01T22:30:00+00:00,9
order-service,T017,Cart service returned 5xx status=<NUM>,2026-06-01T22:30:00+00:00,11
cart-service,T001,Health check passed,2026-06-01T22:35:00+00:00,8
cart-service,T002,Item added to cart for userId=<NUM>,2026-06-01T22:35:00+00:00,5
cart-service,T003,DB query executed table=cart rows=<NUM>,2026-06-01T22:35:00+00:00,6
cart-service,T004,ProductCatalogCache eviction failed: heap pressure too high,2026-06-01T22:35:00+00:00,27
cart-service,T007,GC overhead limit warning: pause=<NUM>ms heap=<NUM>%,2026-06-01T22:35:00+00:00,16
cart-service,T008,Checkout completed orderId=ORD-<NUM>,2026-06-01T22:35:00+00:00,1
cart-service,T009,ProductCatalogCache loaded <NUM> entries,2026-06-01T22:35:00+00:00,3
cart-service,T011,Connection pool nearing limit pool=db connections=<NUM>/<NUM>,2026-06-01T22:35:00+00:00,3
cart-service,T013,OutOfMemoryError imminent: available heap < <NUM>%,2026-06-01T22:35:00+00:00,21
cart-service,T014,Container OOMKilled: memory limit exceeded,2026-06-01T22:35:00+00:00,9
cart-service,T015,Cache warm-up slower than expected startup_ms=<NUM>,2026-06-01T22:35:00+00:00,1
cart-service,T016,Upstream connection refused host=product-service,2026-06-01T22:35:00+00:00,9
cart-service,T075,Health check response time elevated endpoint=/health latency=137ms,2026-06-01T22:35:00+00:00,1
cart-service,T094,Health check response time elevated endpoint=/health latency=193ms,2026-06-01T22:35:00+00:00,1
cart-service,T1063,Slow response detected endpoint=/api/cart latency=2903ms,2026-06-01T22:35:00+00:00,1
cart-service,T1071,Slow response detected endpoint=/api/cart latency=1229ms,2026-06-01T22:35:00+00:00,1
cart-service,T146,Slow response detected endpoint=/api/cart latency=837ms,2026-06-01T22:35:00+00:00,1
cart-service,T365,Slow response detected endpoint=/api/cart latency=2412ms,2026-06-01T22:35:00+00:00,1
cart-service,T376,Slow response detected endpoint=/api/cart latency=2235ms,2026-06-01T22:35:00+00:00,1
cart-service,T392,Slow response detected endpoint=/api/cart latency=1550ms,2026-06-01T22:35:00+00:00,1
cart-service,T485,Slow response detected endpoint=/api/cart latency=935ms,2026-06-01T22:35:00+00:00,1
cart-service,T511,Slow response detected endpoint=/api/cart latency=1651ms,2026-06-01T22:35:00+00:00,1
cart-service,T771,Slow response detected endpoint=/api/cart latency=2345ms,2026-06-01T22:35:00+00:00,1
cart-service,T977,Slow response detected endpoint=/api/cart latency=1329ms,2026-06-01T22:35:00+00:00,1
order-service,T006,Order created orderId=ORD-<NUM> userId=<NUM>,2026-06-01T22:35:00+00:00,7
order-service,T010,Health check passed,2026-06-01T22:35:00+00:00,6
order-service,T012,Cart service timeout after <NUM>ms,2026-06-01T22:35:00+00:00,23
order-service,T017,Cart service returned 5xx status=<NUM>,2026-06-01T22:35:00+00:00,16
cart-service,T001,Health check passed,2026-06-01T22:40:00+00:00,3
cart-service,T002,Item added to cart for userId=<NUM>,2026-06-01T22:40:00+00:00,4
cart-service,T003,DB query executed table=cart rows=<NUM>,2026-06-01T22:40:00+00:00,4
cart-service,T004,ProductCatalogCache eviction failed: heap pressure too high,2026-06-01T22:40:00+00:00,24
cart-service,T007,GC overhead limit warning: pause=<NUM>ms heap=<NUM>%,2026-06-01T22:40:00+00:00,24
cart-service,T009,ProductCatalogCache loaded <NUM> entries,2026-06-01T22:40:00+00:00,3
cart-service,T011,Connection pool nearing limit pool=db connections=<NUM>/<NUM>,2026-06-01T22:40:00+00:00,8
cart-service,T013,OutOfMemoryError imminent: available heap < <NUM>%,2026-06-01T22:40:00+00:00,18
cart-service,T014,Container OOMKilled: memory limit exceeded,2026-06-01T22:40:00+00:00,17
cart-service,T015,Cache warm-up slower than expected startup_ms=<NUM>,2026-06-01T22:40:00+00:00,1
cart-service,T016,Upstream connection refused host=product-service,2026-06-01T22:40:00+00:00,7
cart-service,T020,Health check response time elevated endpoint=/health latency=209ms,2026-06-01T22:40:00+00:00,1
cart-service,T026,Health check response time elevated endpoint=/health latency=171ms,2026-06-01T22:40:00+00:00,1
cart-service,T057,Health check response time elevated endpoint=/health latency=237ms,2026-06-01T22:40:00+00:00,2
cart-service,T095,Health check response time elevated endpoint=/health latency=189ms,2026-06-01T22:40:00+00:00,1
cart-service,T1112,Slow response detected endpoint=/api/cart latency=2994ms,2026-06-01T22:40:00+00:00,1
cart-service,T1188,Slow response detected endpoint=/api/cart latency=1150ms,2026-06-01T22:40:00+00:00,1
cart-service,T1215,Slow response detected endpoint=/api/cart latency=713ms,2026-06-01T22:40:00+00:00,1
cart-service,T209,Slow response detected endpoint=/api/cart latency=644ms,2026-06-01T22:40:00+00:00,1
cart-service,T242,Slow response detected endpoint=/api/cart latency=1191ms,2026-06-01T22:40:00+00:00,1
cart-service,T275,Slow response detected endpoint=/api/cart latency=2938ms,2026-06-01T22:40:00+00:00,1
cart-service,T279,Slow response detected endpoint=/api/cart latency=2771ms,2026-06-01T22:40:00+00:00,1
cart-service,T314,Slow response detected endpoint=/api/cart latency=2567ms,2026-06-01T22:40:00+00:00,1
cart-service,T393,Slow response detected endpoint=/api/cart latency=1545ms,2026-06-01T22:40:00+00:00,1
cart-service,T796,Slow response detected endpoint=/api/cart latency=2415ms,2026-06-01T22:40:00+00:00,1
cart-service,T823,Slow response detected endpoint=/api/cart latency=2389ms,2026-06-01T22:40:00+00:00,1
cart-service,T842,Slow response detected endpoint=/api/cart latency=1447ms,2026-06-01T22:40:00+00:00,1
cart-service,T983,Slow response detected endpoint=/api/cart latency=2733ms,2026-06-01T22:40:00+00:00,1
order-service,T005,Cart service call succeeded,2026-06-01T22:40:00+00:00,3
order-service,T006,Order created orderId=ORD-<NUM> userId=<NUM>,2026-06-01T22:40:00+00:00,12
order-service,T010,Health check passed,2026-06-01T22:40:00+00:00,6
order-service,T012,Cart service timeout after <NUM>ms,2026-06-01T22:40:00+00:00,14
order-service,T017,Cart service returned 5xx status=<NUM>,2026-06-01T22:40:00+00:00,13
cart-service,T001,Health check passed,2026-06-01T22:45:00+00:00,5
cart-service,T002,Item added to cart for userId=<NUM>,2026-06-01T22:45:00+00:00,9
cart-service,T003,DB query executed table=cart rows=<NUM>,2026-06-01T22:45:00+00:00,7
cart-service,T004,ProductCatalogCache eviction failed: heap pressure too high,2026-06-01T22:45:00+00:00,19
cart-service,T007,GC overhead limit warning: pause=<NUM>ms heap=<NUM>%,2026-06-01T22:45:00+00:00,12
cart-service,T008,Checkout completed orderId=ORD-<NUM>,2026-06-01T22:45:00+00:00,1
cart-service,T009,ProductCatalogCache loaded <NUM> entries,2026-06-01T22:45:00+00:00,7
cart-service,T011,Connection pool nearing limit pool=db connections=<NUM>/<NUM>,2026-06-01T22:45:00+00:00,6
cart-service,T013,OutOfMemoryError imminent: available heap < <NUM>%,2026-06-01T22:45:00+00:00,24
cart-service,T014,Container OOMKilled: memory limit exceeded,2026-06-01T22:45:00+00:00,30
cart-service,T015,Cache warm-up slower than expected startup_ms=<NUM>,2026-06-01T22:45:00+00:00,3
cart-service,T016,Upstream connection refused host=product-service,2026-06-01T22:45:00+00:00,6
cart-service,T069,Health check response time elevated endpoint=/health latency=146ms,2026-06-01T22:45:00+00:00,1
cart-service,T105,Slow response detected endpoint=/api/cart latency=1514ms,2026-06-01T22:45:00+00:00,1
cart-service,T1069,Slow response detected endpoint=/api/cart latency=1225ms,2026-06-01T22:45:00+00:00,1
cart-service,T1105,Slow response detected endpoint=/api/cart latency=539ms,2026-06-01T22:45:00+00:00,1
cart-service,T1167,Slow response detected endpoint=/api/cart latency=606ms,2026-06-01T22:45:00+00:00,1
cart-service,T130,Slow response detected endpoint=/api/cart latency=2969ms,2026-06-01T22:45:00+00:00,1
cart-service,T143,Slow response detected endpoint=/api/cart latency=662ms,2026-06-01T22:45:00+00:00,1
cart-service,T168,Slow response detected endpoint=/api/cart latency=1833ms,2026-06-01T22:45:00+00:00,1
cart-service,T227,Slow response detected endpoint=/api/cart latency=601ms,2026-06-01T22:45:00+00:00,1
cart-service,T233,Slow response detected endpoint=/api/cart latency=635ms,2026-06-01T22:45:00+00:00,1
cart-service,T243,Slow response detected endpoint=/api/cart latency=567ms,2026-06-01T22:45:00+00:00,1
cart-service,T250,Slow response detected endpoint=/api/cart latency=1173ms,2026-06-01T22:45:00+00:00,1
cart-service,T299,Slow response detected endpoint=/api/cart latency=2659ms,2026-06-01T22:45:00+00:00,1
cart-service,T317,Slow response detected endpoint=/api/cart latency=2615ms,2026-06-01T22:45:00+00:00,1
cart-service,T346,Slow response detected endpoint=/api/cart latency=2438ms,2026-06-01T22:45:00+00:00,1
cart-service,T353,Slow response detected endpoint=/api/cart latency=1664ms,2026-06-01T22:45:00+00:00,1
cart-service,T420,Slow response detected endpoint=/api/cart latency=1730ms,2026-06-01T22:45:00+00:00,1
cart-service,T605,Slow response detected endpoint=/api/cart latency=1993ms,2026-06-01T22:45:00+00:00,1
cart-service,T804,Slow response detected endpoint=/api/cart latency=2368ms,2026-06-01T22:45:00+00:00,1
cart-service,T973,Slow response detected endpoint=/api/cart latency=1318ms,2026-06-01T22:45:00+00:00,1
order-service,T005,Cart service call succeeded,2026-06-01T22:45:00+00:00,2
order-service,T006,Order created orderId=ORD-<NUM> userId=<NUM>,2026-06-01T22:45:00+00:00,5
order-service,T010,Health check passed,2026-06-01T22:45:00+00:00,10
order-service,T012,Cart service timeout after <NUM>ms,2026-06-01T22:45:00+00:00,22
order-service,T017,Cart service returned 5xx status=<NUM>,2026-06-01T22:45:00+00:00,9
cart-service,T001,Health check passed,2026-06-01T22:50:00+00:00,2
cart-service,T002,Item added to cart for userId=<NUM>,2026-06-01T22:50:00+00:00,2
cart-service,T003,DB query executed table=cart rows=<NUM>,2026-06-01T22:50:00+00:00,2
cart-service,T004,ProductCatalogCache eviction failed: heap pressure too high,2026-06-01T22:50:00+00:00,13
cart-service,T007,GC overhead limit warning: pause=<NUM>ms heap=<NUM>%,2026-06-01T22:50:00+00:00,11
cart-service,T008,Checkout completed orderId=ORD-<NUM>,2026-06-01T22:50:00+00:00,3
cart-service,T009,ProductCatalogCache loaded <NUM> entries,2026-06-01T22:50:00+00:00,3
cart-service,T011,Connection pool nearing limit pool=db connections=<NUM>/<NUM>,2026-06-01T22:50:00+00:00,3
cart-service,T013,OutOfMemoryError imminent: available heap < <NUM>%,2026-06-01T22:50:00+00:00,19
cart-service,T014,Container OOMKilled: memory limit exceeded,2026-06-01T22:50:00+00:00,16
cart-service,T015,Cache warm-up slower than expected startup_ms=<NUM>,2026-06-01T22:50:00+00:00,4
cart-service,T016,Upstream connection refused host=product-service,2026-06-01T22:50:00+00:00,22
cart-service,T018,Application starting up version=<NUM>.<NUM>.<NUM>,2026-06-01T22:50:00+00:00,15
cart-service,T043,Health check response time elevated endpoint=/health latency=190ms,2026-06-01T22:50:00+00:00,1
cart-service,T083,Health check response time elevated endpoint=/health latency=125ms,2026-06-01T22:50:00+00:00,1
cart-service,T096,Health check response time elevated endpoint=/health latency=142ms,2026-06-01T22:50:00+00:00,1
cart-service,T1003,Slow response detected endpoint=/api/cart latency=2840ms,2026-06-01T22:50:00+00:00,1
cart-service,T1044,Slow response detected endpoint=/api/cart latency=2884ms,2026-06-01T22:50:00+00:00,1
cart-service,T232,Slow response detected endpoint=/api/cart latency=573ms,2026-06-01T22:50:00+00:00,1
cart-service,T244,Slow response detected endpoint=/api/cart latency=564ms,2026-06-01T22:50:00+00:00,1
cart-service,T647,Slow response detected endpoint=/api/cart latency=2040ms,2026-06-01T22:50:00+00:00,1
cart-service,T722,Slow response detected endpoint=/api/cart latency=2178ms,2026-06-01T22:50:00+00:00,1
cart-service,T742,Slow response detected endpoint=/api/cart latency=1494ms,2026-06-01T22:50:00+00:00,1
cart-service,T949,Slow response detected endpoint=/api/cart latency=2673ms,2026-06-01T22:50:00+00:00,1
cart-service,T982,Slow response detected endpoint=/api/cart latency=2728ms,2026-06-01T22:50:00+00:00,1
order-service,T005,Cart service call succeeded,2026-06-01T22:50:00+00:00,2
order-service,T006,Order created orderId=ORD-<NUM> userId=<NUM>,2026-06-01T22:50:00+00:00,10
order-service,T010,Health check passed,2026-06-01T22:50:00+00:00,8
order-service,T012,Cart service timeout after <NUM>ms,2026-06-01T22:50:00+00:00,25
order-service,T017,Cart service returned 5xx status=<NUM>,2026-06-01T22:50:00+00:00,4
cart-service,T001,Health check passed,2026-06-01T22:55:00+00:00,12
cart-service,T002,Item added to cart for userId=<NUM>,2026-06-01T22:55:00+00:00,9
cart-service,T003,DB query executed table=cart rows=<NUM>,2026-06-01T22:55:00+00:00,3
cart-service,T004,ProductCatalogCache eviction failed: heap pressure too high,2026-06-01T22:55:00+00:00,24
cart-service,T007,GC overhead limit warning: pause=<NUM>ms heap=<NUM>%,2026-06-01T22:55:00+00:00,18
cart-service,T008,Checkout completed orderId=ORD-<NUM>,2026-06-01T22:55:00+00:00,4
cart-service,T009,ProductCatalogCache loaded <NUM> entries,2026-06-01T22:55:00+00:00,4
cart-service,T011,Connection pool nearing limit pool=db connections=<NUM>/<NUM>,2026-06-01T22:55:00+00:00,4
cart-service,T013,OutOfMemoryError imminent: available heap < <NUM>%,2026-06-01T22:55:00+00:00,22
cart-service,T014,Container OOMKilled: memory limit exceeded,2026-06-01T22:55:00+00:00,14
cart-service,T015,Cache warm-up slower than expected startup_ms=<NUM>,2026-06-01T22:55:00+00:00,3
cart-service,T016,Upstream connection refused host=product-service,2026-06-01T22:55:00+00:00,17
cart-service,T019,Health check response time elevated endpoint=/health latency=231ms,2026-06-01T22:55:00+00:00,1
cart-service,T026,Health check response time elevated endpoint=/health latency=171ms,2026-06-01T22:55:00+00:00,1
cart-service,T045,Health check response time elevated endpoint=/health latency=148ms,2026-06-01T22:55:00+00:00,1
cart-service,T062,Health check response time elevated endpoint=/health latency=167ms,2026-06-01T22:55:00+00:00,1
cart-service,T078,Health check response time elevated endpoint=/health latency=197ms,2026-06-01T22:55:00+00:00,1
cart-service,T083,Health check response time elevated endpoint=/health latency=125ms,2026-06-01T22:55:00+00:00,1
cart-service,T114,Health check response time elevated endpoint=/health latency=136ms,2026-06-01T22:55:00+00:00,1
cart-service,T1155,Slow response detected endpoint=/api/cart latency=604ms,2026-06-01T22:55:00+00:00,1
cart-service,T118,Health check response time elevated endpoint=/health latency=245ms,2026-06-01T22:55:00+00:00,1
cart-service,T1195,Slow response detected endpoint=/api/cart latency=1097ms,2026-06-01T22:55:00+00:00,1
cart-service,T139,Slow response detected endpoint=/api/cart latency=1272ms,2026-06-01T22:55:00+00:00,1
cart-service,T184,Slow response detected endpoint=/api/cart latency=1068ms,2026-06-01T22:55:00+00:00,1
cart-service,T245,Slow response detected endpoint=/api/cart latency=562ms,2026-06-01T22:55:00+00:00,1
cart-service,T266,Slow response detected endpoint=/api/cart latency=2862ms,2026-06-01T22:55:00+00:00,1
cart-service,T351,Slow response detected endpoint=/api/cart latency=2416ms,2026-06-01T22:55:00+00:00,1
cart-service,T390,Slow response detected endpoint=/api/cart latency=1554ms,2026-06-01T22:55:00+00:00,1
cart-service,T405,Slow response detected endpoint=/api/cart latency=1991ms,2026-06-01T22:55:00+00:00,1
cart-service,T411,Slow response detected endpoint=/api/cart latency=2026ms,2026-06-01T22:55:00+00:00,1
cart-service,T435,Slow response detected endpoint=/api/cart latency=993ms,2026-06-01T22:55:00+00:00,1
cart-service,T615,Slow response detected endpoint=/api/cart latency=1952ms,2026-06-01T22:55:00+00:00,1
cart-service,T873,Slow response detected endpoint=/api/cart latency=1418ms,2026-06-01T22:55:00+00:00,1
cart-service,T999,Slow response detected endpoint=/api/cart latency=1298ms,2026-06-01T22:55:00+00:00,1
order-service,T005,Cart service call succeeded,2026-06-01T22:55:00+00:00,1
order-service,T006,Order created orderId=ORD-<NUM> userId=<NUM>,2026-06-01T22:55:00+00:00,3
order-service,T010,Health check passed,2026-06-01T22:55:00+00:00,7
order-service,T012,Cart service timeout after <NUM>ms,2026-06-01T22:55:00+00:00,24
order-service,T017,Cart service returned 5xx status=<NUM>,2026-06-01T22:55:00+00:00,9
cart-service,T001,Health check passed,2026-06-01T23:00:00+00:00,6
cart-service,T002,Item added to cart for userId=<NUM>,2026-06-01T23:00:00+00:00,10
cart-service,T003,DB query executed table=cart rows=<NUM>,2026-06-01T23:00:00+00:00,5
cart-service,T004,ProductCatalogCache eviction failed: heap pressure too high,2026-06-01T23:00:00+00:00,25
cart-service,T007,GC overhead limit warning: pause=<NUM>ms heap=<NUM>%,2026-06-01T23:00:00+00:00,24
cart-service,T008,Checkout completed orderId=ORD-<NUM>,2026-06-01T23:00:00+00:00,2
cart-service,T009,ProductCatalogCache loaded <NUM> entries,2026-06-01T23:00:00+00:00,2
cart-service,T011,Connection pool nearing limit pool=db connections=<NUM>/<NUM>,2026-06-01T23:00:00+00:00,7
cart-service,T013,OutOfMemoryError imminent: available heap < <NUM>%,2026-06-01T23:00:00+00:00,21
cart-service,T014,Container OOMKilled: memory limit exceeded,2026-06-01T23:00:00+00:00,12
cart-service,T015,Cache warm-up slower than expected startup_ms=<NUM>,2026-06-01T23:00:00+00:00,2
cart-service,T016,Upstream connection refused host=product-service,2026-06-01T23:00:00+00:00,8
cart-service,T025,Health check response time elevated endpoint=/health latency=225ms,2026-06-01T23:00:00+00:00,1
cart-service,T032,Health check response time elevated endpoint=/health latency=174ms,2026-06-01T23:00:00+00:00,1
cart-service,T112,Slow response detected endpoint=/api/cart latency=2497ms,2026-06-01T23:00:00+00:00,1
cart-service,T132,Slow response detected endpoint=/api/cart latency=956ms,2026-06-01T23:00:00+00:00,1
cart-service,T167,Slow response detected endpoint=/api/cart latency=1837ms,2026-06-01T23:00:00+00:00,1
cart-service,T321,Slow response detected endpoint=/api/cart latency=2640ms,2026-06-01T23:00:00+00:00,1
cart-service,T414,Slow response detected endpoint=/api/cart latency=2058ms,2026-06-01T23:00:00+00:00,1
cart-service,T681,Slow response detected endpoint=/api/cart latency=2097ms,2026-06-01T23:00:00+00:00,1
cart-service,T871,Slow response detected endpoint=/api/cart latency=1415ms,2026-06-01T23:00:00+00:00,1
cart-service,T889,Slow response detected endpoint=/api/cart latency=2547ms,2026-06-01T23:00:00+00:00,1
order-service,T005,Cart service call succeeded,2026-06-01T23:00:00+00:00,2
order-service,T006,Order created orderId=ORD-<NUM> userId=<NUM>,2026-06-01T23:00:00+00:00,10
order-service,T010,Health check passed,2026-06-01T23:00:00+00:00,5
order-service,T012,Cart service timeout after <NUM>ms,2026-06-01T23:00:00+00:00,20
order-service,T017,Cart service returned 5xx status=<NUM>,2026-06-01T23:00:00+00:00,7
cart-service,T001,Health check passed,2026-06-01T23:05:00+00:00,2
cart-service,T002,Item added to cart for userId=<NUM>,2026-06-01T23:05:00+00:00,3
cart-service,T003,DB query executed table=cart rows=<NUM>,2026-06-01T23:05:00+00:00,8
cart-service,T004,ProductCatalogCache eviction failed: heap pressure too high,2026-06-01T23:05:00+00:00,29
cart-service,T007,GC overhead limit warning: pause=<NUM>ms heap=<NUM>%,2026-06-01T23:05:00+00:00,17
cart-service,T008,Checkout completed orderId=ORD-<NUM>,2026-06-01T23:05:00+00:00,2
cart-service,T009,ProductCatalogCache loaded <NUM> entries,2026-06-01T23:05:00+00:00,5
cart-service,T011,Connection pool nearing limit pool=db connections=<NUM>/<NUM>,2026-06-01T23:05:00+00:00,7
cart-service,T013,OutOfMemoryError imminent: available heap < <NUM>%,2026-06-01T23:05:00+00:00,16
cart-service,T014,Container OOMKilled: memory limit exceeded,2026-06-01T23:05:00+00:00,26
cart-service,T015,Cache warm-up slower than expected startup_ms=<NUM>,2026-06-01T23:05:00+00:00,3
cart-service,T016,Upstream connection refused host=product-service,2026-06-01T23:05:00+00:00,13
cart-service,T032,Health check response time elevated endpoint=/health latency=174ms,2026-06-01T23:05:00+00:00,1
cart-service,T071,Health check response time elevated endpoint=/health latency=220ms,2026-06-01T23:05:00+00:00,1
cart-service,T1009,Slow response detected endpoint=/api/cart latency=2780ms,2026-06-01T23:05:00+00:00,1
cart-service,T1053,Slow response detected endpoint=/api/cart latency=2948ms,2026-06-01T23:05:00+00:00,1
cart-service,T1219,Slow response detected endpoint=/api/cart latency=721ms,2026-06-01T23:05:00+00:00,1
cart-service,T1266,Slow response detected endpoint=/api/cart latency=828ms,2026-06-01T23:05:00+00:00,1
cart-service,T1269,Slow response detected endpoint=/api/cart latency=843ms,2026-06-01T23:05:00+00:00,1
cart-service,T174,Health check response time elevated endpoint=/health latency=130ms,2026-06-01T23:05:00+00:00,1
cart-service,T194,Slow response detected endpoint=/api/cart latency=1044ms,2026-06-01T23:05:00+00:00,1
cart-service,T262,Slow response detected endpoint=/api/cart latency=2988ms,2026-06-01T23:05:00+00:00,1
cart-service,T263,Slow response detected endpoint=/api/cart latency=1282ms,2026-06-01T23:05:00+00:00,1
cart-service,T315,Slow response detected endpoint=/api/cart latency=2619ms,2026-06-01T23:05:00+00:00,1
cart-service,T434,Slow response detected endpoint=/api/cart latency=1944ms,2026-06-01T23:05:00+00:00,1
cart-service,T575,Slow response detected endpoint=/api/cart latency=1888ms,2026-06-01T23:05:00+00:00,1
cart-service,T759,Slow response detected endpoint=/api/cart latency=2264ms,2026-06-01T23:05:00+00:00,1
cart-service,T789,Slow response detected endpoint=/api/cart latency=1492ms,2026-06-01T23:05:00+00:00,1
cart-service,T945,Slow response detected endpoint=/api/cart latency=2666ms,2026-06-01T23:05:00+00:00,1
order-service,T005,Cart service call succeeded,2026-06-01T23:05:00+00:00,1
order-service,T006,Order created orderId=ORD-<NUM> userId=<NUM>,2026-06-01T23:05:00+00:00,5
order-service,T010,Health check passed,2026-06-01T23:05:00+00:00,1
order-service,T012,Cart service timeout after <NUM>ms,2026-06-01T23:05:00+00:00,26
order-service,T017,Cart service returned 5xx status=<NUM>,2026-06-01T23:05:00+00:00,14
cart-service,T001,Health check passed,2026-06-01T23:10:00+00:00,9
cart-service,T002,Item added to cart for userId=<NUM>,2026-06-01T23:10:00+00:00,13
cart-service,T003,DB query executed table=cart rows=<NUM>,2026-06-01T23:10:00+00:00,5
cart-service,T004,ProductCatalogCache eviction failed: heap pressure too high,2026-06-01T23:10:00+00:00,32
cart-service,T007,GC overhead limit warning: pause=<NUM>ms heap=<NUM>%,2026-06-01T23:10:00+00:00,25
cart-service,T008,Checkout completed orderId=ORD-<NUM>,2026-06-01T23:10:00+00:00,2
cart-service,T009,ProductCatalogCache loaded <NUM> entries,2026-06-01T23:10:00+00:00,4
cart-service,T011,Connection pool nearing limit pool=db connections=<NUM>/<NUM>,2026-06-01T23:10:00+00:00,2
cart-service,T013,OutOfMemoryError imminent: available heap < <NUM>%,2026-06-01T23:10:00+00:00,16
cart-service,T014,Container OOMKilled: memory limit exceeded,2026-06-01T23:10:00+00:00,15
cart-service,T015,Cache warm-up slower than expected startup_ms=<NUM>,2026-06-01T23:10:00+00:00,2
cart-service,T016,Upstream connection refused host=product-service,2026-06-01T23:10:00+00:00,11
cart-service,T025,Health check response time elevated endpoint=/health latency=225ms,2026-06-01T23:10:00+00:00,1
cart-service,T068,Health check response time elevated endpoint=/health latency=141ms,2026-06-01T23:10:00+00:00,1
cart-service,T1015,Slow response detected endpoint=/api/cart latency=2802ms,2026-06-01T23:10:00+00:00,1
cart-service,T1134,Slow response detected endpoint=/api/cart latency=1176ms,2026-06-01T23:10:00+00:00,1
cart-service,T1168,Slow response detected endpoint=/api/cart latency=608ms,2026-06-01T23:10:00+00:00,1
cart-service,T1179,Slow response detected endpoint=/api/cart latency=1122ms,2026-06-01T23:10:00+00:00,1
cart-service,T1197,Slow response detected endpoint=/api/cart latency=1105ms,2026-06-01T23:10:00+00:00,1
cart-service,T182,Slow response detected endpoint=/api/cart latency=1861ms,2026-06-01T23:10:00+00:00,1
cart-service,T215,Slow response detected endpoint=/api/cart latency=1125ms,2026-06-01T23:10:00+00:00,1
cart-service,T361,Slow response detected endpoint=/api/cart latency=1476ms,2026-06-01T23:10:00+00:00,1
cart-service,T513,Slow response detected endpoint=/api/cart latency=1741ms,2026-06-01T23:10:00+00:00,1
cart-service,T633,Slow response detected endpoint=/api/cart latency=1980ms,2026-06-01T23:10:00+00:00,1
cart-service,T650,Slow response detected endpoint=/api/cart latency=1567ms,2026-06-01T23:10:00+00:00,1
cart-service,T735,Slow response detected endpoint=/api/cart latency=2223ms,2026-06-01T23:10:00+00:00,1
cart-service,T886,Slow response detected endpoint=/api/cart latency=2539ms,2026-06-01T23:10:00+00:00,1
order-service,T005,Cart service call succeeded,2026-06-01T23:10:00+00:00,2
order-service,T006,Order created orderId=ORD-<NUM> userId=<NUM>,2026-06-01T23:10:00+00:00,4
order-service,T010,Health check passed,2026-06-01T23:10:00+00:00,4
order-service,T012,Cart service timeout after <NUM>ms,2026-06-01T23:10:00+00:00,20
order-service,T017,Cart service returned 5xx status=<NUM>,2026-06-01T23:10:00+00:00,14
cart-service,T001,Health check passed,2026-06-01T23:15:00+00:00,6
cart-service,T002,Item added to cart for userId=<NUM>,2026-06-01T23:15:00+00:00,3
cart-service,T003,DB query executed table=cart rows=<NUM>,2026-06-01T23:15:00+00:00,3
cart-service,T004,ProductCatalogCache eviction failed: heap pressure too high,2026-06-01T23:15:00+00:00,13
cart-service,T007,GC overhead limit warning: pause=<NUM>ms heap=<NUM>%,2026-06-01T23:15:00+00:00,14
cart-service,T008,Checkout completed orderId=ORD-<NUM>,2026-06-01T23:15:00+00:00,1
cart-service,T009,ProductCatalogCache loaded <NUM> entries,2026-06-01T23:15:00+00:00,2
cart-service,T011,Connection pool nearing limit pool=db connections=<NUM>/<NUM>,2026-06-01T23:15:00+00:00,3
cart-service,T013,OutOfMemoryError imminent: available heap < <NUM>%,2026-06-01T23:15:00+00:00,25
cart-service,T014,Container OOMKilled: memory limit exceeded,2026-06-01T23:15:00+00:00,25
cart-service,T015,Cache warm-up slower than expected startup_ms=<NUM>,2026-06-01T23:15:00+00:00,2
cart-service,T016,Upstream connection refused host=product-service,2026-06-01T23:15:00+00:00,17
cart-service,T018,Application starting up version=<NUM>.<NUM>.<NUM>,2026-06-01T23:15:00+00:00,8
cart-service,T061,Health check response time elevated endpoint=/health latency=168ms,2026-06-01T23:15:00+00:00,1
cart-service,T086,Health check response time elevated endpoint=/health latency=140ms,2026-06-01T23:15:00+00:00,1
cart-service,T105,Slow response detected endpoint=/api/cart latency=1514ms,2026-06-01T23:15:00+00:00,1
cart-service,T1061,Slow response detected endpoint=/api/cart latency=2899ms,2026-06-01T23:15:00+00:00,1
cart-service,T1090,Slow response detected endpoint=/api/cart latency=2968ms,2026-06-01T23:15:00+00:00,1
cart-service,T235,Slow response detected endpoint=/api/cart latency=611ms,2026-06-01T23:15:00+00:00,1
cart-service,T239,Slow response detected endpoint=/api/cart latency=523ms,2026-06-01T23:15:00+00:00,1
cart-service,T254,Slow response detected endpoint=/api/cart latency=1256ms,2026-06-01T23:15:00+00:00,1
cart-service,T286,Slow response detected endpoint=/api/cart latency=2785ms,2026-06-01T23:15:00+00:00,1
cart-service,T329,Slow response detected endpoint=/api/cart latency=2509ms,2026-06-01T23:15:00+00:00,1
cart-service,T674,Slow response detected endpoint=/api/cart latency=2078ms,2026-06-01T23:15:00+00:00,1
cart-service,T943,Slow response detected endpoint=/api/cart latency=2663ms,2026-06-01T23:15:00+00:00,1
order-service,T005,Cart service call succeeded,2026-06-01T23:15:00+00:00,1
order-service,T006,Order created orderId=ORD-<NUM> userId=<NUM>,2026-06-01T23:15:00+00:00,9
order-service,T010,Health check passed,2026-06-01T23:15:00+00:00,6
order-service,T012,Cart service timeout after <NUM>ms,2026-06-01T23:15:00+00:00,12
order-service,T017,Cart service returned 5xx status=<NUM>,2026-06-01T23:15:00+00:00,11
cart-service,T001,Health check passed,2026-06-01T23:20:00+00:00,4
cart-service,T002,Item added to cart for userId=<NUM>,2026-06-01T23:20:00+00:00,11
cart-service,T003,DB query executed table=cart rows=<NUM>,2026-06-01T23:20:00+00:00,5
cart-service,T004,ProductCatalogCache eviction failed: heap pressure too high,2026-06-01T23:20:00+00:00,25
cart-service,T007,GC overhead limit warning: pause=<NUM>ms heap=<NUM>%,2026-06-01T23:20:00+00:00,17
cart-service,T008,Checkout completed orderId=ORD-<NUM>,2026-06-01T23:20:00+00:00,1
cart-service,T009,ProductCatalogCache loaded <NUM> entries,2026-06-01T23:20:00+00:00,1
cart-service,T011,Connection pool nearing limit pool=db connections=<NUM>/<NUM>,2026-06-01T23:20:00+00:00,5
cart-service,T013,OutOfMemoryError imminent: available heap < <NUM>%,2026-06-01T23:20:00+00:00,21
cart-service,T014,Container OOMKilled: memory limit exceeded,2026-06-01T23:20:00+00:00,20
cart-service,T015,Cache warm-up slower than expected startup_ms=<NUM>,2026-06-01T23:20:00+00:00,5
cart-service,T016,Upstream connection refused host=product-service,2026-06-01T23:20:00+00:00,9
cart-service,T020,Health check response time elevated endpoint=/health latency=209ms,2026-06-01T23:20:00+00:00,1
cart-service,T022,Health check response time elevated endpoint=/health latency=243ms,2026-06-01T23:20:00+00:00,1
cart-service,T059,Health check response time elevated endpoint=/health latency=133ms,2026-06-01T23:20:00+00:00,1
cart-service,T066,Health check response time elevated endpoint=/health latency=235ms,2026-06-01T23:20:00+00:00,1
cart-service,T070,Health check response time elevated endpoint=/health latency=162ms,2026-06-01T23:20:00+00:00,1
cart-service,T093,Health check response time elevated endpoint=/health latency=165ms,2026-06-01T23:20:00+00:00,1
cart-service,T1051,Slow response detected endpoint=/api/cart latency=2942ms,2026-06-01T23:20:00+00:00,1
cart-service,T169,Slow response detected endpoint=/api/cart latency=1882ms,2026-06-01T23:20:00+00:00,1
cart-service,T265,Slow response detected endpoint=/api/cart latency=2880ms,2026-06-01T23:20:00+00:00,1
cart-service,T279,Slow response detected endpoint=/api/cart latency=2771ms,2026-06-01T23:20:00+00:00,1
cart-service,T318,Slow response detected endpoint=/api/cart latency=2604ms,2026-06-01T23:20:00+00:00,1
cart-service,T403,Slow response detected endpoint=/api/cart latency=1939ms,2026-06-01T23:20:00+00:00,1
cart-service,T408,Slow response detected endpoint=/api/cart latency=1976ms,2026-06-01T23:20:00+00:00,1
cart-service,T462,Slow response detected endpoint=/api/cart latency=1820ms,2026-06-01T23:20:00+00:00,1
cart-service,T466,Slow response detected endpoint=/api/cart latency=995ms,2026-06-01T23:20:00+00:00,1
cart-service,T623,Slow response detected endpoint=/api/cart latency=1572ms,2026-06-01T23:20:00+00:00,1
order-service,T005,Cart service call succeeded,2026-06-01T23:20:00+00:00,2
order-service,T006,Order created orderId=ORD-<NUM> userId=<NUM>,2026-06-01T23:20:00+00:00,11
order-service,T010,Health check passed,2026-06-01T23:20:00+00:00,3
order-service,T012,Cart service timeout after <NUM>ms,2026-06-01T23:20:00+00:00,14
order-service,T017,Cart service returned 5xx status=<NUM>,2026-06-01T23:20:00+00:00,12
cart-service,T001,Health check passed,2026-06-01T23:25:00+00:00,4
cart-service,T002,Item added to cart for userId=<NUM>,2026-06-01T23:25:00+00:00,11
cart-service,T003,DB query executed table=cart rows=<NUM>,2026-06-01T23:25:00+00:00,4
cart-service,T004,ProductCatalogCache eviction failed: heap pressure too high,2026-06-01T23:25:00+00:00,24
cart-service,T007,GC overhead limit warning: pause=<NUM>ms heap=<NUM>%,2026-06-01T23:25:00+00:00,13
cart-service,T008,Checkout completed orderId=ORD-<NUM>,2026-06-01T23:25:00+00:00,2
cart-service,T009,ProductCatalogCache loaded <NUM> entries,2026-06-01T23:25:00+00:00,7
cart-service,T011,Connection pool nearing limit pool=db connections=<NUM>/<NUM>,2026-06-01T23:25:00+00:00,11
cart-service,T013,OutOfMemoryError imminent: available heap < <NUM>%,2026-06-01T23:25:00+00:00,20
cart-service,T014,Container OOMKilled: memory limit exceeded,2026-06-01T23:25:00+00:00,17
cart-service,T015,Cache warm-up slower than expected startup_ms=<NUM>,2026-06-01T23:25:00+00:00,3
cart-service,T016,Upstream connection refused host=product-service,2026-06-01T23:25:00+00:00,6
cart-service,T048,Health check response time elevated endpoint=/health latency=151ms,2026-06-01T23:25:00+00:00,1
cart-service,T065,Health check response time elevated endpoint=/health latency=238ms,2026-06-01T23:25:00+00:00,1
cart-service,T1096,Slow response detected endpoint=/api/cart latency=2979ms,2026-06-01T23:25:00+00:00,1
cart-service,T1130,Slow response detected endpoint=/api/cart latency=520ms,2026-06-01T23:25:00+00:00,1
cart-service,T1207,Slow response detected endpoint=/api/cart latency=692ms,2026-06-01T23:25:00+00:00,1
cart-service,T1268,Slow response detected endpoint=/api/cart latency=842ms,2026-06-01T23:25:00+00:00,1
cart-service,T1316,Health check response time elevated endpoint=/health latency=126ms,2026-06-01T23:25:00+00:00,1
cart-service,T147,Slow response detected endpoint=/api/cart latency=705ms,2026-06-01T23:25:00+00:00,1
cart-service,T159,Slow response detected endpoint=/api/cart latency=2510ms,2026-06-01T23:25:00+00:00,1
cart-service,T278,Slow response detected endpoint=/api/cart latency=1295ms,2026-06-01T23:25:00+00:00,1
cart-service,T312,Slow response detected endpoint=/api/cart latency=2583ms,2026-06-01T23:25:00+00:00,1
cart-service,T358,Slow response detected endpoint=/api/cart latency=1759ms,2026-06-01T23:25:00+00:00,1
cart-service,T724,Slow response detected endpoint=/api/cart latency=2182ms,2026-06-01T23:25:00+00:00,1
cart-service,T726,Slow response detected endpoint=/api/cart latency=2188ms,2026-06-01T23:25:00+00:00,1
cart-service,T820,Slow response detected endpoint=/api/cart latency=2382ms,2026-06-01T23:25:00+00:00,1
cart-service,T825,Slow response detected endpoint=/api/cart latency=2394ms,2026-06-01T23:25:00+00:00,1
cart-service,T836,Slow response detected endpoint=/api/cart latency=2442ms,2026-06-01T23:25:00+00:00,1
order-service,T005,Cart service call succeeded,2026-06-01T23:25:00+00:00,3
order-service,T006,Order created orderId=ORD-<NUM> userId=<NUM>,2026-06-01T23:25:00+00:00,8
order-service,T010,Health check passed,2026-06-01T23:25:00+00:00,6
order-service,T012,Cart service timeout after <NUM>ms,2026-06-01T23:25:00+00:00,19
order-service,T017,Cart service returned 5xx status=<NUM>,2026-06-01T23:25:00+00:00,10
cart-service,T001,Health check passed,2026-06-01T23:30:00+00:00,3
cart-service,T002,Item added to cart for userId=<NUM>,2026-06-01T23:30:00+00:00,8
cart-service,T003,DB query executed table=cart rows=<NUM>,2026-06-01T23:30:00+00:00,5
cart-service,T004,ProductCatalogCache eviction failed: heap pressure too high,2026-06-01T23:30:00+00:00,19
cart-service,T007,GC overhead limit warning: pause=<NUM>ms heap=<NUM>%,2026-06-01T23:30:00+00:00,9
cart-service,T008,Checkout completed orderId=ORD-<NUM>,2026-06-01T23:30:00+00:00,3
cart-service,T009,ProductCatalogCache loaded <NUM> entries,2026-06-01T23:30:00+00:00,5
cart-service,T011,Connection pool nearing limit pool=db connections=<NUM>/<NUM>,2026-06-01T23:30:00+00:00,9
cart-service,T013,OutOfMemoryError imminent: available heap < <NUM>%,2026-06-01T23:30:00+00:00,26
cart-service,T014,Container OOMKilled: memory limit exceeded,2026-06-01T23:30:00+00:00,27
cart-service,T015,Cache warm-up slower than expected startup_ms=<NUM>,2026-06-01T23:30:00+00:00,2
cart-service,T016,Upstream connection refused host=product-service,2026-06-01T23:30:00+00:00,28
cart-service,T018,Application starting up version=<NUM>.<NUM>.<NUM>,2026-06-01T23:30:00+00:00,10
cart-service,T053,Health check response time elevated endpoint=/health latency=185ms,2026-06-01T23:30:00+00:00,1
cart-service,T1086,Slow response detected endpoint=/api/cart latency=2957ms,2026-06-01T23:30:00+00:00,1
cart-service,T113,Slow response detected endpoint=/api/cart latency=1763ms,2026-06-01T23:30:00+00:00,1
cart-service,T1199,Slow response detected endpoint=/api/cart latency=1109ms,2026-06-01T23:30:00+00:00,1
cart-service,T126,Health check response time elevated endpoint=/health latency=229ms,2026-06-01T23:30:00+00:00,1
cart-service,T190,Slow response detected endpoint=/api/cart latency=824ms,2026-06-01T23:30:00+00:00,1
cart-service,T295,Slow response detected endpoint=/api/cart latency=1365ms,2026-06-01T23:30:00+00:00,1
cart-service,T368,Slow response detected endpoint=/api/cart latency=2401ms,2026-06-01T23:30:00+00:00,1
cart-service,T388,Slow response detected endpoint=/api/cart latency=2134ms,2026-06-01T23:30:00+00:00,1
cart-service,T493,Slow response detected endpoint=/api/cart latency=1674ms,2026-06-01T23:30:00+00:00,1
cart-service,T527,Slow response detected endpoint=/api/cart latency=1779ms,2026-06-01T23:30:00+00:00,1
cart-service,T883,Slow response detected endpoint=/api/cart latency=1411ms,2026-06-01T23:30:00+00:00,1
order-service,T005,Cart service call succeeded,2026-06-01T23:30:00+00:00,2
order-service,T006,Order created orderId=ORD-<NUM> userId=<NUM>,2026-06-01T23:30:00+00:00,9
order-service,T010,Health check passed,2026-06-01T23:30:00+00:00,7
order-service,T012,Cart service timeout after <NUM>ms,2026-06-01T23:30:00+00:00,17
order-service,T017,Cart service returned 5xx status=<NUM>,2026-06-01T23:30:00+00:00,5
cart-service,T001,Health check passed,2026-06-01T23:35:00+00:00,3
cart-service,T002,Item added to cart for userId=<NUM>,2026-06-01T23:35:00+00:00,5
cart-service,T003,DB query executed table=cart rows=<NUM>,2026-06-01T23:35:00+00:00,2
cart-service,T004,ProductCatalogCache eviction failed: heap pressure too high,2026-06-01T23:35:00+00:00,11
cart-service,T007,GC overhead limit warning: pause=<NUM>ms heap=<NUM>%,2026-06-01T23:35:00+00:00,6
cart-service,T009,ProductCatalogCache loaded <NUM> entries,2026-06-01T23:35:00+00:00,2
cart-service,T011,Connection pool nearing limit pool=db connections=<NUM>/<NUM>,2026-06-01T23:35:00+00:00,4
cart-service,T013,OutOfMemoryError imminent: available heap < <NUM>%,2026-06-01T23:35:00+00:00,19
cart-service,T014,Container OOMKilled: memory limit exceeded,2026-06-01T23:35:00+00:00,40
cart-service,T015,Cache warm-up slower than expected startup_ms=<NUM>,2026-06-01T23:35:00+00:00,2
cart-service,T016,Upstream connection refused host=product-service,2026-06-01T23:35:00+00:00,14
cart-service,T018,Application starting up version=<NUM>.<NUM>.<NUM>,2026-06-01T23:35:00+00:00,14
cart-service,T035,Health check response time elevated endpoint=/health latency=201ms,2026-06-01T23:35:00+00:00,1
cart-service,T092,Health check response time elevated endpoint=/health latency=195ms,2026-06-01T23:35:00+00:00,1
cart-service,T102,Health check response time elevated endpoint=/health latency=177ms,2026-06-01T23:35:00+00:00,1
cart-service,T104,Slow response detected endpoint=/api/cart latency=731ms,2026-06-01T23:35:00+00:00,1
cart-service,T1089,Slow response detected endpoint=/api/cart latency=2961ms,2026-06-01T23:35:00+00:00,1
cart-service,T111,Health check response time elevated endpoint=/health latency=149ms,2026-06-01T23:35:00+00:00,1
cart-service,T1163,Slow response detected endpoint=/api/cart latency=653ms,2026-06-01T23:35:00+00:00,1
cart-service,T1242,Slow response detected endpoint=/api/cart latency=776ms,2026-06-01T23:35:00+00:00,1
cart-service,T1248,Slow response detected endpoint=/api/cart latency=1082ms,2026-06-01T23:35:00+00:00,1
cart-service,T171,Slow response detected endpoint=/api/cart latency=1967ms,2026-06-01T23:35:00+00:00,1
cart-service,T228,Slow response detected endpoint=/api/cart latency=600ms,2026-06-01T23:35:00+00:00,1
cart-service,T273,Slow response detected endpoint=/api/cart latency=2947ms,2026-06-01T23:35:00+00:00,1
cart-service,T371,Slow response detected endpoint=/api/cart latency=1519ms,2026-06-01T23:35:00+00:00,1
cart-service,T567,Slow response detected endpoint=/api/cart latency=1848ms,2026-06-01T23:35:00+00:00,1
cart-service,T914,Slow response detected endpoint=/api/cart latency=2587ms,2026-06-01T23:35:00+00:00,1
cart-service,T991,Slow response detected endpoint=/api/cart latency=2759ms,2026-06-01T23:35:00+00:00,1
order-service,T005,Cart service call succeeded,2026-06-01T23:35:00+00:00,1
order-service,T006,Order created orderId=ORD-<NUM> userId=<NUM>,2026-06-01T23:35:00+00:00,9
order-service,T010,Health check passed,2026-06-01T23:35:00+00:00,6
order-service,T012,Cart service timeout after <NUM>ms,2026-06-01T23:35:00+00:00,21
order-service,T017,Cart service returned 5xx status=<NUM>,2026-06-01T23:35:00+00:00,15
cart-service,T001,Health check passed,2026-06-01T23:40:00+00:00,6
cart-service,T002,Item added to cart for userId=<NUM>,2026-06-01T23:40:00+00:00,1
cart-service,T003,DB query executed table=cart rows=<NUM>,2026-06-01T23:40:00+00:00,13
cart-service,T004,ProductCatalogCache eviction failed: heap pressure too high,2026-06-01T23:40:00+00:00,29
cart-service,T007,GC overhead limit warning: pause=<NUM>ms heap=<NUM>%,2026-06-01T23:40:00+00:00,9
cart-service,T008,Checkout completed orderId=ORD-<NUM>,2026-06-01T23:40:00+00:00,1
cart-service,T009,ProductCatalogCache loaded <NUM> entries,2026-06-01T23:40:00+00:00,3
cart-service,T011,Connection pool nearing limit pool=db connections=<NUM>/<NUM>,2026-06-01T23:40:00+00:00,7
cart-service,T013,OutOfMemoryError imminent: available heap < <NUM>%,2026-06-01T23:40:00+00:00,16
cart-service,T014,Container OOMKilled: memory limit exceeded,2026-06-01T23:40:00+00:00,16
cart-service,T015,Cache warm-up slower than expected startup_ms=<NUM>,2026-06-01T23:40:00+00:00,1
cart-service,T016,Upstream connection refused host=product-service,2026-06-01T23:40:00+00:00,12
cart-service,T031,Health check response time elevated endpoint=/health latency=150ms,2026-06-01T23:40:00+00:00,1
cart-service,T043,Health check response time elevated endpoint=/health latency=190ms,2026-06-01T23:40:00+00:00,1
cart-service,T064,Health check response time elevated endpoint=/health latency=179ms,2026-06-01T23:40:00+00:00,1
cart-service,T067,Health check response time elevated endpoint=/health latency=143ms,2026-06-01T23:40:00+00:00,1
cart-service,T112,Slow response detected endpoint=/api/cart latency=2497ms,2026-06-01T23:40:00+00:00,1
cart-service,T165,Slow response detected endpoint=/api/cart latency=2294ms,2026-06-01T23:40:00+00:00,1
cart-service,T213,Slow response detected endpoint=/api/cart latency=1153ms,2026-06-01T23:40:00+00:00,1
cart-service,T558,Slow response detected endpoint=/api/cart latency=1616ms,2026-06-01T23:40:00+00:00,1
cart-service,T587,Slow response detected endpoint=/api/cart latency=1966ms,2026-06-01T23:40:00+00:00,1
cart-service,T728,Slow response detected endpoint=/api/cart latency=2195ms,2026-06-01T23:40:00+00:00,1
cart-service,T792,Slow response detected endpoint=/api/cart latency=2316ms,2026-06-01T23:40:00+00:00,1
cart-service,T808,Slow response detected endpoint=/api/cart latency=2378ms,2026-06-01T23:40:00+00:00,1
cart-service,T933,Slow response detected endpoint=/api/cart latency=1370ms,2026-06-01T23:40:00+00:00,1
order-service,T005,Cart service call succeeded,2026-06-01T23:40:00+00:00,3
order-service,T006,Order created orderId=ORD-<NUM> userId=<NUM>,2026-06-01T23:40:00+00:00,4
order-service,T010,Health check passed,2026-06-01T23:40:00+00:00,3
order-service,T012,Cart service timeout after <NUM>ms,2026-06-01T23:40:00+00:00,23
order-service,T017,Cart service returned 5xx status=<NUM>,2026-06-01T23:40:00+00:00,13
cart-service,T001,Health check passed,2026-06-01T23:45:00+00:00,6
cart-service,T002,Item added to cart for userId=<NUM>,2026-06-01T23:45:00+00:00,5
cart-service,T003,DB query executed table=cart rows=<NUM>,2026-06-01T23:45:00+00:00,2
cart-service,T004,ProductCatalogCache eviction failed: heap pressure too high,2026-06-01T23:45:00+00:00,7
cart-service,T007,GC overhead limit warning: pause=<NUM>ms heap=<NUM>%,2026-06-01T23:45:00+00:00,10
cart-service,T008,Checkout completed orderId=ORD-<NUM>,2026-06-01T23:45:00+00:00,3
cart-service,T009,ProductCatalogCache loaded <NUM> entries,2026-06-01T23:45:00+00:00,3
cart-service,T011,Connection pool nearing limit pool=db connections=<NUM>/<NUM>,2026-06-01T23:45:00+00:00,2
cart-service,T015,Cache warm-up slower than expected startup_ms=<NUM>,2026-06-01T23:45:00+00:00,2
cart-service,T1034,Slow response detected endpoint=/api/cart latency=2830ms,2026-06-01T23:45:00+00:00,1
cart-service,T1059,Slow response detected endpoint=/api/cart latency=2894ms,2026-06-01T23:45:00+00:00,1
cart-service,T324,Health check response time elevated endpoint=/health latency=160ms,2026-06-01T23:45:00+00:00,1
cart-service,T388,Slow response detected endpoint=/api/cart latency=2134ms,2026-06-01T23:45:00+00:00,1
cart-service,T764,Slow response detected endpoint=/api/cart latency=2330ms,2026-06-01T23:45:00+00:00,1
cart-service,T897,Slow response detected endpoint=/api/cart latency=2571ms,2026-06-01T23:45:00+00:00,1
cart-service,T989,Slow response detected endpoint=/api/cart latency=2755ms,2026-06-01T23:45:00+00:00,1
order-service,T005,Cart service call succeeded,2026-06-01T23:45:00+00:00,16
order-service,T006,Order created orderId=ORD-<NUM> userId=<NUM>,2026-06-01T23:45:00+00:00,6
order-service,T010,Health check passed,2026-06-01T23:45:00+00:00,7
order-service,T012,Cart service timeout after <NUM>ms,2026-06-01T23:45:00+00:00,1
cart-service,T001,Health check passed,2026-06-01T23:50:00+00:00,3
cart-service,T002,Item added to cart for userId=<NUM>,2026-06-01T23:50:00+00:00,4
cart-service,T003,DB query executed table=cart rows=<NUM>,2026-06-01T23:50:00+00:00,6
cart-service,T004,ProductCatalogCache eviction failed: heap pressure too high,2026-06-01T23:50:00+00:00,11
cart-service,T007,GC overhead limit warning: pause=<NUM>ms heap=<NUM>%,2026-06-01T23:50:00+00:00,7
cart-service,T008,Checkout completed orderId=ORD-<NUM>,2026-06-01T23:50:00+00:00,4
cart-service,T009,ProductCatalogCache loaded <NUM> entries,2026-06-01T23:50:00+00:00,3
cart-service,T011,Connection pool nearing limit pool=db connections=<NUM>/<NUM>,2026-06-01T23:50:00+00:00,4
cart-service,T015,Cache warm-up slower than expected startup_ms=<NUM>,2026-06-01T23:50:00+00:00,3
cart-service,T1292,Slow response detected endpoint=/api/cart latency=980ms,2026-06-01T23:50:00+00:00,1
cart-service,T325,Slow response detected endpoint=/api/cart latency=1702ms,2026-06-01T23:50:00+00:00,1
cart-service,T526,Slow response detected endpoint=/api/cart latency=1778ms,2026-06-01T23:50:00+00:00,1
cart-service,T716,Slow response detected endpoint=/api/cart latency=1508ms,2026-06-01T23:50:00+00:00,1
order-service,T005,Cart service call succeeded,2026-06-01T23:50:00+00:00,9
order-service,T006,Order created orderId=ORD-<NUM> userId=<NUM>,2026-06-01T23:50:00+00:00,6
order-service,T010,Health check passed,2026-06-01T23:50:00+00:00,4
order-service,T012,Cart service timeout after <NUM>ms,2026-06-01T23:50:00+00:00,2
cart-service,T001,Health check passed,2026-06-01T23:55:00+00:00,7
cart-service,T002,Item added to cart for userId=<NUM>,2026-06-01T23:55:00+00:00,5
cart-service,T003,DB query executed table=cart rows=<NUM>,2026-06-01T23:55:00+00:00,8
cart-service,T004,ProductCatalogCache eviction failed: heap pressure too high,2026-06-01T23:55:00+00:00,12
cart-service,T007,GC overhead limit warning: pause=<NUM>ms heap=<NUM>%,2026-06-01T23:55:00+00:00,3
cart-service,T008,Checkout completed orderId=ORD-<NUM>,2026-06-01T23:55:00+00:00,2
cart-service,T009,ProductCatalogCache loaded <NUM> entries,2026-06-01T23:55:00+00:00,4
cart-service,T011,Connection pool nearing limit pool=db connections=<NUM>/<NUM>,2026-06-01T23:55:00+00:00,1
cart-service,T015,Cache warm-up slower than expected startup_ms=<NUM>,2026-06-01T23:55:00+00:00,1
cart-service,T020,Health check response time elevated endpoint=/health latency=209ms,2026-06-01T23:55:00+00:00,1
cart-service,T1097,Slow response detected endpoint=/api/cart latency=2980ms,2026-06-01T23:55:00+00:00,1
cart-service,T588,Slow response detected endpoint=/api/cart latency=1969ms,2026-06-01T23:55:00+00:00,1
order-service,T005,Cart service call succeeded,2026-06-01T23:55:00+00:00,10
order-service,T006,Order created orderId=ORD-<NUM> userId=<NUM>,2026-06-01T23:55:00+00:00,6
order-service,T010,Health check passed,2026-06-01T23:55:00+00:00,8
order-service,T012,Cart service timeout after <NUM>ms,2026-06-01T23:55:00+00:00,2
