template_id,service,level,template,count,first_seen,last_seen,sample_message,pod_count
T001,cart-service,INFO,Health check passed,3186,2026-06-01T00:00:19.437000+00:00,2026-06-01T23:59:44.589000+00:00,Health check passed,4
T002,cart-service,INFO,Item added to cart for userId=<NUM>,3158,2026-06-01T00:00:18.233000+00:00,2026-06-01T23:58:55.577000+00:00,Item added to cart for userId=25845,4
T003,cart-service,INFO,DB query executed table=cart rows=<NUM>,2822,2026-06-01T00:00:19.656000+00:00,2026-06-01T23:59:33.621000+00:00,DB query executed table=cart rows=43,4
T004,cart-service,WARN,ProductCatalogCache eviction failed: heap pressure too high,2671,2026-06-01T06:33:57.795000+00:00,2026-06-01T23:59:21.113000+00:00,ProductCatalogCache eviction failed: heap pressure too high,4
T005,order-service,INFO,Cart service call succeeded,2391,2026-06-01T00:00:01.817000+00:00,2026-06-01T23:58:40.981000+00:00,Cart service call succeeded,3
T006,order-service,INFO,Order created orderId=ORD-<NUM> userId=<NUM>,2238,2026-06-01T00:00:16.169000+00:00,2026-06-01T23:59:34.522000+00:00,Order created orderId=ORD-75522655 userId=49544,3
T007,cart-service,WARN,GC overhead limit warning: pause=<NUM>ms heap=<NUM>%,2084,2026-06-01T06:30:32.992000+00:00,2026-06-01T23:58:18.137000+00:00,GC overhead limit warning: pause=713ms heap=93%,4
T008,cart-service,INFO,Checkout completed orderId=ORD-<NUM>,2041,2026-06-01T00:02:10.733000+00:00,2026-06-01T23:57:40.362000+00:00,Checkout completed orderId=ORD-43738050,4
T009,cart-service,INFO,ProductCatalogCache loaded <NUM> entries,1871,2026-06-01T00:02:10.942000+00:00,2026-06-01T23:59:10.512000+00:00,ProductCatalogCache loaded 20065 entries,4
T010,order-service,INFO,Health check passed,1845,2026-06-01T00:00:39.809000+00:00,2026-06-01T23:59:32.560000+00:00,Health check passed,3
T011,cart-service,WARN,Connection pool nearing limit pool=db connections=<NUM>/<NUM>,1104,2026-06-01T00:04:45.868000+00:00,2026-06-01T23:57:09.726000+00:00,Connection pool nearing limit pool=db connections=43/50,4
T012,order-service,WARN,Cart service timeout after <NUM>ms,1080,2026-06-01T00:00:14.987000+00:00,2026-06-01T23:59:10.612000+00:00,Cart service timeout after 581ms,3
T013,cart-service,ERROR,OutOfMemoryError imminent: available heap < <NUM>%,936,2026-06-01T19:59:15.939000+00:00,2026-06-01T23:44:45.010000+00:00,OutOfMemoryError imminent: available heap < 5%,4
T014,cart-service,FATAL,Container OOMKilled: memory limit exceeded,823,2026-06-01T19:59:31.047000+00:00,2026-06-01T23:44:47.325000+00:00,Container OOMKilled: memory limit exceeded,4
T015,cart-service,WARN,Cache warm-up slower than expected startup_ms=<NUM>,734,2026-06-01T00:02:16.689000+00:00,2026-06-01T23:56:17.886000+00:00,Cache warm-up slower than expected startup_ms=2867,4
T016,cart-service,ERROR,Upstream connection refused host=product-service,521,2026-06-01T19:59:26.256000+00:00,2026-06-01T23:44:14.186000+00:00,Upstream connection refused host=product-service,4
T017,order-service,ERROR,Cart service returned 5xx status=<NUM>,466,2026-06-01T20:30:03.634000+00:00,2026-06-01T23:44:27.498000+00:00,Cart service returned 5xx status=500,3
T018,cart-service,INFO,Application starting up version=<NUM>.<NUM>.<NUM>,104,2026-06-01T19:59:13.548000+00:00,2026-06-01T23:38:48.797000+00:00,Application starting up version=2.4.1,4
T019,cart-service,WARN,Health check response time elevated endpoint=/health latency=231ms,11,2026-06-01T01:32:19.684000+00:00,2026-06-01T22:57:24.109000+00:00,Health check response time elevated endpoint=/health latency=231ms,4
T020,cart-service,WARN,Health check response time elevated endpoint=/health latency=209ms,11,2026-06-01T07:56:54.896000+00:00,2026-06-01T23:57:03.285000+00:00,Health check response time elevated endpoint=/health latency=209ms,4
T021,cart-service,WARN,Health check response time elevated endpoint=/health latency=139ms,10,2026-06-01T00:52:04.647000+00:00,2026-06-01T19:58:36.838000+00:00,Health check response time elevated endpoint=/health latency=139ms,4
T022,cart-service,WARN,Health check response time elevated endpoint=/health latency=243ms,10,2026-06-01T03:14:57.853000+00:00,2026-06-01T23:20:49.503000+00:00,Health check response time elevated endpoint=/health latency=243ms,3
T023,cart-service,WARN,Health check response time elevated endpoint=/health latency=226ms,10,2026-06-01T01:27:10.039000+00:00,2026-06-01T22:30:33.760000+00:00,Health check response time elevated endpoint=/health latency=226ms,4
T024,cart-service,WARN,Health check response time elevated endpoint=/health latency=212ms,10,2026-06-01T00:58:10.873000+00:00,2026-06-01T21:54:07.756000+00:00,Health check response time elevated endpoint=/health latency=212ms,4
T025,cart-service,WARN,Health check response time elevated endpoint=/health latency=225ms,9,2026-06-01T08:14:01.345000+00:00,2026-06-01T23:14:55.634000+00:00,Health check response time elevated endpoint=/health latency=225ms,4
T026,cart-service,WARN,Health check response time elevated endpoint=/health latency=171ms,9,2026-06-01T02:03:40.438000+00:00,2026-06-01T22:58:45.136000+00:00,Health check response time elevated endpoint=/health latency=171ms,4
T027,cart-service,WARN,Health check response time elevated endpoint=/health latency=244ms,9,2026-06-01T04:21:24.269000+00:00,2026-06-01T22:10:06.068000+00:00,Health check response time elevated endpoint=/health latency=244ms,4
T028,cart-service,WARN,Health check response time elevated endpoint=/health latency=222ms,9,2026-06-01T06:38:49.250000+00:00,2026-06-01T21:21:05.265000+00:00,Health check response time elevated endpoint=/health latency=222ms,4
T029,cart-service,WARN,Health check response time elevated endpoint=/health latency=176ms,8,2026-06-01T00:44:55.092000+00:00,2026-06-01T20:04:37.729000+00:00,Health check response time elevated endpoint=/health latency=176ms,4
T030,cart-service,WARN,Health check response time elevated endpoint=/health latency=188ms,8,2026-06-01T04:20:11.468000+00:00,2026-06-01T22:09:42.068000+00:00,Health check response time elevated endpoint=/health latency=188ms,3
T031,cart-service,WARN,Health check response time elevated endpoint=/health latency=150ms,8,2026-06-01T01:42:55.889000+00:00,2026-06-01T23:42:56.368000+00:00,Health check response time elevated endpoint=/health latency=150ms,4
T032,cart-service,WARN,Health check response time elevated endpoint=/health latency=174ms,8,2026-06-01T02:08:43.688000+00:00,2026-06-01T23:05:35.789000+00:00,Health check response time elevated endpoint=/health latency=174ms,4
T033,cart-service,WARN,Health check response time elevated endpoint=/health latency=204ms,8,2026-06-01T07:33:31.089000+00:00,2026-06-01T21:12:35.583000+00:00,Health check response time elevated endpoint=/health latency=204ms,4
T034,cart-service,WARN,Health check response time elevated endpoint=/health latency=211ms,8,2026-06-01T06:30:49.759000+00:00,2026-06-01T22:34:02.488000+00:00,Health check response time elevated endpoint=/health latency=211ms,3
T035,cart-service,WARN,Health check response time elevated endpoint=/health latency=201ms,8,2026-06-01T03:12:14.539000+00:00,2026-06-01T23:39:50.884000+00:00,Health check response time elevated endpoint=/health latency=201ms,3
T036,cart-service,WARN,Health check response time elevated endpoint=/health latency=221ms,8,2026-06-01T04:50:50.859000+00:00,2026-06-01T20:40:28.609000+00:00,Health check response time elevated endpoint=/health latency=221ms,4
T037,cart-service,WARN,Health check response time elevated endpoint=/health latency=206ms,8,2026-06-01T00:25:33.731000+00:00,2026-06-01T20:34:50.761000+00:00,Health check response time elevated endpoint=/health latency=206ms,4
T038,cart-service,WARN,Health check response time elevated endpoint=/health latency=121ms,8,2026-06-01T08:40:03.586000+00:00,2026-06-01T22:16:57.725000+00:00,Health check response time elevated endpoint=/health latency=121ms,3
T039,cart-service,WARN,Health check response time elevated endpoint=/health latency=215ms,7,2026-06-01T03:20:06.169000+00:00,2026-06-01T15:50:32.457000+00:00,Health check response time elevated endpoint=/health latency=215ms,4
T040,cart-service,WARN,Health check response time elevated endpoint=/health latency=203ms,7,2026-06-01T01:35:16.888000+00:00,2026-06-01T20:39:06.680000+00:00,Health check response time elevated endpoint=/health latency=203ms,4
T041,cart-service,WARN,Health check response time elevated endpoint=/health latency=214ms,7,2026-06-01T05:08:31.529000+00:00,2026-06-01T22:14:50.935000+00:00,Health check response time elevated endpoint=/health latency=214ms,3
T042,cart-service,WARN,Health check response time elevated endpoint=/health latency=216ms,7,2026-06-01T06:42:43.370000+00:00,2026-06-01T19:44:05.560000+00:00,Health check response time elevated endpoint=/health latency=216ms,3
T043,cart-service,WARN,Health check response time elevated endpoint=/health latency=190ms,7,2026-06-01T06:20:28.761000+00:00,2026-06-01T23:44:38.961000+00:00,Health check response time elevated endpoint=/health latency=190ms,3
T044,cart-service,WARN,Health check response time elevated endpoint=/health latency=192ms,7,2026-06-01T01:46:43.812000+00:00,2026-06-01T22:17:27.832000+00:00,Health check response time elevated endpoint=/health latency=192ms,3
T045,cart-service,WARN,Health check response time elevated endpoint=/health latency=148ms,7,2026-06-01T07:54:28.089000+00:00,2026-06-01T22:55:42.021000+00:00,Health check response time elevated endpoint=/health latency=148ms,3
T046,cart-service,WARN,Health check response time elevated endpoint=/health latency=147ms,7,2026-06-01T02:13:23.370000+00:00,2026-06-01T16:36:48.473000+00:00,Health check response time elevated endpoint=/health latency=147ms,3
T047,cart-service,WARN,Health check response time elevated endpoint=/health latency=156ms,7,2026-06-01T03:26:45.168000+00:00,2026-06-01T21:02:00.363000+00:00,Health check response time elevated endpoint=/health latency=156ms,4
T048,cart-service,WARN,Health check response time elevated endpoint=/health latency=151ms,7,2026-06-01T00:01:20.030000+00:00,2026-06-01T23:26:38.819000+00:00,Health check response time elevated endpoint=/health latency=151ms,3
T049,cart-service,WARN,Health check response time elevated endpoint=/health latency=178ms,7,2026-06-01T02:26:11.258000+00:00,2026-06-01T12:12:58.508000+00:00,Health check response time elevated endpoint=/health latency=178ms,3
T050,cart-service,WARN,Health check response time elevated endpoint=/health latency=180ms,7,2026-06-01T01:17:25.016000+00:00,2026-06-01T20:10:39.664000+00:00,Health check response time elevated endpoint=/health latency=180ms,2
T051,cart-service,WARN,Health check response time elevated endpoint=/health latency=187ms,7,2026-06-01T03:55:53.744000+00:00,2026-06-01T20:17:30.106000+00:00,Health check response time elevated endpoint=/health latency=187ms,4
T052,cart-service,WARN,Health check response time elevated endpoint=/health latency=250ms,7,2026-06-01T00:55:53.933000+00:00,2026-06-01T21:22:30.077000+00:00,Health check response time elevated endpoint=/health latency=250ms,4
T053,cart-service,WARN,Health check response time elevated endpoint=/health latency=185ms,7,2026-06-01T04:45:27.976000+00:00,2026-06-01T23:31:14.008000+00:00,Health check response time elevated endpoint=/health latency=185ms,3
T054,cart-service,WARN,Health check response time elevated endpoint=/health latency=240ms,7,2026-06-01T06:49:14.831000+00:00,2026-06-01T21:08:57.811000+00:00,Health check response time elevated endpoint=/health latency=240ms,3
T055,cart-service,WARN,Health check response time elevated endpoint=/health latency=202ms,7,2026-06-01T01:00:34.367000+00:00,2026-06-01T13:50:43.190000+00:00,Health check response time elevated endpoint=/health latency=202ms,4
T056,cart-service,WARN,Health check response time elevated endpoint=/health latency=241ms,7,2026-06-01T00:29:02.363000+00:00,2026-06-01T21:51:24.036000+00:00,Health check response time elevated endpoint=/health latency=241ms,4
T057,cart-service,WARN,Health check response time elevated endpoint=/health latency=237ms,7,2026-06-01T00:47:37.201000+00:00,2026-06-01T22:41:47.136000+00:00,Health check response time elevated endpoint=/health latency=237ms,4
T058,cart-service,WARN,Health check response time elevated endpoint=/health latency=131ms,7,2026-06-01T00:33:46.178000+00:00,2026-06-01T21:08:57.503000+00:00,Health check response time elevated endpoint=/health latency=131ms,4
T059,cart-service,WARN,Health check response time elevated endpoint=/health latency=133ms,7,2026-06-01T05:45:48.706000+00:00,2026-06-01T23:20:23.369000+00:00,Health check response time elevated endpoint=/health latency=133ms,3
T060,cart-service,WARN,Health check response time elevated endpoint=/health latency=134ms,6,2026-06-01T03:26:41.623000+00:00,2026-06-01T21:39:01.206000+00:00,Health check response time elevated endpoint=/health latency=134ms,4
T061,cart-service,WARN,Health check response time elevated endpoint=/health latency=168ms,6,2026-06-01T00:16:50.592000+00:00,2026-06-01T23:19:34.851000+00:00,Health check response time elevated endpoint=/health latency=168ms,3
T062,cart-service,WARN,Health check response time elevated endpoint=/health latency=167ms,6,2026-06-01T05:33:36.446000+00:00,2026-06-01T22:59:43.431000+00:00,Health check response time elevated endpoint=/health latency=167ms,3
T063,cart-service,WARN,Health check response time elevated endpoint=/health latency=164ms,6,2026-06-01T12:27:25.113000+00:00,2026-06-01T21:19:42.707000+00:00,Health check response time elevated endpoint=/health latency=164ms,3
T064,cart-service,WARN,Health check response time elevated endpoint=/health latency=179ms,6,2026-06-01T05:20:41.729000+00:00,2026-06-01T23:40:17.215000+00:00,Health check response time elevated endpoint=/health latency=179ms,4
T065,cart-service,WARN,Health check response time elevated endpoint=/health latency=238ms,6,2026-06-01T04:17:19.867000+00:00,2026-06-01T23:29:39.373000+00:00,Health check response time elevated endpoint=/health latency=238ms,3
T066,cart-service,WARN,Health check response time elevated endpoint=/health latency=235ms,6,2026-06-01T07:14:34.599000+00:00,2026-06-01T23:21:53.386000+00:00,Health check response time elevated endpoint=/health latency=235ms,3
T067,cart-service,WARN,Health check response time elevated endpoint=/health latency=143ms,6,2026-06-01T13:49:52.554000+00:00,2026-06-01T23:42:17.465000+00:00,Health check response time elevated endpoint=/health latency=143ms,2
T068,cart-service,WARN,Health check response time elevated endpoint=/health latency=141ms,6,2026-06-01T17:00:43.217000+00:00,2026-06-01T23:12:51.438000+00:00,Health check response time elevated endpoint=/health latency=141ms,3
T069,cart-service,WARN,Health check response time elevated endpoint=/health latency=146ms,6,2026-06-01T13:15:06.122000+00:00,2026-06-01T22:48:21.241000+00:00,Health check response time elevated endpoint=/health latency=146ms,3
T070,cart-service,WARN,Health check response time elevated endpoint=/health latency=162ms,6,2026-06-01T05:57:28.388000+00:00,2026-06-01T23:24:03.090000+00:00,Health check response time elevated endpoint=/health latency=162ms,3
T071,cart-service,WARN,Health check response time elevated endpoint=/health latency=220ms,6,2026-06-01T01:02:48.812000+00:00,2026-06-01T23:09:17.057000+00:00,Health check response time elevated endpoint=/health latency=220ms,4
T072,cart-service,WARN,Health check response time elevated endpoint=/health latency=239ms,6,2026-06-01T08:13:32.938000+00:00,2026-06-01T19:55:44.865000+00:00,Health check response time elevated endpoint=/health latency=239ms,3
T073,cart-service,WARN,Health check response time elevated endpoint=/health latency=213ms,6,2026-06-01T07:15:41.318000+00:00,2026-06-01T15:23:44.790000+00:00,Health check response time elevated endpoint=/health latency=213ms,3
T074,cart-service,WARN,Health check response time elevated endpoint=/health latency=138ms,5,2026-06-01T02:01:56.380000+00:00,2026-06-01T16:39:08.902000+00:00,Health check response time elevated endpoint=/health latency=138ms,3
T075,cart-service,WARN,Health check response time elevated endpoint=/health latency=137ms,5,2026-06-01T09:42:41.358000+00:00,2026-06-01T22:38:57.703000+00:00,Health check response time elevated endpoint=/health latency=137ms,3
T076,cart-service,WARN,Health check response time elevated endpoint=/health latency=247ms,5,2026-06-01T00:18:25.977000+00:00,2026-06-01T19:34:30.470000+00:00,Health check response time elevated endpoint=/health latency=247ms,3
T077,cart-service,WARN,Health check response time elevated endpoint=/health latency=199ms,5,2026-06-01T01:04:55.565000+00:00,2026-06-01T14:51:37.607000+00:00,Health check response time elevated endpoint=/health latency=199ms,4
T078,cart-service,WARN,Health check response time elevated endpoint=/health latency=197ms,5,2026-06-01T10:25:12.046000+00:00,2026-06-01T22:58:14.962000+00:00,Health check response time elevated endpoint=/health latency=197ms,4
T079,cart-service,WARN,Health check response time elevated endpoint=/health latency=218ms,5,2026-06-01T03:24:14.151000+00:00,2026-06-01T21:55:49.905000+00:00,Health check response time elevated endpoint=/health latency=218ms,3
T080,cart-service,WARN,Health check response time elevated endpoint=/health latency=208ms,5,2026-06-01T11:05:52.173000+00:00,2026-06-01T20:54:42.996000+00:00,Health check response time elevated endpoint=/health latency=208ms,3
T081,cart-service,WARN,Health check response time elevated endpoint=/health latency=249ms,5,2026-06-01T00:04:35.358000+00:00,2026-06-01T19:06:35.138000+00:00,Health check response time elevated endpoint=/health latency=249ms,3
T082,cart-service,WARN,Health check response time elevated endpoint=/health latency=207ms,5,2026-06-01T06:33:50.265000+00:00,2026-06-01T19:05:16.913000+00:00,Health check response time elevated endpoint=/health latency=207ms,4
T083,cart-service,WARN,Health check response time elevated endpoint=/health latency=125ms,5,2026-06-01T06:30:00.939000+00:00,2026-06-01T22:58:37.309000+00:00,Health check response time elevated endpoint=/health latency=125ms,3
T084,cart-service,WARN,Health check response time elevated endpoint=/health latency=169ms,5,2026-06-01T03:25:17.191000+00:00,2026-06-01T20:24:57.980000+00:00,Health check response time elevated endpoint=/health latency=169ms,1
T085,cart-service,WARN,Health check response time elevated endpoint=/health latency=153ms,5,2026-06-01T03:35:17.057000+00:00,2026-06-01T17:05:17.053000+00:00,Health check response time elevated endpoint=/health latency=153ms,2
T086,cart-service,WARN,Health check response time elevated endpoint=/health latency=140ms,5,2026-06-01T00:25:42.730000+00:00,2026-06-01T23:19:50.288000+00:00,Health check response time elevated endpoint=/health latency=140ms,3
T087,cart-service,WARN,Health check response time elevated endpoint=/health latency=157ms,5,2026-06-01T07:11:46.487000+00:00,2026-06-01T21:31:27.222000+00:00,Health check response time elevated endpoint=/health latency=157ms,3
T088,cart-service,WARN,Health check response time elevated endpoint=/health latency=163ms,5,2026-06-01T02:17:28.603000+00:00,2026-06-01T20:25:20.824000+00:00,Health check response time elevated endpoint=/health latency=163ms,3
T089,cart-service,WARN,Health check response time elevated endpoint=/health latency=166ms,5,2026-06-01T06:35:19.038000+00:00,2026-06-01T11:47:03.353000+00:00,Health check response time elevated endpoint=/health latency=166ms,3
T090,cart-service,WARN,Health check response time elevated endpoint=/health latency=175ms,5,2026-06-01T09:46:56.631000+00:00,2026-06-01T20:02:42.725000+00:00,Health check response time elevated endpoint=/health latency=175ms,3
T091,cart-service,WARN,Slow response detected endpoint=/api/cart latency=2864ms,5,2026-06-01T14:17:08.038000+00:00,2026-06-01T22:29:09.639000+00:00,Slow response detected endpoint=/api/cart latency=2864ms,3
T092,cart-service,WARN,Health check response time elevated endpoint=/health latency=195ms,5,2026-06-01T08:04:00.468000+00:00,2026-06-01T23:39:04.491000+00:00,Health check response time elevated endpoint=/health latency=195ms,4
T093,cart-service,WARN,Health check response time elevated endpoint=/health latency=165ms,5,2026-06-01T01:32:43.570000+00:00,2026-06-01T23:20:00.765000+00:00,Health check response time elevated endpoint=/health latency=165ms,3
T094,cart-service,WARN,Health check response time elevated endpoint=/health latency=193ms,5,2026-06-01T05:32:09.481000+00:00,2026-06-01T22:35:58.161000+00:00,Health check response time elevated endpoint=/health latency=193ms,3
T095,cart-service,WARN,Health check response time elevated endpoint=/health latency=189ms,5,2026-06-01T02:58:46.664000+00:00,2026-06-01T22:43:09.828000+00:00,Health check response time elevated endpoint=/health latency=189ms,3
T096,cart-service,WARN,Health check response time elevated endpoint=/health latency=142ms,4,2026-06-01T03:37:57.979000+00:00,2026-06-01T22:50:07.110000+00:00,Health check response time elevated endpoint=/health latency=142ms,3
T097,cart-service,WARN,Health check response time elevated endpoint=/health latency=182ms,4,2026-06-01T07:54:04.267000+00:00,2026-06-01T14:13:01.390000+00:00,Health check response time elevated endpoint=/health latency=182ms,2
T098,cart-service,WARN,Health check response time elevated endpoint=/health latency=183ms,4,2026-06-01T01:41:33.301000+00:00,2026-06-01T19:23:19.779000+00:00,Health check response time elevated endpoint=/health latency=183ms,3
T099,cart-service,WARN,Health check response time elevated endpoint=/health latency=184ms,4,2026-06-01T07:20:28.148000+00:00,2026-06-01T08:46:40.289000+00:00,Health check response time elevated endpoint=/health latency=184ms,2
T100,cart-service,WARN,Health check response time elevated endpoint=/health latency=191ms,4,2026-06-01T10:01:40.547000+00:00,2026-06-01T21:12:42.415000+00:00,Health check response time elevated endpoint=/health latency=191ms,3
T101,cart-service,WARN,Slow response detected endpoint=/api/cart latency=858ms,4,2026-06-01T15:39:42.121000+00:00,2026-06-01T22:24:00.704000+00:00,Slow response detected endpoint=/api/cart latency=858ms,2
T102,cart-service,WARN,Health check response time elevated endpoint=/health latency=177ms,4,2026-06-01T08:22:35.176000+00:00,2026-06-01T23:36:00.119000+00:00,Health check response time elevated endpoint=/health latency=177ms,2
T103,cart-service,WARN,Slow response detected endpoint=/api/cart latency=1100ms,4,2026-06-01T16:05:43.812000+00:00,2026-06-01T21:56:13.690000+00:00,Slow response detected endpoint=/api/cart latency=1100ms,3
T104,cart-service,WARN,Slow response detected endpoint=/api/cart latency=731ms,4,2026-06-01T18:02:50.866000+00:00,2026-06-01T23:39:18.355000+00:00,Slow response detected endpoint=/api/cart latency=731ms,2
T105,cart-service,WARN,Slow response detected endpoint=/api/cart latency=1514ms,4,2026-06-01T14:32:46.616000+00:00,2026-06-01T23:19:57.888000+00:00,Slow response detected endpoint=/api/cart latency=1514ms,3
T106,cart-service,WARN,Health check response time elevated endpoint=/health latency=158ms,4,2026-06-01T07:05:28.918000+00:00,2026-06-01T20:09:33.126000+00:00,Health check response time elevated endpoint=/health latency=158ms,2
T107,cart-service,WARN,Slow response detected endpoint=/api/cart latency=2458ms,4,2026-06-01T06:59:05.414000+00:00,2026-06-01T21:24:37.450000+00:00,Slow response detected endpoint=/api/cart latency=2458ms,3
T108,cart-service,WARN,Health check response time elevated endpoint=/health latency=161ms,4,2026-06-01T08:41:57.682000+00:00,2026-06-01T22:03:52.418000+00:00,Health check response time elevated endpoint=/health latency=161ms,2
T109,cart-service,WARN,Health check response time elevated endpoint=/health latency=155ms,4,2026-06-01T08:04:14.363000+00:00,2026-06-01T16:16:14.418000+00:00,Health check response time elevated endpoint=/health latency=155ms,2
T110,cart-service,WARN,Health check response time elevated endpoint=/health latency=152ms,4,2026-06-01T01:35:23.779000+00:00,2026-06-01T16:04:21.815000+00:00,Health check response time elevated endpoint=/health latency=152ms,2
T111,cart-service,WARN,Health check response time elevated endpoint=/health latency=149ms,4,2026-06-01T07:22:10.203000+00:00,2026-06-01T23:36:13.603000+00:00,Health check response time elevated endpoint=/health latency=149ms,3
T112,cart-service,WARN,Slow response detected endpoint=/api/cart latency=2497ms,4,2026-06-01T18:10:33.196000+00:00,2026-06-01T23:40:20.949000+00:00,Slow response detected endpoint=/api/cart latency=2497ms,3
T113,cart-service,WARN,Slow response detected endpoint=/api/cart latency=1763ms,4,2026-06-01T09:46:25.074000+00:00,2026-06-01T23:30:58.583000+00:00,Slow response detected endpoint=/api/cart latency=1763ms,3
T114,cart-service,WARN,Health check response time elevated endpoint=/health latency=136ms,4,2026-06-01T09:07:27.360000+00:00,2026-06-01T22:57:18.825000+00:00,Health check response time elevated endpoint=/health latency=136ms,3
T115,cart-service,WARN,Health check response time elevated endpoint=/health latency=145ms,4,2026-06-01T08:34:01.044000+00:00,2026-06-01T13:02:02.110000+00:00,Health check response time elevated endpoint=/health latency=145ms,3
T116,cart-service,WARN,Health check response time elevated endpoint=/health latency=224ms,4,2026-06-01T02:53:16.074000+00:00,2026-06-01T20:17:04.327000+00:00,Health check response time elevated endpoint=/health latency=224ms,2
T117,cart-service,WARN,Health check response time elevated endpoint=/health latency=198ms,4,2026-06-01T14:30:38.042000+00:00,2026-06-01T21:47:39.602000+00:00,Health check response time elevated endpoint=/health latency=198ms,2
T118,cart-service,WARN,Health check response time elevated endpoint=/health latency=245ms,4,2026-06-01T07:41:17.253000+00:00,2026-06-01T22:58:52.740000+00:00,Health check response time elevated endpoint=/health latency=245ms,2
T119,cart-service,WARN,Health check response time elevated endpoint=/health latency=210ms,4,2026-06-01T01:18:45.731000+00:00,2026-06-01T13:27:54.191000+00:00,Health check response time elevated endpoint=/health latency=210ms,3
T120,cart-service,WARN,Health check response time elevated endpoint=/health latency=200ms,4,2026-06-01T03:07:50.157000+00:00,2026-06-01T22:22:41.494000+00:00,Health check response time elevated endpoint=/health latency=200ms,3
T121,cart-service,WARN,Health check response time elevated endpoint=/health latency=219ms,4,2026-06-01T07:57:02.802000+00:00,2026-06-01T19:57:45.921000+00:00,Health check response time elevated endpoint=/health latency=219ms,2
T122,cart-service,WARN,Health check response time elevated endpoint=/health latency=217ms,4,2026-06-01T08:35:55.759000+00:00,2026-06-01T20:46:28.544000+00:00,Health check response time elevated endpoint=/health latency=217ms,2
T123,cart-service,WARN,Health check response time elevated endpoint=/health latency=196ms,4,2026-06-01T09:18:26.507000+00:00,2026-06-01T18:18:57.365000+00:00,Health check response time elevated endpoint=/health latency=196ms,3
T124,cart-service,WARN,Health check response time elevated endpoint=/health latency=242ms,4,2026-06-01T09:04:31.383000+00:00,2026-06-01T19:01:01.503000+00:00,Health check response time elevated endpoint=/health latency=242ms,4
T125,cart-service,WARN,Health check response time elevated endpoint=/health latency=128ms,4,2026-06-01T00:43:58.862000+00:00,2026-06-01T19:20:37.524000+00:00,Health check response time elevated endpoint=/health latency=128ms,3
T126,cart-service,WARN,Health check response time elevated endpoint=/health latency=229ms,4,2026-06-01T07:11:44.312000+00:00,2026-06-01T23:34:21.132000+00:00,Health check response time elevated endpoint=/health latency=229ms,3
T127,cart-service,WARN,Health check response time elevated endpoint=/health latency=233ms,4,2026-06-01T02:18:51.131000+00:00,2026-06-01T22:30:14.355000+00:00,Health check response time elevated endpoint=/health latency=233ms,3
T128,cart-service,WARN,Health check response time elevated endpoint=/health latency=123ms,4,2026-06-01T07:23:39.120000+00:00,2026-06-01T12:22:23.151000+00:00,Health check response time elevated endpoint=/health latency=123ms,2
T129,cart-service,WARN,Slow response detected endpoint=/api/cart latency=699ms,3,2026-06-01T13:47:15.183000+00:00,2026-06-01T21:39:20.589000+00:00,Slow response detected endpoint=/api/cart latency=699ms,3
T130,cart-service,WARN,Slow response detected endpoint=/api/cart latency=2969ms,3,2026-06-01T20:43:51.070000+00:00,2026-06-01T22:47:27.899000+00:00,Slow response detected endpoint=/api/cart latency=2969ms,2
T131,cart-service,WARN,Slow response detected endpoint=/api/cart latency=686ms,3,2026-06-01T17:27:25.334000+00:00,2026-06-01T22:33:20.401000+00:00,Slow response detected endpoint=/api/cart latency=686ms,1
T132,cart-service,WARN,Slow response detected endpoint=/api/cart latency=956ms,3,2026-06-01T15:32:07.097000+00:00,2026-06-01T23:04:39.652000+00:00,Slow response detected endpoint=/api/cart latency=956ms,3
T133,cart-service,WARN,Slow response detected endpoint=/api/cart latency=1006ms,3,2026-06-01T18:49:23.979000+00:00,2026-06-01T21:43:30.067000+00:00,Slow response detected endpoint=/api/cart latency=1006ms,2
T134,cart-service,WARN,Health check response time elevated endpoint=/health latency=248ms,3,2026-06-01T08:34:36.477000+00:00,2026-06-01T17:13:09.479000+00:00,Health check response time elevated endpoint=/health latency=248ms,2
T135,cart-service,WARN,Slow response detected endpoint=/api/cart latency=1102ms,3,2026-06-01T14:07:05.570000+00:00,2026-06-01T21:31:42.508000+00:00,Slow response detected endpoint=/api/cart latency=1102ms,2
T136,cart-service,WARN,Slow response detected endpoint=/api/cart latency=2832ms,3,2026-06-01T16:41:21.667000+00:00,2026-06-01T21:10:42.046000+00:00,Slow response detected endpoint=/api/cart latency=2832ms,2
T137,cart-service,WARN,Slow response detected endpoint=/api/cart latency=507ms,3,2026-06-01T17:06:37.726000+00:00,2026-06-01T21:24:07.232000+00:00,Slow response detected endpoint=/api/cart latency=507ms,3
T138,cart-service,WARN,Slow response detected endpoint=/api/cart latency=1206ms,3,2026-06-01T18:16:08.073000+00:00,2026-06-01T22:29:00.418000+00:00,Slow response detected endpoint=/api/cart latency=1206ms,3
T139,cart-service,WARN,Slow response detected endpoint=/api/cart latency=1272ms,3,2026-06-01T15:13:32.781000+00:00,2026-06-01T22:58:33.711000+00:00,Slow response detected endpoint=/api/cart latency=1272ms,2
T140,cart-service,WARN,Slow response detected endpoint=/api/cart latency=1072ms,3,2026-06-01T15:11:01.411000+00:00,2026-06-01T20:15:25.235000+00:00,Slow response detected endpoint=/api/cart latency=1072ms,2
T141,cart-service,WARN,Slow response detected endpoint=/api/cart latency=2869ms,3,2026-06-01T15:20:18.333000+00:00,2026-06-01T20:23:45.465000+00:00,Slow response detected endpoint=/api/cart latency=2869ms,2
T142,cart-service,WARN,Slow response detected endpoint=/api/cart latency=2975ms,3,2026-06-01T16:26:34.904000+00:00,2026-06-01T21:09:43.550000+00:00,Slow response detected endpoint=/api/cart latency=2975ms,2
T143,cart-service,WARN,Slow response detected endpoint=/api/cart latency=662ms,3,2026-06-01T17:04:20.834000+00:00,2026-06-01T22:45:06.565000+00:00,Slow response detected endpoint=/api/cart latency=662ms,2
T144,cart-service,WARN,Health check response time elevated endpoint=/health latency=172ms,3,2026-06-01T03:34:32.612000+00:00,2026-06-01T08:43:20.749000+00:00,Health check response time elevated endpoint=/health latency=172ms,1
T145,cart-service,WARN,Slow response detected endpoint=/api/cart latency=1648ms,3,2026-06-01T14:32:23.859000+00:00,2026-06-01T20:57:23.107000+00:00,Slow response detected endpoint=/api/cart latency=1648ms,3
T146,cart-service,WARN,Slow response detected endpoint=/api/cart latency=837ms,3,2026-06-01T07:20:47.666000+00:00,2026-06-01T22:38:46.966000+00:00,Slow response detected endpoint=/api/cart latency=837ms,3
T147,cart-service,WARN,Slow response detected endpoint=/api/cart latency=705ms,3,2026-06-01T17:42:24.340000+00:00,2026-06-01T23:25:03.391000+00:00,Slow response detected endpoint=/api/cart latency=705ms,2
T148,cart-service,WARN,Health check response time elevated endpoint=/health latency=194ms,3,2026-06-01T00:58:44.099000+00:00,2026-06-01T20:24:08.725000+00:00,Health check response time elevated endpoint=/health latency=194ms,2
T149,cart-service,WARN,Slow response detected endpoint=/api/cart latency=2823ms,3,2026-06-01T16:42:45.125000+00:00,2026-06-01T19:03:04.586000+00:00,Slow response detected endpoint=/api/cart latency=2823ms,2
T150,cart-service,WARN,Health check response time elevated endpoint=/health latency=181ms,3,2026-06-01T00:43:52.251000+00:00,2026-06-01T04:14:25.151000+00:00,Health check response time elevated endpoint=/health latency=181ms,2
T151,cart-service,WARN,Slow response detected endpoint=/api/cart latency=772ms,3,2026-06-01T16:40:25.461000+00:00,2026-06-01T19:24:57.948000+00:00,Slow response detected endpoint=/api/cart latency=772ms,2
T152,cart-service,WARN,Slow response detected endpoint=/api/cart latency=556ms,3,2026-06-01T17:34:12.124000+00:00,2026-06-01T20:11:12.033000+00:00,Slow response detected endpoint=/api/cart latency=556ms,2
T153,cart-service,WARN,Slow response detected endpoint=/api/cart latency=896ms,3,2026-06-01T14:01:56.413000+00:00,2026-06-01T18:33:30.071000+00:00,Slow response detected endpoint=/api/cart latency=896ms,3
T154,cart-service,WARN,Slow response detected endpoint=/api/cart latency=922ms,3,2026-06-01T07:09:47.834000+00:00,2026-06-01T17:32:06.472000+00:00,Slow response detected endpoint=/api/cart latency=922ms,2
T155,cart-service,WARN,Slow response detected endpoint=/api/cart latency=2720ms,3,2026-06-01T07:20:16.532000+00:00,2026-06-01T19:06:39.782000+00:00,Slow response detected endpoint=/api/cart latency=2720ms,2
T156,cart-service,WARN,Slow response detected endpoint=/api/cart latency=1392ms,3,2026-06-01T10:55:26.121000+00:00,2026-06-01T16:24:17.892000+00:00,Slow response detected endpoint=/api/cart latency=1392ms,2
T157,cart-service,WARN,Slow response detected endpoint=/api/cart latency=2575ms,3,2026-06-01T16:25:46.181000+00:00,2026-06-01T19:40:18.155000+00:00,Slow response detected endpoint=/api/cart latency=2575ms,2
T158,cart-service,WARN,Health check response time elevated endpoint=/health latency=154ms,3,2026-06-01T08:58:50.921000+00:00,2026-06-01T17:43:23.469000+00:00,Health check response time elevated endpoint=/health latency=154ms,2
T159,cart-service,WARN,Slow response detected endpoint=/api/cart latency=2510ms,3,2026-06-01T07:13:08.431000+00:00,2026-06-01T23:26:26.383000+00:00,Slow response detected endpoint=/api/cart latency=2510ms,3
T160,cart-service,WARN,Slow response detected endpoint=/api/cart latency=2451ms,3,2026-06-01T14:13:44.289000+00:00,2026-06-01T17:56:26.304000+00:00,Slow response detected endpoint=/api/cart latency=2451ms,3
T161,cart-service,WARN,Slow response detected endpoint=/api/cart latency=2425ms,3,2026-06-01T16:32:46.491000+00:00,2026-06-01T21:27:33.650000+00:00,Slow response detected endpoint=/api/cart latency=2425ms,3
T162,cart-service,WARN,Slow response detected endpoint=/api/cart latency=2465ms,3,2026-06-01T15:31:33.073000+00:00,2026-06-01T20:26:24.295000+00:00,Slow response detected endpoint=/api/cart latency=2465ms,3
T163,cart-service,WARN,Slow response detected endpoint=/api/cart latency=2333ms,3,2026-06-01T16:27:46.590000+00:00,2026-06-01T21:44:46.867000+00:00,Slow response detected endpoint=/api/cart latency=2333ms,3
T164,cart-service,WARN,Slow response detected endpoint=/api/cart latency=2310ms,3,2026-06-01T16:01:10.480000+00:00,2026-06-01T21:06:18.090000+00:00,Slow response detected endpoint=/api/cart latency=2310ms,3
T165,cart-service,WARN,Slow response detected endpoint=/api/cart latency=2294ms,3,2026-06-01T14:41:24.046000+00:00,2026-06-01T23:42:27.428000+00:00,Slow response detected endpoint=/api/cart latency=2294ms,2
T166,cart-service,WARN,Slow response detected endpoint=/api/cart latency=2171ms,3,2026-06-01T16:06:17.075000+00:00,2026-06-01T22:01:24.823000+00:00,Slow response detected endpoint=/api/cart latency=2171ms,2
T167,cart-service,WARN,Slow response detected endpoint=/api/cart latency=1837ms,3,2026-06-01T14:09:20.128000+00:00,2026-06-01T23:04:12.276000+00:00,Slow response detected endpoint=/api/cart latency=1837ms,2
T168,cart-service,WARN,Slow response detected endpoint=/api/cart latency=1833ms,3,2026-06-01T16:11:40.608000+00:00,2026-06-01T22:46:49.578000+00:00,Slow response detected endpoint=/api/cart latency=1833ms,3
T169,cart-service,WARN,Slow response detected endpoint=/api/cart latency=1882ms,3,2026-06-01T15:01:03.253000+00:00,2026-06-01T23:21:43.758000+00:00,Slow response detected endpoint=/api/cart latency=1882ms,2
T170,cart-service,WARN,Slow response detected endpoint=/api/cart latency=1873ms,3,2026-06-01T15:20:19.705000+00:00,2026-06-01T18:43:53.102000+00:00,Slow response detected endpoint=/api/cart latency=1873ms,2
T171,cart-service,WARN,Slow response detected endpoint=/api/cart latency=1967ms,3,2026-06-01T17:16:43.413000+00:00,2026-06-01T23:36:40.973000+00:00,Slow response detected endpoint=/api/cart latency=1967ms,3
T172,cart-service,WARN,Health check response time elevated endpoint=/health latency=230ms,3,2026-06-01T07:47:57.720000+00:00,2026-06-01T19:23:58.994000+00:00,Health check response time elevated endpoint=/health latency=230ms,3
T173,cart-service,WARN,Health check response time elevated endpoint=/health latency=132ms,3,2026-06-01T06:41:41.316000+00:00,2026-06-01T18:38:19.448000+00:00,Health check response time elevated endpoint=/health latency=132ms,2
T174,cart-service,WARN,Health check response time elevated endpoint=/health latency=130ms,3,2026-06-01T16:58:45.159000+00:00,2026-06-01T23:07:01.206000+00:00,Health check response time elevated endpoint=/health latency=130ms,3
T175,cart-service,WARN,Health check response time elevated endpoint=/health latency=120ms,3,2026-06-01T04:49:02.073000+00:00,2026-06-01T12:10:56.054000+00:00,Health check response time elevated endpoint=/health latency=120ms,2
T176,cart-service,WARN,Health check response time elevated endpoint=/health latency=223ms,3,2026-06-01T20:37:12.309000+00:00,2026-06-01T22:01:46.565000+00:00,Health check response time elevated endpoint=/health latency=223ms,2
T177,cart-service,WARN,Health check response time elevated endpoint=/health latency=144ms,3,2026-06-01T07:35:40.402000+00:00,2026-06-01T19:52:21.879000+00:00,Health check response time elevated endpoint=/health latency=144ms,2
T178,cart-service,WARN,Health check response time elevated endpoint=/health latency=135ms,3,2026-06-01T10:16:46.778000+00:00,2026-06-01T16:29:10.633000+00:00,Health check response time elevated endpoint=/health latency=135ms,2
T179,cart-service,WARN,Slow response detected endpoint=/api/cart latency=1628ms,3,2026-06-01T15:25:47.976000+00:00,2026-06-01T18:38:04.393000+00:00,Slow response detected endpoint=/api/cart latency=1628ms,2
T180,cart-service,WARN,Slow response detected endpoint=/api/cart latency=1830ms,3,2026-06-01T13:27:23.239000+00:00,2026-06-01T18:59:25.459000+00:00,Slow response detected endpoint=/api/cart latency=1830ms,2
T181,cart-service,WARN,Slow response detected endpoint=/api/cart latency=1829ms,3,2026-06-01T17:36:57.293000+00:00,2026-06-01T22:13:40.437000+00:00,Slow response detected endpoint=/api/cart latency=1829ms,2
T182,cart-service,WARN,Slow response detected endpoint=/api/cart latency=1861ms,3,2026-06-01T14:30:26.393000+00:00,2026-06-01T23:12:22.248000+00:00,Slow response detected endpoint=/api/cart latency=1861ms,3
T183,cart-service,WARN,Slow response detected endpoint=/api/cart latency=1080ms,2,2026-06-01T14:20:42.666000+00:00,2026-06-01T18:46:58.081000+00:00,Slow response detected endpoint=/api/cart latency=1080ms,2
T184,cart-service,WARN,Slow response detected endpoint=/api/cart latency=1068ms,2,2026-06-01T20:21:17.231000+00:00,2026-06-01T22:59:51.624000+00:00,Slow response detected endpoint=/api/cart latency=1068ms,2
T185,cart-service,WARN,Slow response detected endpoint=/api/cart latency=1066ms,2,2026-06-01T14:01:15.899000+00:00,2026-06-01T20:19:36.937000+00:00,Slow response detected endpoint=/api/cart latency=1066ms,2
T186,cart-service,WARN,Slow response detected endpoint=/api/cart latency=855ms,2,2026-06-01T09:14:37.157000+00:00,2026-06-01T20:59:35.116000+00:00,Slow response detected endpoint=/api/cart latency=855ms,2
T187,cart-service,WARN,Slow response detected endpoint=/api/cart latency=850ms,2,2026-06-01T19:21:31.147000+00:00,2026-06-01T21:24:48.215000+00:00,Slow response detected endpoint=/api/cart latency=850ms,2
T188,cart-service,WARN,Slow response detected endpoint=/api/cart latency=836ms,2,2026-06-01T06:45:43.871000+00:00,2026-06-01T14:36:21.966000+00:00,Slow response detected endpoint=/api/cart latency=836ms,2
T189,cart-service,WARN,Slow response detected endpoint=/api/cart latency=829ms,2,2026-06-01T16:54:54.007000+00:00,2026-06-01T17:05:46.395000+00:00,Slow response detected endpoint=/api/cart latency=829ms,2
T190,cart-service,WARN,Slow response detected endpoint=/api/cart latency=824ms,2,2026-06-01T07:49:32.626000+00:00,2026-06-01T23:30:55.975000+00:00,Slow response detected endpoint=/api/cart latency=824ms,1
T191,cart-service,WARN,Slow response detected endpoint=/api/cart latency=815ms,2,2026-06-01T19:40:48.619000+00:00,2026-06-01T22:32:42.226000+00:00,Slow response detected endpoint=/api/cart latency=815ms,2
T192,cart-service,WARN,Slow response detected endpoint=/api/cart latency=881ms,2,2026-06-01T15:53:24.168000+00:00,2026-06-01T20:36:51.374000+00:00,Slow response detected endpoint=/api/cart latency=881ms,1
T193,cart-service,WARN,Slow response detected endpoint=/api/cart latency=861ms,2,2026-06-01T15:18:48.334000+00:00,2026-06-01T17:03:56.327000+00:00,Slow response detected endpoint=/api/cart latency=861ms,2
T194,cart-service,WARN,Slow response detected endpoint=/api/cart latency=1044ms,2,2026-06-01T11:18:07.303000+00:00,2026-06-01T23:09:19.609000+00:00,Slow response detected endpoint=/api/cart latency=1044ms,2
T195,cart-service,WARN,Slow response detected endpoint=/api/cart latency=1101ms,2,2026-06-01T17:25:14.638000+00:00,2026-06-01T19:48:24.068000+00:00,Slow response detected endpoint=/api/cart latency=1101ms,1
T196,cart-service,WARN,Slow response detected endpoint=/api/cart latency=1099ms,2,2026-06-01T14:45:18.075000+00:00,2026-06-01T15:44:57.732000+00:00,Slow response detected endpoint=/api/cart latency=1099ms,2
T197,cart-service,WARN,Slow response detected endpoint=/api/cart latency=1098ms,2,2026-06-01T15:21:43.189000+00:00,2026-06-01T15:30:34.250000+00:00,Slow response detected endpoint=/api/cart latency=1098ms,2
T198,cart-service,WARN,Slow response detected endpoint=/api/cart latency=1094ms,2,2026-06-01T20:16:15.898000+00:00,2026-06-01T21:30:33.127000+00:00,Slow response detected endpoint=/api/cart latency=1094ms,2
T199,cart-service,WARN,Slow response detected endpoint=/api/cart latency=740ms,2,2026-06-01T08:42:46.234000+00:00,2026-06-01T20:03:16.931000+00:00,Slow response detected endpoint=/api/cart latency=740ms,1
T200,cart-service,WARN,Slow response detected endpoint=/api/cart latency=735ms,2,2026-06-01T19:26:15.487000+00:00,2026-06-01T21:28:42.946000+00:00,Slow response detected endpoint=/api/cart latency=735ms,2
T201,cart-service,WARN,Slow response detected endpoint=/api/cart latency=723ms,2,2026-06-01T15:19:18.226000+00:00,2026-06-01T18:05:24.517000+00:00,Slow response detected endpoint=/api/cart latency=723ms,2
T202,cart-service,WARN,Slow response detected endpoint=/api/cart latency=707ms,2,2026-06-01T20:23:42.334000+00:00,2026-06-01T20:49:34.277000+00:00,Slow response detected endpoint=/api/cart latency=707ms,2
T203,cart-service,WARN,Slow response detected endpoint=/api/cart latency=778ms,2,2026-06-01T17:31:21.055000+00:00,2026-06-01T22:14:22.911000+00:00,Slow response detected endpoint=/api/cart latency=778ms,1
T204,cart-service,WARN,Slow response detected endpoint=/api/cart latency=764ms,2,2026-06-01T17:05:24.454000+00:00,2026-06-01T22:29:08.878000+00:00,Slow response detected endpoint=/api/cart latency=764ms,1
T205,cart-service,WARN,Slow response detected endpoint=/api/cart latency=746ms,2,2026-06-01T15:03:35.335000+00:00,2026-06-01T17:47:43.417000+00:00,Slow response detected endpoint=/api/cart latency=746ms,2
T206,cart-service,WARN,Slow response detected endpoint=/api/cart latency=811ms,2,2026-06-01T17:32:40.489000+00:00,2026-06-01T19:29:23.998000+00:00,Slow response detected endpoint=/api/cart latency=811ms,2
T207,cart-service,WARN,Slow response detected endpoint=/api/cart latency=797ms,2,2026-06-01T21:07:18.172000+00:00,2026-06-01T22:32:06.668000+00:00,Slow response detected endpoint=/api/cart latency=797ms,2
T208,cart-service,WARN,Slow response detected endpoint=/api/cart latency=659ms,2,2026-06-01T14:09:10.127000+00:00,2026-06-01T21:24:56.683000+00:00,Slow response detected endpoint=/api/cart latency=659ms,2
T209,cart-service,WARN,Slow response detected endpoint=/api/cart latency=644ms,2,2026-06-01T10:03:52.007000+00:00,2026-06-01T22:42:13.877000+00:00,Slow response detected endpoint=/api/cart latency=644ms,2
T210,cart-service,WARN,Slow response detected endpoint=/api/cart latency=642ms,2,2026-06-01T12:07:39.377000+00:00,2026-06-01T19:15:18.960000+00:00,Slow response detected endpoint=/api/cart latency=642ms,1
T211,cart-service,WARN,Slow response detected endpoint=/api/cart latency=638ms,2,2026-06-01T19:20:15.278000+00:00,2026-06-01T22:17:46.452000+00:00,Slow response detected endpoint=/api/cart latency=638ms,2
T212,cart-service,WARN,Slow response detected endpoint=/api/cart latency=636ms,2,2026-06-01T19:20:54.788000+00:00,2026-06-01T19:24:51.571000+00:00,Slow response detected endpoint=/api/cart latency=636ms,2
T213,cart-service,WARN,Slow response detected endpoint=/api/cart latency=1153ms,2,2026-06-01T06:34:56.284000+00:00,2026-06-01T23:40:57.013000+00:00,Slow response detected endpoint=/api/cart latency=1153ms,2
T214,cart-service,WARN,Slow response detected endpoint=/api/cart latency=1130ms,2,2026-06-01T18:09:50.194000+00:00,2026-06-01T19:15:38.734000+00:00,Slow response detected endpoint=/api/cart latency=1130ms,2
T215,cart-service,WARN,Slow response detected endpoint=/api/cart latency=1125ms,2,2026-06-01T18:47:28.579000+00:00,2026-06-01T23:13:26.405000+00:00,Slow response detected endpoint=/api/cart latency=1125ms,1
T216,cart-service,WARN,Slow response detected endpoint=/api/cart latency=1112ms,2,2026-06-01T22:31:05.866000+00:00,2026-06-01T22:34:25.500000+00:00,Slow response detected endpoint=/api/cart latency=1112ms,1
T217,cart-service,WARN,Slow response detected endpoint=/api/cart latency=700ms,2,2026-06-01T16:11:48.664000+00:00,2026-06-01T20:46:53.699000+00:00,Slow response detected endpoint=/api/cart latency=700ms,2
T218,cart-service,WARN,Slow response detected endpoint=/api/cart latency=698ms,2,2026-06-01T16:48:27.406000+00:00,2026-06-01T17:15:51.505000+00:00,Slow response detected endpoint=/api/cart latency=698ms,1
T219,cart-service,WARN,Slow response detected endpoint=/api/cart latency=684ms,2,2026-06-01T07:46:17.137000+00:00,2026-06-01T20:36:50.790000+00:00,Slow response detected endpoint=/api/cart latency=684ms,1
T220,cart-service,WARN,Slow response detected endpoint=/api/cart latency=683ms,2,2026-06-01T18:27:35.298000+00:00,2026-06-01T22:10:35.967000+00:00,Slow response detected endpoint=/api/cart latency=683ms,2
T221,cart-service,WARN,Slow response detected endpoint=/api/cart latency=664ms,2,2026-06-01T09:02:22.439000+00:00,2026-06-01T19:14:38.665000+00:00,Slow response detected endpoint=/api/cart latency=664ms,2
T222,cart-service,WARN,Slow response detected endpoint=/api/cart latency=1164ms,2,2026-06-01T19:40:43.330000+00:00,2026-06-01T20:51:09.581000+00:00,Slow response detected endpoint=/api/cart latency=1164ms,2
T223,cart-service,WARN,Slow response detected endpoint=/api/cart latency=1162ms,2,2026-06-01T10:58:19.617000+00:00,2026-06-01T17:26:53.270000+00:00,Slow response detected endpoint=/api/cart latency=1162ms,2
T224,cart-service,WARN,Slow response detected endpoint=/api/cart latency=1157ms,2,2026-06-01T09:54:38.477000+00:00,2026-06-01T11:29:41.466000+00:00,Slow response detected endpoint=/api/cart latency=1157ms,2
T225,cart-service,WARN,Slow response detected endpoint=/api/cart latency=1154ms,2,2026-06-01T17:12:45.491000+00:00,2026-06-01T21:46:57.909000+00:00,Slow response detected endpoint=/api/cart latency=1154ms,1
T226,cart-service,WARN,Slow response detected endpoint=/api/cart latency=603ms,2,2026-06-01T15:58:37.710000+00:00,2026-06-01T20:54:31.090000+00:00,Slow response detected endpoint=/api/cart latency=603ms,2
T227,cart-service,WARN,Slow response detected endpoint=/api/cart latency=601ms,2,2026-06-01T21:43:16.678000+00:00,2026-06-01T22:45:30.747000+00:00,Slow response detected endpoint=/api/cart latency=601ms,1
T228,cart-service,WARN,Slow response detected endpoint=/api/cart latency=600ms,2,2026-06-01T20:27:19.437000+00:00,2026-06-01T23:39:53.827000+00:00,Slow response detected endpoint=/api/cart latency=600ms,2
T229,cart-service,WARN,Slow response detected endpoint=/api/cart latency=594ms,2,2026-06-01T20:18:06.163000+00:00,2026-06-01T20:47:19.238000+00:00,Slow response detected endpoint=/api/cart latency=594ms,2
T230,cart-service,WARN,Slow response detected endpoint=/api/cart latency=587ms,2,2026-06-01T17:28:47.437000+00:00,2026-06-01T20:16:16.776000+00:00,Slow response detected endpoint=/api/cart latency=587ms,2
T231,cart-service,WARN,Slow response detected endpoint=/api/cart latency=579ms,2,2026-06-01T18:28:42.239000+00:00,2026-06-01T22:04:09.472000+00:00,Slow response detected endpoint=/api/cart latency=579ms,1
T232,cart-service,WARN,Slow response detected endpoint=/api/cart latency=573ms,2,2026-06-01T11:37:40.530000+00:00,2026-06-01T22:52:32.339000+00:00,Slow response detected endpoint=/api/cart latency=573ms,2
T233,cart-service,WARN,Slow response detected endpoint=/api/cart latency=635ms,2,2026-06-01T15:04:14.448000+00:00,2026-06-01T22:48:52.389000+00:00,Slow response detected endpoint=/api/cart latency=635ms,2
T234,cart-service,WARN,Slow response detected endpoint=/api/cart latency=627ms,2,2026-06-01T15:06:32.536000+00:00,2026-06-01T17:07:47.656000+00:00,Slow response detected endpoint=/api/cart latency=627ms,2
T235,cart-service,WARN,Slow response detected endpoint=/api/cart latency=611ms,2,2026-06-01T14:27:09.955000+00:00,2026-06-01T23:18:27.795000+00:00,Slow response detected endpoint=/api/cart latency=611ms,2
T236,cart-service,WARN,Slow response detected endpoint=/api/cart latency=661ms,2,2026-06-01T14:13:11.148000+00:00,2026-06-01T15:14:48.280000+00:00,Slow response detected endpoint=/api/cart latency=661ms,2
T237,cart-service,WARN,Slow response detected endpoint=/api/cart latency=2984ms,2,2026-06-01T16:24:56.583000+00:00,2026-06-01T16:38:54.644000+00:00,Slow response detected endpoint=/api/cart latency=2984ms,2
T238,cart-service,WARN,Slow response detected endpoint=/api/cart latency=524ms,2,2026-06-01T17:53:04.405000+00:00,2026-06-01T20:21:57.873000+00:00,Slow response detected endpoint=/api/cart latency=524ms,1
T239,cart-service,WARN,Slow response detected endpoint=/api/cart latency=523ms,2,2026-06-01T18:40:52.617000+00:00,2026-06-01T23:18:01.602000+00:00,Slow response detected endpoint=/api/cart latency=523ms,1
T240,cart-service,WARN,Slow response detected endpoint=/api/cart latency=509ms,2,2026-06-01T20:12:00.235000+00:00,2026-06-01T22:28:35.417000+00:00,Slow response detected endpoint=/api/cart latency=509ms,2
T241,cart-service,WARN,Slow response detected endpoint=/api/cart latency=1211ms,2,2026-06-01T07:59:13.089000+00:00,2026-06-01T16:15:31.628000+00:00,Slow response detected endpoint=/api/cart latency=1211ms,2
T242,cart-service,WARN,Slow response detected endpoint=/api/cart latency=1191ms,2,2026-06-01T21:42:45.703000+00:00,2026-06-01T22:41:15.592000+00:00,Slow response detected endpoint=/api/cart latency=1191ms,2
T243,cart-service,WARN,Slow response detected endpoint=/api/cart latency=567ms,2,2026-06-01T21:20:45.776000+00:00,2026-06-01T22:48:50.985000+00:00,Slow response detected endpoint=/api/cart latency=567ms,2
T244,cart-service,WARN,Slow response detected endpoint=/api/cart latency=564ms,2,2026-06-01T14:52:47.516000+00:00,2026-06-01T22:51:33.804000+00:00,Slow response detected endpoint=/api/cart latency=564ms,2
T245,cart-service,WARN,Slow response detected endpoint=/api/cart latency=562ms,2,2026-06-01T17:02:35.989000+00:00,2026-06-01T22:55:57.576000+00:00,Slow response detected endpoint=/api/cart latency=562ms,2
T246,cart-service,WARN,Slow response detected endpoint=/api/cart latency=559ms,2,2026-06-01T19:47:32.028000+00:00,2026-06-01T19:55:12.694000+00:00,Slow response detected endpoint=/api/cart latency=559ms,1
T247,cart-service,WARN,Slow response detected endpoint=/api/cart latency=552ms,2,2026-06-01T20:10:32.025000+00:00,2026-06-01T21:50:22.768000+00:00,Slow response detected endpoint=/api/cart latency=552ms,2
T248,cart-service,WARN,Slow response detected endpoint=/api/cart latency=546ms,2,2026-06-01T15:54:55.244000+00:00,2026-06-01T20:11:50.939000+00:00,Slow response detected endpoint=/api/cart latency=546ms,2
T249,cart-service,WARN,Slow response detected endpoint=/api/cart latency=1181ms,2,2026-06-01T14:57:31.015000+00:00,2026-06-01T18:48:00.955000+00:00,Slow response detected endpoint=/api/cart latency=1181ms,2
T250,cart-service,WARN,Slow response detected endpoint=/api/cart latency=1173ms,2,2026-06-01T22:31:02.400000+00:00,2026-06-01T22:48:09.209000+00:00,Slow response detected endpoint=/api/cart latency=1173ms,2
T251,cart-service,WARN,Slow response detected endpoint=/api/cart latency=2934ms,2,2026-06-01T13:51:18.040000+00:00,2026-06-01T15:54:40.239000+00:00,Slow response detected endpoint=/api/cart latency=2934ms,2
T252,cart-service,WARN,Health check response time elevated endpoint=/health latency=173ms,2,2026-06-01T03:41:25.463000+00:00,2026-06-01T08:04:34.343000+00:00,Health check response time elevated endpoint=/health latency=173ms,2
T253,cart-service,WARN,Health check response time elevated endpoint=/health latency=170ms,2,2026-06-01T10:05:21.423000+00:00,2026-06-01T14:29:12.148000+00:00,Health check response time elevated endpoint=/health latency=170ms,2
T254,cart-service,WARN,Slow response detected endpoint=/api/cart latency=1256ms,2,2026-06-01T22:29:19.009000+00:00,2026-06-01T23:18:02.997000+00:00,Slow response detected endpoint=/api/cart latency=1256ms,2
T255,cart-service,WARN,Slow response detected endpoint=/api/cart latency=1253ms,2,2026-06-01T10:03:28.361000+00:00,2026-06-01T12:06:32.696000+00:00,Slow response detected endpoint=/api/cart latency=1253ms,2
T256,cart-service,WARN,Slow response detected endpoint=/api/cart latency=1245ms,2,2026-06-01T16:24:37.721000+00:00,2026-06-01T19:34:10.654000+00:00,Slow response detected endpoint=/api/cart latency=1245ms,2
T257,cart-service,WARN,Slow response detected endpoint=/api/cart latency=1242ms,2,2026-06-01T18:52:49.938000+00:00,2026-06-01T20:36:16+00:00,Slow response detected endpoint=/api/cart latency=1242ms,1
T258,cart-service,WARN,Slow response detected endpoint=/api/cart latency=1239ms,2,2026-06-01T16:25:27.921000+00:00,2026-06-01T17:04:08.374000+00:00,Slow response detected endpoint=/api/cart latency=1239ms,2
T259,cart-service,WARN,Slow response detected endpoint=/api/cart latency=2970ms,2,2026-06-01T08:10:18.094000+00:00,2026-06-01T18:15:20.997000+00:00,Slow response detected endpoint=/api/cart latency=2970ms,1
T260,cart-service,WARN,Slow response detected endpoint=/api/cart latency=2964ms,2,2026-06-01T16:24:46.548000+00:00,2026-06-01T17:31:58.080000+00:00,Slow response detected endpoint=/api/cart latency=2964ms,1
T261,cart-service,WARN,Slow response detected endpoint=/api/cart latency=2989ms,2,2026-06-01T17:11:14.315000+00:00,2026-06-01T20:33:33.780000+00:00,Slow response detected endpoint=/api/cart latency=2989ms,2
T262,cart-service,WARN,Slow response detected endpoint=/api/cart latency=2988ms,2,2026-06-01T19:12:56.236000+00:00,2026-06-01T23:07:38.592000+00:00,Slow response detected endpoint=/api/cart latency=2988ms,1
T263,cart-service,WARN,Slow response detected endpoint=/api/cart latency=1282ms,2,2026-06-01T19:05:27.035000+00:00,2026-06-01T23:05:24.879000+00:00,Slow response detected endpoint=/api/cart latency=1282ms,1
T264,cart-service,WARN,Slow response detected endpoint=/api/cart latency=1257ms,2,2026-06-01T19:21:57.019000+00:00,2026-06-01T20:47:19.640000+00:00,Slow response detected endpoint=/api/cart latency=1257ms,2
T265,cart-service,WARN,Slow response detected endpoint=/api/cart latency=2880ms,2,2026-06-01T10:52:02.495000+00:00,2026-06-01T23:24:35.773000+00:00,Slow response detected endpoint=/api/cart latency=2880ms,2
T266,cart-service,WARN,Slow response detected endpoint=/api/cart latency=2862ms,2,2026-06-01T18:01:37.442000+00:00,2026-06-01T22:59:27.408000+00:00,Slow response detected endpoint=/api/cart latency=2862ms,2
T267,cart-service,WARN,Slow response detected endpoint=/api/cart latency=2861ms,2,2026-06-01T07:35:28.301000+00:00,2026-06-01T14:36:21.802000+00:00,Slow response detected endpoint=/api/cart latency=2861ms,2
T268,cart-service,WARN,Slow response detected endpoint=/api/cart latency=2846ms,2,2026-06-01T16:31:05.760000+00:00,2026-06-01T19:12:24.959000+00:00,Slow response detected endpoint=/api/cart latency=2846ms,2
T269,cart-service,WARN,Slow response detected endpoint=/api/cart latency=2909ms,2,2026-06-01T14:07:12.558000+00:00,2026-06-01T16:51:15.062000+00:00,Slow response detected endpoint=/api/cart latency=2909ms,1
T270,cart-service,WARN,Slow response detected endpoint=/api/cart latency=2900ms,2,2026-06-01T19:46:50.489000+00:00,2026-06-01T21:48:48.225000+00:00,Slow response detected endpoint=/api/cart latency=2900ms,2
T271,cart-service,WARN,Slow response detected endpoint=/api/cart latency=2898ms,2,2026-06-01T16:57:15.315000+00:00,2026-06-01T20:36:50.131000+00:00,Slow response detected endpoint=/api/cart latency=2898ms,1
T272,cart-service,WARN,Slow response detected endpoint=/api/cart latency=2891ms,2,2026-06-01T17:57:31.844000+00:00,2026-06-01T18:06:18.968000+00:00,Slow response detected endpoint=/api/cart latency=2891ms,2
T273,cart-service,WARN,Slow response detected endpoint=/api/cart latency=2947ms,2,2026-06-01T19:14:14.918000+00:00,2026-06-01T23:36:04.044000+00:00,Slow response detected endpoint=/api/cart latency=2947ms,2
T274,cart-service,WARN,Slow response detected endpoint=/api/cart latency=2945ms,2,2026-06-01T12:41:27.938000+00:00,2026-06-01T15:54:39.311000+00:00,Slow response detected endpoint=/api/cart latency=2945ms,2
T275,cart-service,WARN,Slow response detected endpoint=/api/cart latency=2938ms,2,2026-06-01T14:24:05.449000+00:00,2026-06-01T22:41:38.722000+00:00,Slow response detected endpoint=/api/cart latency=2938ms,2
T276,cart-service,WARN,Slow response detected endpoint=/api/cart latency=1323ms,2,2026-06-01T12:20:51.568000+00:00,2026-06-01T20:43:14.666000+00:00,Slow response detected endpoint=/api/cart latency=1323ms,2
T277,cart-service,WARN,Slow response detected endpoint=/api/cart latency=1313ms,2,2026-06-01T13:49:54.753000+00:00,2026-06-01T15:25:34.543000+00:00,Slow response detected endpoint=/api/cart latency=1313ms,1
T278,cart-service,WARN,Slow response detected endpoint=/api/cart latency=1295ms,2,2026-06-01T20:26:53.369000+00:00,2026-06-01T23:25:42.555000+00:00,Slow response detected endpoint=/api/cart latency=1295ms,2
T279,cart-service,WARN,Slow response detected endpoint=/api/cart latency=2771ms,2,2026-06-01T22:44:46.486000+00:00,2026-06-01T23:24:17.023000+00:00,Slow response detected endpoint=/api/cart latency=2771ms,2
T280,cart-service,WARN,Slow response detected endpoint=/api/cart latency=2757ms,2,2026-06-01T20:49:24.745000+00:00,2026-06-01T20:51:50.239000+00:00,Slow response detected endpoint=/api/cart latency=2757ms,1
T281,cart-service,WARN,Slow response detected endpoint=/api/cart latency=2750ms,2,2026-06-01T14:58:00.736000+00:00,2026-06-01T20:24:02.545000+00:00,Slow response detected endpoint=/api/cart latency=2750ms,2
T282,cart-service,WARN,Slow response detected endpoint=/api/cart latency=2749ms,2,2026-06-01T15:18:31.613000+00:00,2026-06-01T18:33:35.582000+00:00,Slow response detected endpoint=/api/cart latency=2749ms,2
T283,cart-service,WARN,Slow response detected endpoint=/api/cart latency=2745ms,2,2026-06-01T21:03:22.911000+00:00,2026-06-01T21:59:53.623000+00:00,Slow response detected endpoint=/api/cart latency=2745ms,2
T284,cart-service,WARN,Slow response detected endpoint=/api/cart latency=2804ms,2,2026-06-01T17:05:49.929000+00:00,2026-06-01T18:55:45.090000+00:00,Slow response detected endpoint=/api/cart latency=2804ms,2
T285,cart-service,WARN,Slow response detected endpoint=/api/cart latency=2796ms,2,2026-06-01T16:51:03.080000+00:00,2026-06-01T22:22:48.381000+00:00,Slow response detected endpoint=/api/cart latency=2796ms,2
T286,cart-service,WARN,Slow response detected endpoint=/api/cart latency=2785ms,2,2026-06-01T22:27:16.107000+00:00,2026-06-01T23:17:35.405000+00:00,Slow response detected endpoint=/api/cart latency=2785ms,2
T287,cart-service,WARN,Slow response detected endpoint=/api/cart latency=2843ms,2,2026-06-01T17:41:48.640000+00:00,2026-06-01T21:05:31.788000+00:00,Slow response detected endpoint=/api/cart latency=2843ms,1
T288,cart-service,WARN,Slow response detected endpoint=/api/cart latency=2837ms,2,2026-06-01T14:39:52.313000+00:00,2026-06-01T18:24:57.555000+00:00,Slow response detected endpoint=/api/cart latency=2837ms,1
T289,cart-service,WARN,Slow response detected endpoint=/api/cart latency=2834ms,2,2026-06-01T18:06:43.737000+00:00,2026-06-01T22:15:22.103000+00:00,Slow response detected endpoint=/api/cart latency=2834ms,2
T290,cart-service,WARN,Slow response detected endpoint=/api/cart latency=2827ms,2,2026-06-01T15:47:04.979000+00:00,2026-06-01T20:06:17.675000+00:00,Slow response detected endpoint=/api/cart latency=2827ms,2
T291,cart-service,WARN,Slow response detected endpoint=/api/cart latency=2633ms,2,2026-06-01T06:46:40.559000+00:00,2026-06-01T22:03:20.961000+00:00,Slow response detected endpoint=/api/cart latency=2633ms,1
T292,cart-service,WARN,Slow response detected endpoint=/api/cart latency=2627ms,2,2026-06-01T16:08:21.490000+00:00,2026-06-01T19:30:45.822000+00:00,Slow response detected endpoint=/api/cart latency=2627ms,2
T293,cart-service,WARN,Slow response detected endpoint=/api/cart latency=2624ms,2,2026-06-01T17:16:50.146000+00:00,2026-06-01T18:54:45.746000+00:00,Slow response detected endpoint=/api/cart latency=2624ms,1
T294,cart-service,WARN,Slow response detected endpoint=/api/cart latency=1367ms,2,2026-06-01T12:40:25.470000+00:00,2026-06-01T19:31:42.330000+00:00,Slow response detected endpoint=/api/cart latency=1367ms,2
T295,cart-service,WARN,Slow response detected endpoint=/api/cart latency=1365ms,2,2026-06-01T20:21:06.690000+00:00,2026-06-01T23:34:13.754000+00:00,Slow response detected endpoint=/api/cart latency=1365ms,2
T296,cart-service,WARN,Slow response detected endpoint=/api/cart latency=1361ms,2,2026-06-01T16:21:35.885000+00:00,2026-06-01T16:28:46.410000+00:00,Slow response detected endpoint=/api/cart latency=1361ms,2
T297,cart-service,WARN,Slow response detected endpoint=/api/cart latency=1346ms,2,2026-06-01T18:58:16.350000+00:00,2026-06-01T20:50:31.618000+00:00,Slow response detected endpoint=/api/cart latency=1346ms,2
T298,cart-service,WARN,Slow response detected endpoint=/api/cart latency=2665ms,2,2026-06-01T16:41:20.024000+00:00,2026-06-01T19:30:49.944000+00:00,Slow response detected endpoint=/api/cart latency=2665ms,2
T299,cart-service,WARN,Slow response detected endpoint=/api/cart latency=2659ms,2,2026-06-01T17:06:50.867000+00:00,2026-06-01T22:49:41.785000+00:00,Slow response detected endpoint=/api/cart latency=2659ms,2
T300,cart-service,WARN,Slow response detected endpoint=/api/cart latency=2718ms,2,2026-06-01T08:51:53.516000+00:00,2026-06-01T18:10:37.604000+00:00,Slow response detected endpoint=/api/cart latency=2718ms,1
T301,cart-service,WARN,Slow response detected endpoint=/api/cart latency=2712ms,2,2026-06-01T14:17:58.002000+00:00,2026-06-01T22:16:06.232000+00:00,Slow response detected endpoint=/api/cart latency=2712ms,2
T302,cart-service,WARN,Slow response detected endpoint=/api/cart latency=2700ms,2,2026-06-01T16:14:01.677000+00:00,2026-06-01T17:54:06.061000+00:00,Slow response detected endpoint=/api/cart latency=2700ms,2
T303,cart-service,WARN,Slow response detected endpoint=/api/cart latency=2731ms,2,2026-06-01T07:27:10.651000+00:00,2026-06-01T21:32:31.680000+00:00,Slow response detected endpoint=/api/cart latency=2731ms,2
T304,cart-service,WARN,Slow response detected endpoint=/api/cart latency=2724ms,2,2026-06-01T17:18:02.442000+00:00,2026-06-01T21:14:33.503000+00:00,Slow response detected endpoint=/api/cart latency=2724ms,2
T305,cart-service,WARN,Slow response detected endpoint=/api/cart latency=977ms,2,2026-06-01T08:03:00.459000+00:00,2026-06-01T18:48:28.129000+00:00,Slow response detected endpoint=/api/cart latency=977ms,1
T306,cart-service,WARN,Slow response detected endpoint=/api/cart latency=1325ms,2,2026-06-01T14:11:00.986000+00:00,2026-06-01T17:38:57.413000+00:00,Slow response detected endpoint=/api/cart latency=1325ms,2
T307,cart-service,WARN,Slow response detected endpoint=/api/cart latency=2522ms,2,2026-06-01T10:15:35.700000+00:00,2026-06-01T19:55:05.297000+00:00,Slow response detected endpoint=/api/cart latency=2522ms,2
T308,cart-service,WARN,Slow response detected endpoint=/api/cart latency=984ms,2,2026-06-01T12:50:28.304000+00:00,2026-06-01T14:36:14.557000+00:00,Slow response detected endpoint=/api/cart latency=984ms,2
T309,cart-service,WARN,Slow response detected endpoint=/api/cart latency=1380ms,2,2026-06-01T14:21:26.975000+00:00,2026-06-01T20:17:25.681000+00:00,Slow response detected endpoint=/api/cart latency=1380ms,2
T310,cart-service,WARN,Slow response detected endpoint=/api/cart latency=1374ms,2,2026-06-01T17:11:10.022000+00:00,2026-06-01T20:19:12.398000+00:00,Slow response detected endpoint=/api/cart latency=1374ms,2
T311,cart-service,WARN,Slow response detected endpoint=/api/cart latency=1371ms,2,2026-06-01T14:25:28.364000+00:00,2026-06-01T21:18:01.031000+00:00,Slow response detected endpoint=/api/cart latency=1371ms,1
T312,cart-service,WARN,Slow response detected endpoint=/api/cart latency=2583ms,2,2026-06-01T17:17:33.188000+00:00,2026-06-01T23:25:35.788000+00:00,Slow response detected endpoint=/api/cart latency=2583ms,2
T313,cart-service,WARN,Slow response detected endpoint=/api/cart latency=1638ms,2,2026-06-01T15:32:02.529000+00:00,2026-06-01T15:32:03.519000+00:00,Slow response detected endpoint=/api/cart latency=1638ms,2
T314,cart-service,WARN,Slow response detected endpoint=/api/cart latency=2567ms,2,2026-06-01T22:28:14.325000+00:00,2026-06-01T22:41:21.362000+00:00,Slow response detected endpoint=/api/cart latency=2567ms,2
T315,cart-service,WARN,Slow response detected endpoint=/api/cart latency=2619ms,2,2026-06-01T14:37:22.107000+00:00,2026-06-01T23:07:51.661000+00:00,Slow response detected endpoint=/api/cart latency=2619ms,2
T316,cart-service,WARN,Slow response detected endpoint=/api/cart latency=2616ms,2,2026-06-01T15:05:26.516000+00:00,2026-06-01T22:31:36.810000+00:00,Slow response detected endpoint=/api/cart latency=2616ms,2
T317,cart-service,WARN,Slow response detected endpoint=/api/cart latency=2615ms,2,2026-06-01T18:07:24.941000+00:00,2026-06-01T22:49:28.180000+00:00,Slow response detected endpoint=/api/cart latency=2615ms,2
T318,cart-service,WARN,Slow response detected endpoint=/api/cart latency=2604ms,2,2026-06-01T13:55:35.167000+00:00,2026-06-01T23:20:54.482000+00:00,Slow response detected endpoint=/api/cart latency=2604ms,1
T319,cart-service,WARN,Slow response detected endpoint=/api/cart latency=2598ms,2,2026-06-01T17:47:24.108000+00:00,2026-06-01T21:23:22.086000+00:00,Slow response detected endpoint=/api/cart latency=2598ms,2
T320,cart-service,WARN,Slow response detected endpoint=/api/cart latency=2642ms,2,2026-06-01T17:00:57.054000+00:00,2026-06-01T19:31:34.757000+00:00,Slow response detected endpoint=/api/cart latency=2642ms,2
T321,cart-service,WARN,Slow response detected endpoint=/api/cart latency=2640ms,2,2026-06-01T17:46:22.801000+00:00,2026-06-01T23:02:57.980000+00:00,Slow response detected endpoint=/api/cart latency=2640ms,2
T322,cart-service,WARN,Slow response detected endpoint=/api/cart latency=2636ms,2,2026-06-01T15:11:53.473000+00:00,2026-06-01T21:37:16.714000+00:00,Slow response detected endpoint=/api/cart latency=2636ms,2
T323,cart-service,WARN,Slow response detected endpoint=/api/cart latency=1425ms,2,2026-06-01T10:35:40.776000+00:00,2026-06-01T19:45:08.969000+00:00,Slow response detected endpoint=/api/cart latency=1425ms,2
T324,cart-service,WARN,Health check response time elevated endpoint=/health latency=160ms,2,2026-06-01T15:50:56.964000+00:00,2026-06-01T23:48:36.144000+00:00,Health check response time elevated endpoint=/health latency=160ms,2
T325,cart-service,WARN,Slow response detected endpoint=/api/cart latency=1702ms,2,2026-06-01T19:53:22.708000+00:00,2026-06-01T23:52:32.281000+00:00,Slow response detected endpoint=/api/cart latency=1702ms,2
T326,cart-service,WARN,Slow response detected endpoint=/api/cart latency=1413ms,2,2026-06-01T16:25:17.305000+00:00,2026-06-01T18:27:30.446000+00:00,Slow response detected endpoint=/api/cart latency=1413ms,2
T327,cart-service,WARN,Slow response detected endpoint=/api/cart latency=2512ms,2,2026-06-01T18:20:51.435000+00:00,2026-06-01T18:41:08.147000+00:00,Slow response detected endpoint=/api/cart latency=2512ms,2
T328,cart-service,WARN,Slow response detected endpoint=/api/cart latency=1698ms,2,2026-06-01T07:04:17.731000+00:00,2026-06-01T17:50:35.525000+00:00,Slow response detected endpoint=/api/cart latency=1698ms,2
T329,cart-service,WARN,Slow response detected endpoint=/api/cart latency=2509ms,2,2026-06-01T19:27:32.095000+00:00,2026-06-01T23:18:58.829000+00:00,Slow response detected endpoint=/api/cart latency=2509ms,2
T330,cart-service,WARN,Slow response detected endpoint=/api/cart latency=2505ms,2,2026-06-01T06:40:32.891000+00:00,2026-06-01T19:57:49.084000+00:00,Slow response detected endpoint=/api/cart latency=2505ms,2
T331,cart-service,WARN,Slow response detected endpoint=/api/cart latency=2487ms,2,2026-06-01T14:44:05.440000+00:00,2026-06-01T14:50:17.586000+00:00,Slow response detected endpoint=/api/cart latency=2487ms,2
T332,cart-service,WARN,Slow response detected endpoint=/api/cart latency=2556ms,2,2026-06-01T15:57:36.043000+00:00,2026-06-01T21:45:21.186000+00:00,Slow response detected endpoint=/api/cart latency=2556ms,2
T333,cart-service,WARN,Slow response detected endpoint=/api/cart latency=2554ms,2,2026-06-01T14:19:11.137000+00:00,2026-06-01T14:53:12.367000+00:00,Slow response detected endpoint=/api/cart latency=2554ms,2
T334,cart-service,WARN,Slow response detected endpoint=/api/cart latency=2549ms,2,2026-06-01T18:57:04.372000+00:00,2026-06-01T22:34:55.727000+00:00,Slow response detected endpoint=/api/cart latency=2549ms,2
T335,cart-service,WARN,Slow response detected endpoint=/api/cart latency=2546ms,2,2026-06-01T20:13:46.306000+00:00,2026-06-01T21:34:01.423000+00:00,Slow response detected endpoint=/api/cart latency=2546ms,2
T336,cart-service,WARN,Slow response detected endpoint=/api/cart latency=2543ms,2,2026-06-01T17:10:15.311000+00:00,2026-06-01T21:42:32.830000+00:00,Slow response detected endpoint=/api/cart latency=2543ms,2
T337,cart-service,WARN,Slow response detected endpoint=/api/cart latency=2538ms,2,2026-06-01T07:07:11.079000+00:00,2026-06-01T14:07:39.616000+00:00,Slow response detected endpoint=/api/cart latency=2538ms,2
T338,cart-service,WARN,Slow response detected endpoint=/api/cart latency=2525ms,2,2026-06-01T18:49:28.493000+00:00,2026-06-01T19:02:32.039000+00:00,Slow response detected endpoint=/api/cart latency=2525ms,2
T339,cart-service,WARN,Slow response detected endpoint=/api/cart latency=2387ms,2,2026-06-01T17:41:25.075000+00:00,2026-06-01T22:28:51.429000+00:00,Slow response detected endpoint=/api/cart latency=2387ms,2
T340,cart-service,WARN,Slow response detected endpoint=/api/cart latency=1469ms,2,2026-06-01T22:02:13.022000+00:00,2026-06-01T22:13:26.156000+00:00,Slow response detected endpoint=/api/cart latency=1469ms,1
T341,cart-service,WARN,Slow response detected endpoint=/api/cart latency=1457ms,2,2026-06-01T07:32:36.646000+00:00,2026-06-01T19:09:41.894000+00:00,Slow response detected endpoint=/api/cart latency=1457ms,2
T342,cart-service,WARN,Slow response detected endpoint=/api/cart latency=1455ms,2,2026-06-01T17:50:31.883000+00:00,2026-06-01T18:03:38.854000+00:00,Slow response detected endpoint=/api/cart latency=1455ms,1
T343,cart-service,WARN,Slow response detected endpoint=/api/cart latency=1444ms,2,2026-06-01T16:13:11.577000+00:00,2026-06-01T19:39:16.138000+00:00,Slow response detected endpoint=/api/cart latency=1444ms,2
T344,cart-service,WARN,Slow response detected endpoint=/api/cart latency=1685ms,2,2026-06-01T08:46:41.949000+00:00,2026-06-01T20:19:21.952000+00:00,Slow response detected endpoint=/api/cart latency=1685ms,2
T345,cart-service,WARN,Slow response detected endpoint=/api/cart latency=2440ms,2,2026-06-01T16:00:37.411000+00:00,2026-06-01T16:08:18.890000+00:00,Slow response detected endpoint=/api/cart latency=2440ms,2
T346,cart-service,WARN,Slow response detected endpoint=/api/cart latency=2438ms,2,2026-06-01T14:30:53.396000+00:00,2026-06-01T22:46:39.115000+00:00,Slow response detected endpoint=/api/cart latency=2438ms,1
T347,cart-service,WARN,Slow response detected endpoint=/api/cart latency=2436ms,2,2026-06-01T17:28:27.294000+00:00,2026-06-01T19:52:18.414000+00:00,Slow response detected endpoint=/api/cart latency=2436ms,2
T348,cart-service,WARN,Slow response detected endpoint=/api/cart latency=2433ms,2,2026-06-01T20:45:55.534000+00:00,2026-06-01T22:24:32.986000+00:00,Slow response detected endpoint=/api/cart latency=2433ms,2
T349,cart-service,WARN,Slow response detected endpoint=/api/cart latency=1676ms,2,2026-06-01T13:17:35.461000+00:00,2026-06-01T22:30:10.153000+00:00,Slow response detected endpoint=/api/cart latency=1676ms,1
T350,cart-service,WARN,Slow response detected endpoint=/api/cart latency=2421ms,2,2026-06-01T18:34:54.784000+00:00,2026-06-01T19:41:22.245000+00:00,Slow response detected endpoint=/api/cart latency=2421ms,2
T351,cart-service,WARN,Slow response detected endpoint=/api/cart latency=2416ms,2,2026-06-01T18:29:25.312000+00:00,2026-06-01T22:58:25.752000+00:00,Slow response detected endpoint=/api/cart latency=2416ms,2
T352,cart-service,WARN,Slow response detected endpoint=/api/cart latency=2466ms,2,2026-06-01T15:57:33.278000+00:00,2026-06-01T17:06:57.887000+00:00,Slow response detected endpoint=/api/cart latency=2466ms,2
T353,cart-service,WARN,Slow response detected endpoint=/api/cart latency=1664ms,2,2026-06-01T14:18:22.052000+00:00,2026-06-01T22:49:31.994000+00:00,Slow response detected endpoint=/api/cart latency=1664ms,2
T354,cart-service,WARN,Slow response detected endpoint=/api/cart latency=1441ms,2,2026-06-01T16:41:43.891000+00:00,2026-06-01T22:23:53.338000+00:00,Slow response detected endpoint=/api/cart latency=1441ms,2
T355,cart-service,WARN,Slow response detected endpoint=/api/cart latency=2285ms,2,2026-06-01T20:57:08.204000+00:00,2026-06-01T22:20:42.206000+00:00,Slow response detected endpoint=/api/cart latency=2285ms,2
T356,cart-service,WARN,Slow response detected endpoint=/api/cart latency=2339ms,2,2026-06-01T13:06:36.951000+00:00,2026-06-01T14:43:20.113000+00:00,Slow response detected endpoint=/api/cart latency=2339ms,2
T357,cart-service,WARN,Slow response detected endpoint=/api/cart latency=1762ms,2,2026-06-01T13:28:40.774000+00:00,2026-06-01T16:31:45.819000+00:00,Slow response detected endpoint=/api/cart latency=1762ms,2
T358,cart-service,WARN,Slow response detected endpoint=/api/cart latency=1759ms,2,2026-06-01T19:35:08.902000+00:00,2026-06-01T23:27:23.575000+00:00,Slow response detected endpoint=/api/cart latency=1759ms,2
T359,cart-service,WARN,Slow response detected endpoint=/api/cart latency=1488ms,2,2026-06-01T16:49:56.582000+00:00,2026-06-01T19:30:32.273000+00:00,Slow response detected endpoint=/api/cart latency=1488ms,2
T360,cart-service,WARN,Slow response detected endpoint=/api/cart latency=1479ms,2,2026-06-01T11:34:46.190000+00:00,2026-06-01T22:10:16.279000+00:00,Slow response detected endpoint=/api/cart latency=1479ms,2
T361,cart-service,WARN,Slow response detected endpoint=/api/cart latency=1476ms,2,2026-06-01T19:14:06.081000+00:00,2026-06-01T23:11:42.511000+00:00,Slow response detected endpoint=/api/cart latency=1476ms,2
T362,cart-service,WARN,Slow response detected endpoint=/api/cart latency=2373ms,2,2026-06-01T14:12:38.023000+00:00,2026-06-01T21:35:46.502000+00:00,Slow response detected endpoint=/api/cart latency=2373ms,2
T363,cart-service,WARN,Slow response detected endpoint=/api/cart latency=2361ms,2,2026-06-01T17:51:03.571000+00:00,2026-06-01T21:50:28.274000+00:00,Slow response detected endpoint=/api/cart latency=2361ms,2
T364,cart-service,WARN,Slow response detected endpoint=/api/cart latency=2356ms,2,2026-06-01T18:06:45.180000+00:00,2026-06-01T20:44:55.002000+00:00,Slow response detected endpoint=/api/cart latency=2356ms,2
T365,cart-service,WARN,Slow response detected endpoint=/api/cart latency=2412ms,2,2026-06-01T12:30:27.443000+00:00,2026-06-01T22:35:04.407000+00:00,Slow response detected endpoint=/api/cart latency=2412ms,2
T366,cart-service,WARN,Slow response detected endpoint=/api/cart latency=2409ms,2,2026-06-01T14:48:52.095000+00:00,2026-06-01T17:46:55.767000+00:00,Slow response detected endpoint=/api/cart latency=2409ms,2
T367,cart-service,WARN,Slow response detected endpoint=/api/cart latency=2405ms,2,2026-06-01T19:32:50.610000+00:00,2026-06-01T20:08:18.884000+00:00,Slow response detected endpoint=/api/cart latency=2405ms,2
T368,cart-service,WARN,Slow response detected endpoint=/api/cart latency=2401ms,2,2026-06-01T06:56:53.514000+00:00,2026-06-01T23:30:04.683000+00:00,Slow response detected endpoint=/api/cart latency=2401ms,1
T369,cart-service,WARN,Slow response detected endpoint=/api/cart latency=2396ms,2,2026-06-01T14:43:16.450000+00:00,2026-06-01T17:17:37.598000+00:00,Slow response detected endpoint=/api/cart latency=2396ms,2
T370,cart-service,WARN,Slow response detected endpoint=/api/cart latency=2393ms,2,2026-06-01T16:57:14.100000+00:00,2026-06-01T20:26:40.137000+00:00,Slow response detected endpoint=/api/cart latency=2393ms,2
T371,cart-service,WARN,Slow response detected endpoint=/api/cart latency=1519ms,2,2026-06-01T17:32:12.245000+00:00,2026-06-01T23:39:42.347000+00:00,Slow response detected endpoint=/api/cart latency=1519ms,1
T372,cart-service,WARN,Slow response detected endpoint=/api/cart latency=1513ms,2,2026-06-01T18:07:26.940000+00:00,2026-06-01T22:24:55.535000+00:00,Slow response detected endpoint=/api/cart latency=1513ms,1
T373,cart-service,WARN,Slow response detected endpoint=/api/cart latency=1501ms,2,2026-06-01T18:24:31.283000+00:00,2026-06-01T19:30:12.152000+00:00,Slow response detected endpoint=/api/cart latency=1501ms,1
T374,cart-service,WARN,Slow response detected endpoint=/api/cart latency=2239ms,2,2026-06-01T14:02:55.801000+00:00,2026-06-01T21:54:26.143000+00:00,Slow response detected endpoint=/api/cart latency=2239ms,1
T375,cart-service,WARN,Slow response detected endpoint=/api/cart latency=2238ms,2,2026-06-01T14:53:17.181000+00:00,2026-06-01T19:04:44.805000+00:00,Slow response detected endpoint=/api/cart latency=2238ms,2
T376,cart-service,WARN,Slow response detected endpoint=/api/cart latency=2235ms,2,2026-06-01T18:08:58.048000+00:00,2026-06-01T22:36:57.101000+00:00,Slow response detected endpoint=/api/cart latency=2235ms,2
T377,cart-service,WARN,Slow response detected endpoint=/api/cart latency=2232ms,2,2026-06-01T16:55:09.610000+00:00,2026-06-01T17:46:30.770000+00:00,Slow response detected endpoint=/api/cart latency=2232ms,1
T378,cart-service,WARN,Slow response detected endpoint=/api/cart latency=2227ms,2,2026-06-01T16:04:53.582000+00:00,2026-06-01T17:49:58.293000+00:00,Slow response detected endpoint=/api/cart latency=2227ms,2
T379,cart-service,WARN,Slow response detected endpoint=/api/cart latency=2270ms,2,2026-06-01T16:00:39.339000+00:00,2026-06-01T16:52:03.669000+00:00,Slow response detected endpoint=/api/cart latency=2270ms,2
T380,cart-service,WARN,Slow response detected endpoint=/api/cart latency=2259ms,2,2026-06-01T06:40:41.975000+00:00,2026-06-01T17:01:24.933000+00:00,Slow response detected endpoint=/api/cart latency=2259ms,2
T381,cart-service,WARN,Slow response detected endpoint=/api/cart latency=2258ms,2,2026-06-01T14:44:53.601000+00:00,2026-06-01T18:51:21.833000+00:00,Slow response detected endpoint=/api/cart latency=2258ms,2
T382,cart-service,WARN,Slow response detected endpoint=/api/cart latency=2253ms,2,2026-06-01T18:55:38.573000+00:00,2026-06-01T21:51:14.115000+00:00,Slow response detected endpoint=/api/cart latency=2253ms,2
T383,cart-service,WARN,Slow response detected endpoint=/api/cart latency=2304ms,2,2026-06-01T21:33:47.480000+00:00,2026-06-01T22:18:34.649000+00:00,Slow response detected endpoint=/api/cart latency=2304ms,2
T384,cart-service,WARN,Slow response detected endpoint=/api/cart latency=2303ms,2,2026-06-01T14:57:46.979000+00:00,2026-06-01T21:21:28.245000+00:00,Slow response detected endpoint=/api/cart latency=2303ms,2
T385,cart-service,WARN,Slow response detected endpoint=/api/cart latency=1756ms,2,2026-06-01T18:11:18.748000+00:00,2026-06-01T19:15:48.557000+00:00,Slow response detected endpoint=/api/cart latency=1756ms,2
T386,cart-service,WARN,Slow response detected endpoint=/api/cart latency=2288ms,2,2026-06-01T18:10:21.462000+00:00,2026-06-01T19:30:17.902000+00:00,Slow response detected endpoint=/api/cart latency=2288ms,1
T387,cart-service,WARN,Slow response detected endpoint=/api/cart latency=2146ms,2,2026-06-01T18:38:27.796000+00:00,2026-06-01T20:13:54.343000+00:00,Slow response detected endpoint=/api/cart latency=2146ms,2
T388,cart-service,WARN,Slow response detected endpoint=/api/cart latency=2134ms,2,2026-06-01T23:30:54.162000+00:00,2026-06-01T23:45:17.404000+00:00,Slow response detected endpoint=/api/cart latency=2134ms,1
T389,cart-service,WARN,Slow response detected endpoint=/api/cart latency=1556ms,2,2026-06-01T09:37:53.806000+00:00,2026-06-01T17:29:42.137000+00:00,Slow response detected endpoint=/api/cart latency=1556ms,2
T390,cart-service,WARN,Slow response detected endpoint=/api/cart latency=1554ms,2,2026-06-01T21:11:36.932000+00:00,2026-06-01T22:59:25.782000+00:00,Slow response detected endpoint=/api/cart latency=1554ms,2
T391,cart-service,WARN,Slow response detected endpoint=/api/cart latency=1552ms,2,2026-06-01T15:22:34.137000+00:00,2026-06-01T16:49:00.342000+00:00,Slow response detected endpoint=/api/cart latency=1552ms,2
T392,cart-service,WARN,Slow response detected endpoint=/api/cart latency=1550ms,2,2026-06-01T21:20:51.575000+00:00,2026-06-01T22:39:46.679000+00:00,Slow response detected endpoint=/api/cart latency=1550ms,1
T393,cart-service,WARN,Slow response detected endpoint=/api/cart latency=1545ms,2,2026-06-01T11:50:06.604000+00:00,2026-06-01T22:40:21.535000+00:00,Slow response detected endpoint=/api/cart latency=1545ms,2
T394,cart-service,WARN,Slow response detected endpoint=/api/cart latency=1534ms,2,2026-06-01T10:56:57.574000+00:00,2026-06-01T15:45:21.710000+00:00,Slow response detected endpoint=/api/cart latency=1534ms,2
T395,cart-service,WARN,Slow response detected endpoint=/api/cart latency=2176ms,2,2026-06-01T16:21:55.549000+00:00,2026-06-01T16:53:54.970000+00:00,Slow response detected endpoint=/api/cart latency=2176ms,2
T396,cart-service,WARN,Slow response detected endpoint=/api/cart latency=2172ms,2,2026-06-01T15:28:17.342000+00:00,2026-06-01T20:30:37.388000+00:00,Slow response detected endpoint=/api/cart latency=2172ms,2
T397,cart-service,WARN,Slow response detected endpoint=/api/cart latency=1742ms,2,2026-06-01T14:13:11.723000+00:00,2026-06-01T16:33:09.603000+00:00,Slow response detected endpoint=/api/cart latency=1742ms,2
T398,cart-service,WARN,Slow response detected endpoint=/api/cart latency=2163ms,2,2026-06-01T18:01:49.543000+00:00,2026-06-01T21:36:28.080000+00:00,Slow response detected endpoint=/api/cart latency=2163ms,2
T399,cart-service,WARN,Slow response detected endpoint=/api/cart latency=2201ms,2,2026-06-01T11:26:56.642000+00:00,2026-06-01T20:06:02.876000+00:00,Slow response detected endpoint=/api/cart latency=2201ms,1
T400,cart-service,WARN,Slow response detected endpoint=/api/cart latency=2199ms,2,2026-06-01T12:13:03.373000+00:00,2026-06-01T14:49:33.520000+00:00,Slow response detected endpoint=/api/cart latency=2199ms,2
T401,cart-service,WARN,Slow response detected endpoint=/api/cart latency=2194ms,2,2026-06-01T18:13:57.028000+00:00,2026-06-01T22:28:47.261000+00:00,Slow response detected endpoint=/api/cart latency=2194ms,1
T402,cart-service,WARN,Slow response detected endpoint=/api/cart latency=2192ms,2,2026-06-01T14:58:46.293000+00:00,2026-06-01T15:00:26.630000+00:00,Slow response detected endpoint=/api/cart latency=2192ms,2
T403,cart-service,WARN,Slow response detected endpoint=/api/cart latency=1939ms,2,2026-06-01T16:27:10.153000+00:00,2026-06-01T23:20:55.031000+00:00,Slow response detected endpoint=/api/cart latency=1939ms,2
T404,cart-service,WARN,Slow response detected endpoint=/api/cart latency=1992ms,2,2026-06-01T14:16:58.286000+00:00,2026-06-01T20:54:03.726000+00:00,Slow response detected endpoint=/api/cart latency=1992ms,2
T405,cart-service,WARN,Slow response detected endpoint=/api/cart latency=1991ms,2,2026-06-01T20:33:01.231000+00:00,2026-06-01T22:56:50.268000+00:00,Slow response detected endpoint=/api/cart latency=1991ms,2
T406,cart-service,WARN,Slow response detected endpoint=/api/cart latency=1989ms,2,2026-06-01T17:09:50.020000+00:00,2026-06-01T17:17:42.724000+00:00,Slow response detected endpoint=/api/cart latency=1989ms,2
T407,cart-service,WARN,Slow response detected endpoint=/api/cart latency=1978ms,2,2026-06-01T18:43:39.314000+00:00,2026-06-01T21:36:13.246000+00:00,Slow response detected endpoint=/api/cart latency=1978ms,1
T408,cart-service,WARN,Slow response detected endpoint=/api/cart latency=1976ms,2,2026-06-01T15:55:51.942000+00:00,2026-06-01T23:24:49.480000+00:00,Slow response detected endpoint=/api/cart latency=1976ms,2
T409,cart-service,WARN,Slow response detected endpoint=/api/cart latency=1575ms,2,2026-06-01T18:22:46.063000+00:00,2026-06-01T21:28:36.866000+00:00,Slow response detected endpoint=/api/cart latency=1575ms,2
T410,cart-service,WARN,Slow response detected endpoint=/api/cart latency=1574ms,2,2026-06-01T20:53:32.458000+00:00,2026-06-01T21:36:10.324000+00:00,Slow response detected endpoint=/api/cart latency=1574ms,2
T411,cart-service,WARN,Slow response detected endpoint=/api/cart latency=2026ms,2,2026-06-01T07:16:17.192000+00:00,2026-06-01T22:59:53.915000+00:00,Slow response detected endpoint=/api/cart latency=2026ms,2
T412,cart-service,WARN,Slow response detected endpoint=/api/cart latency=2020ms,2,2026-06-01T19:43:03.618000+00:00,2026-06-01T20:35:54.164000+00:00,Slow response detected endpoint=/api/cart latency=2020ms,2
T413,cart-service,WARN,Slow response detected endpoint=/api/cart latency=2069ms,2,2026-06-01T20:26:55.064000+00:00,2026-06-01T22:07:21.097000+00:00,Slow response detected endpoint=/api/cart latency=2069ms,2
T414,cart-service,WARN,Slow response detected endpoint=/api/cart latency=2058ms,2,2026-06-01T18:50:28.784000+00:00,2026-06-01T23:02:34.749000+00:00,Slow response detected endpoint=/api/cart latency=2058ms,1
T415,cart-service,WARN,Slow response detected endpoint=/api/cart latency=2056ms,2,2026-06-01T16:18:04.513000+00:00,2026-06-01T16:42:24.590000+00:00,Slow response detected endpoint=/api/cart latency=2056ms,2
T416,cart-service,WARN,Slow response detected endpoint=/api/cart latency=2052ms,2,2026-06-01T22:02:08.095000+00:00,2026-06-01T22:23:41.644000+00:00,Slow response detected endpoint=/api/cart latency=2052ms,1
T417,cart-service,WARN,Slow response detected endpoint=/api/cart latency=2047ms,2,2026-06-01T09:09:58.642000+00:00,2026-06-01T15:44:13.853000+00:00,Slow response detected endpoint=/api/cart latency=2047ms,2
T418,cart-service,WARN,Slow response detected endpoint=/api/cart latency=2112ms,2,2026-06-01T09:01:54.074000+00:00,2026-06-01T20:41:24.618000+00:00,Slow response detected endpoint=/api/cart latency=2112ms,1
T419,cart-service,WARN,Slow response detected endpoint=/api/cart latency=1734ms,2,2026-06-01T14:23:49.614000+00:00,2026-06-01T17:42:57.771000+00:00,Slow response detected endpoint=/api/cart latency=1734ms,2
T420,cart-service,WARN,Slow response detected endpoint=/api/cart latency=1730ms,2,2026-06-01T20:13:14.848000+00:00,2026-06-01T22:46:58.884000+00:00,Slow response detected endpoint=/api/cart latency=1730ms,1
T421,cart-service,WARN,Slow response detected endpoint=/api/cart latency=1615ms,2,2026-06-01T19:56:01.786000+00:00,2026-06-01T19:58:13.666000+00:00,Slow response detected endpoint=/api/cart latency=1615ms,2
T422,cart-service,WARN,Slow response detected endpoint=/api/cart latency=1614ms,2,2026-06-01T18:42:41.816000+00:00,2026-06-01T19:00:40.508000+00:00,Slow response detected endpoint=/api/cart latency=1614ms,1
T423,cart-service,WARN,Slow response detected endpoint=/api/cart latency=1596ms,2,2026-06-01T16:24:57.549000+00:00,2026-06-01T20:41:24.463000+00:00,Slow response detected endpoint=/api/cart latency=1596ms,2
T424,cart-service,WARN,Slow response detected endpoint=/api/cart latency=1889ms,2,2026-06-01T08:10:35.199000+00:00,2026-06-01T09:53:54.120000+00:00,Slow response detected endpoint=/api/cart latency=1889ms,2
T425,cart-service,WARN,Slow response detected endpoint=/api/cart latency=1656ms,2,2026-06-01T14:00:33.083000+00:00,2026-06-01T19:05:55.375000+00:00,Slow response detected endpoint=/api/cart latency=1656ms,2
T426,cart-service,WARN,Slow response detected endpoint=/api/cart latency=1843ms,2,2026-06-01T08:42:45.503000+00:00,2026-06-01T16:14:16.837000+00:00,Slow response detected endpoint=/api/cart latency=1843ms,1
T427,cart-service,WARN,Slow response detected endpoint=/api/cart latency=1872ms,2,2026-06-01T19:16:17.637000+00:00,2026-06-01T20:28:38.988000+00:00,Slow response detected endpoint=/api/cart latency=1872ms,2
T428,cart-service,WARN,Slow response detected endpoint=/api/cart latency=1870ms,2,2026-06-01T18:59:45.734000+00:00,2026-06-01T19:40:31.189000+00:00,Slow response detected endpoint=/api/cart latency=1870ms,1
T429,cart-service,WARN,Slow response detected endpoint=/api/cart latency=1934ms,2,2026-06-01T09:09:32.126000+00:00,2026-06-01T20:32:36.292000+00:00,Slow response detected endpoint=/api/cart latency=1934ms,2
T430,cart-service,WARN,Slow response detected endpoint=/api/cart latency=1930ms,2,2026-06-01T19:33:42.374000+00:00,2026-06-01T20:15:36.029000+00:00,Slow response detected endpoint=/api/cart latency=1930ms,2
T431,cart-service,WARN,Slow response detected endpoint=/api/cart latency=1029ms,2,2026-06-01T14:56:27.744000+00:00,2026-06-01T20:45:14.175000+00:00,Slow response detected endpoint=/api/cart latency=1029ms,2
T432,cart-service,WARN,Slow response detected endpoint=/api/cart latency=1957ms,2,2026-06-01T06:36:07.810000+00:00,2026-06-01T07:36:52.260000+00:00,Slow response detected endpoint=/api/cart latency=1957ms,1
T433,cart-service,WARN,Slow response detected endpoint=/api/cart latency=1955ms,2,2026-06-01T17:40:37.720000+00:00,2026-06-01T20:49:49.009000+00:00,Slow response detected endpoint=/api/cart latency=1955ms,2
T434,cart-service,WARN,Slow response detected endpoint=/api/cart latency=1944ms,2,2026-06-01T19:51:41.645000+00:00,2026-06-01T23:06:28.381000+00:00,Slow response detected endpoint=/api/cart latency=1944ms,2
T435,cart-service,WARN,Slow response detected endpoint=/api/cart latency=993ms,2,2026-06-01T21:09:49.717000+00:00,2026-06-01T22:59:06.684000+00:00,Slow response detected endpoint=/api/cart latency=993ms,2
T436,cart-service,WARN,Health check response time elevated endpoint=/health latency=236ms,2,2026-06-01T03:27:32.135000+00:00,2026-06-01T15:15:33.752000+00:00,Health check response time elevated endpoint=/health latency=236ms,2
T437,cart-service,WARN,Health check response time elevated endpoint=/health latency=234ms,2,2026-06-01T15:45:17.301000+00:00,2026-06-01T22:29:37.467000+00:00,Health check response time elevated endpoint=/health latency=234ms,2
T438,cart-service,WARN,Health check response time elevated endpoint=/health latency=232ms,2,2026-06-01T03:38:01.452000+00:00,2026-06-01T15:56:12.599000+00:00,Health check response time elevated endpoint=/health latency=232ms,1
T439,cart-service,WARN,Health check response time elevated endpoint=/health latency=186ms,2,2026-06-01T10:03:14.900000+00:00,2026-06-01T20:26:11.285000+00:00,Health check response time elevated endpoint=/health latency=186ms,2
T440,cart-service,WARN,Health check response time elevated endpoint=/health latency=228ms,2,2026-06-01T06:16:42.998000+00:00,2026-06-01T22:14:58.724000+00:00,Health check response time elevated endpoint=/health latency=228ms,1
T441,cart-service,WARN,Slow response detected endpoint=/api/cart latency=951ms,2,2026-06-01T08:40:27.203000+00:00,2026-06-01T20:50:14.921000+00:00,Slow response detected endpoint=/api/cart latency=951ms,1
T442,cart-service,WARN,Slow response detected endpoint=/api/cart latency=1028ms,2,2026-06-01T18:25:13.667000+00:00,2026-06-01T18:25:22.926000+00:00,Slow response detected endpoint=/api/cart latency=1028ms,2
T443,cart-service,WARN,Slow response detected endpoint=/api/cart latency=938ms,2,2026-06-01T12:31:05.044000+00:00,2026-06-01T15:23:34.056000+00:00,Slow response detected endpoint=/api/cart latency=938ms,2
T444,cart-service,WARN,Health check response time elevated endpoint=/health latency=129ms,2,2026-06-01T03:36:57.285000+00:00,2026-06-01T15:22:13.058000+00:00,Health check response time elevated endpoint=/health latency=129ms,2
T445,cart-service,WARN,Health check response time elevated endpoint=/health latency=124ms,2,2026-06-01T00:21:07.627000+00:00,2026-06-01T07:30:11.485000+00:00,Health check response time elevated endpoint=/health latency=124ms,1
T446,cart-service,WARN,Health check response time elevated endpoint=/health latency=122ms,2,2026-06-01T09:16:48.142000+00:00,2026-06-01T11:14:56.765000+00:00,Health check response time elevated endpoint=/health latency=122ms,2
T447,cart-service,WARN,Slow response detected endpoint=/api/cart latency=936ms,2,2026-06-01T16:43:52.152000+00:00,2026-06-01T17:15:04.348000+00:00,Slow response detected endpoint=/api/cart latency=936ms,1
T448,cart-service,WARN,Slow response detected endpoint=/api/cart latency=1707ms,2,2026-06-01T15:26:06.706000+00:00,2026-06-01T18:56:27.879000+00:00,Slow response detected endpoint=/api/cart latency=1707ms,2
T449,cart-service,WARN,Slow response detected endpoint=/api/cart latency=999ms,2,2026-06-01T15:31:14.910000+00:00,2026-06-01T20:48:21.661000+00:00,Slow response detected endpoint=/api/cart latency=999ms,2
T450,cart-service,WARN,Slow response detected endpoint=/api/cart latency=1639ms,2,2026-06-01T06:57:47.128000+00:00,2026-06-01T19:45:03.531000+00:00,Slow response detected endpoint=/api/cart latency=1639ms,1
T451,cart-service,WARN,Slow response detected endpoint=/api/cart latency=916ms,2,2026-06-01T18:37:47.282000+00:00,2026-06-01T21:24:54.876000+00:00,Slow response detected endpoint=/api/cart latency=916ms,2
T452,cart-service,WARN,Slow response detected endpoint=/api/cart latency=908ms,2,2026-06-01T15:31:16.829000+00:00,2026-06-01T22:32:52.599000+00:00,Slow response detected endpoint=/api/cart latency=908ms,2
T453,cart-service,WARN,Slow response detected endpoint=/api/cart latency=1021ms,2,2026-06-01T19:55:10.949000+00:00,2026-06-01T20:30:52.570000+00:00,Slow response detected endpoint=/api/cart latency=1021ms,2
T454,cart-service,WARN,Slow response detected endpoint=/api/cart latency=1637ms,2,2026-06-01T12:59:38.974000+00:00,2026-06-01T16:34:38.504000+00:00,Slow response detected endpoint=/api/cart latency=1637ms,2
T455,cart-service,WARN,Slow response detected endpoint=/api/cart latency=1636ms,2,2026-06-01T15:29:27.400000+00:00,2026-06-01T21:54:10.873000+00:00,Slow response detected endpoint=/api/cart latency=1636ms,1
T456,cart-service,WARN,Health check response time elevated endpoint=/health latency=246ms,2,2026-06-01T15:42:40.730000+00:00,2026-06-01T20:19:01.758000+00:00,Health check response time elevated endpoint=/health latency=246ms,2
T457,cart-service,WARN,Slow response detected endpoint=/api/cart latency=1793ms,2,2026-06-01T18:42:49.007000+00:00,2026-06-01T19:15:06.309000+00:00,Slow response detected endpoint=/api/cart latency=1793ms,2
T458,cart-service,WARN,Slow response detected endpoint=/api/cart latency=1792ms,2,2026-06-01T07:17:21.685000+00:00,2026-06-01T14:46:10.951000+00:00,Slow response detected endpoint=/api/cart latency=1792ms,2
T459,cart-service,WARN,Slow response detected endpoint=/api/cart latency=1782ms,2,2026-06-01T14:15:34.223000+00:00,2026-06-01T22:02:47.974000+00:00,Slow response detected endpoint=/api/cart latency=1782ms,2
T460,cart-service,WARN,Health check response time elevated endpoint=/health latency=205ms,2,2026-06-01T16:24:45.294000+00:00,2026-06-01T21:09:23.974000+00:00,Health check response time elevated endpoint=/health latency=205ms,1
T461,cart-service,WARN,Health check response time elevated endpoint=/health latency=227ms,2,2026-06-01T07:32:38.259000+00:00,2026-06-01T09:54:33.191000+00:00,Health check response time elevated endpoint=/health latency=227ms,2
T462,cart-service,WARN,Slow response detected endpoint=/api/cart latency=1820ms,2,2026-06-01T12:51:55.753000+00:00,2026-06-01T23:20:30.255000+00:00,Slow response detected endpoint=/api/cart latency=1820ms,2
T463,cart-service,WARN,Slow response detected endpoint=/api/cart latency=1804ms,2,2026-06-01T20:02:13.705000+00:00,2026-06-01T20:56:36.366000+00:00,Slow response detected endpoint=/api/cart latency=1804ms,2
T464,cart-service,WARN,Slow response detected endpoint=/api/cart latency=781ms,2,2026-06-01T17:28:13.189000+00:00,2026-06-01T22:20:58.218000+00:00,Slow response detected endpoint=/api/cart latency=781ms,2
T465,cart-service,WARN,Slow response detected endpoint=/api/cart latency=1849ms,2,2026-06-01T14:49:11.704000+00:00,2026-06-01T22:19:24.526000+00:00,Slow response detected endpoint=/api/cart latency=1849ms,1
T466,cart-service,WARN,Slow response detected endpoint=/api/cart latency=995ms,2,2026-06-01T19:58:42.757000+00:00,2026-06-01T23:23:07.008000+00:00,Slow response detected endpoint=/api/cart latency=995ms,2
T467,cart-service,WARN,Slow response detected endpoint=/api/cart latency=979ms,1,2026-06-01T16:28:50.146000+00:00,2026-06-01T16:28:50.146000+00:00,Slow response detected endpoint=/api/cart latency=979ms,1
T468,cart-service,WARN,Slow response detected endpoint=/api/cart latency=976ms,1,2026-06-01T22:07:30.293000+00:00,2026-06-01T22:07:30.293000+00:00,Slow response detected endpoint=/api/cart latency=976ms,1
T469,cart-service,WARN,Slow response detected endpoint=/api/cart latency=975ms,1,2026-06-01T22:21:23.393000+00:00,2026-06-01T22:21:23.393000+00:00,Slow response detected endpoint=/api/cart latency=975ms,1
T470,cart-service,WARN,Slow response detected endpoint=/api/cart latency=971ms,1,2026-06-01T18:34:15.399000+00:00,2026-06-01T18:34:15.399000+00:00,Slow response detected endpoint=/api/cart latency=971ms,1
T471,cart-service,WARN,Slow response detected endpoint=/api/cart latency=968ms,1,2026-06-01T18:42:30.433000+00:00,2026-06-01T18:42:30.433000+00:00,Slow response detected endpoint=/api/cart latency=968ms,1
T472,cart-service,WARN,Slow response detected endpoint=/api/cart latency=964ms,1,2026-06-01T14:52:09.484000+00:00,2026-06-01T14:52:09.484000+00:00,Slow response detected endpoint=/api/cart latency=964ms,1
T473,cart-service,WARN,Slow response detected endpoint=/api/cart latency=962ms,1,2026-06-01T16:47:40.457000+00:00,2026-06-01T16:47:40.457000+00:00,Slow response detected endpoint=/api/cart latency=962ms,1
T474,cart-service,WARN,Slow response detected endpoint=/api/cart latency=960ms,1,2026-06-01T16:57:51.093000+00:00,2026-06-01T16:57:51.093000+00:00,Slow response detected endpoint=/api/cart latency=960ms,1
T475,cart-service,WARN,Slow response detected endpoint=/api/cart latency=900ms,1,2026-06-01T14:58:45.130000+00:00,2026-06-01T14:58:45.130000+00:00,Slow response detected endpoint=/api/cart latency=900ms,1
T476,cart-service,WARN,Slow response detected endpoint=/api/cart latency=901ms,1,2026-06-01T21:36:10.292000+00:00,2026-06-01T21:36:10.292000+00:00,Slow response detected endpoint=/api/cart latency=901ms,1
T477,cart-service,WARN,Slow response detected endpoint=/api/cart latency=902ms,1,2026-06-01T10:42:25.368000+00:00,2026-06-01T10:42:25.368000+00:00,Slow response detected endpoint=/api/cart latency=902ms,1
T478,cart-service,WARN,Slow response detected endpoint=/api/cart latency=905ms,1,2026-06-01T20:07:18.967000+00:00,2026-06-01T20:07:18.967000+00:00,Slow response detected endpoint=/api/cart latency=905ms,1
T479,cart-service,WARN,Slow response detected endpoint=/api/cart latency=906ms,1,2026-06-01T19:04:57.442000+00:00,2026-06-01T19:04:57.442000+00:00,Slow response detected endpoint=/api/cart latency=906ms,1
T480,cart-service,WARN,Slow response detected endpoint=/api/cart latency=913ms,1,2026-06-01T18:40:53.613000+00:00,2026-06-01T18:40:53.613000+00:00,Slow response detected endpoint=/api/cart latency=913ms,1
T481,cart-service,WARN,Slow response detected endpoint=/api/cart latency=919ms,1,2026-06-01T14:35:25.878000+00:00,2026-06-01T14:35:25.878000+00:00,Slow response detected endpoint=/api/cart latency=919ms,1
T482,cart-service,WARN,Slow response detected endpoint=/api/cart latency=920ms,1,2026-06-01T16:02:03.122000+00:00,2026-06-01T16:02:03.122000+00:00,Slow response detected endpoint=/api/cart latency=920ms,1
T483,cart-service,WARN,Slow response detected endpoint=/api/cart latency=927ms,1,2026-06-01T18:43:31.183000+00:00,2026-06-01T18:43:31.183000+00:00,Slow response detected endpoint=/api/cart latency=927ms,1
T484,cart-service,WARN,Slow response detected endpoint=/api/cart latency=929ms,1,2026-06-01T18:47:02.241000+00:00,2026-06-01T18:47:02.241000+00:00,Slow response detected endpoint=/api/cart latency=929ms,1
T485,cart-service,WARN,Slow response detected endpoint=/api/cart latency=935ms,1,2026-06-01T22:37:36.363000+00:00,2026-06-01T22:37:36.363000+00:00,Slow response detected endpoint=/api/cart latency=935ms,1
T486,cart-service,WARN,Slow response detected endpoint=/api/cart latency=1027ms,1,2026-06-01T16:15:19.917000+00:00,2026-06-01T16:15:19.917000+00:00,Slow response detected endpoint=/api/cart latency=1027ms,1
T487,cart-service,WARN,Slow response detected endpoint=/api/cart latency=1036ms,1,2026-06-01T16:53:43.413000+00:00,2026-06-01T16:53:43.413000+00:00,Slow response detected endpoint=/api/cart latency=1036ms,1
T488,cart-service,WARN,Slow response detected endpoint=/api/cart latency=1037ms,1,2026-06-01T21:06:28.051000+00:00,2026-06-01T21:06:28.051000+00:00,Slow response detected endpoint=/api/cart latency=1037ms,1
T489,cart-service,WARN,Slow response detected endpoint=/api/cart latency=1038ms,1,2026-06-01T14:07:09.707000+00:00,2026-06-01T14:07:09.707000+00:00,Slow response detected endpoint=/api/cart latency=1038ms,1
T490,cart-service,WARN,Slow response detected endpoint=/api/cart latency=1039ms,1,2026-06-01T20:26:01.246000+00:00,2026-06-01T20:26:01.246000+00:00,Slow response detected endpoint=/api/cart latency=1039ms,1
T491,cart-service,WARN,Slow response detected endpoint=/api/cart latency=1660ms,1,2026-06-01T16:59:41.779000+00:00,2026-06-01T16:59:41.779000+00:00,Slow response detected endpoint=/api/cart latency=1660ms,1
T492,cart-service,WARN,Slow response detected endpoint=/api/cart latency=1668ms,1,2026-06-01T14:02:36.167000+00:00,2026-06-01T14:02:36.167000+00:00,Slow response detected endpoint=/api/cart latency=1668ms,1
T493,cart-service,WARN,Slow response detected endpoint=/api/cart latency=1674ms,1,2026-06-01T23:31:00.604000+00:00,2026-06-01T23:31:00.604000+00:00,Slow response detected endpoint=/api/cart latency=1674ms,1
T494,cart-service,WARN,Slow response detected endpoint=/api/cart latency=1675ms,1,2026-06-01T21:07:46.439000+00:00,2026-06-01T21:07:46.439000+00:00,Slow response detected endpoint=/api/cart latency=1675ms,1
T495,cart-service,WARN,Slow response detected endpoint=/api/cart latency=1678ms,1,2026-06-01T19:33:24.153000+00:00,2026-06-01T19:33:24.153000+00:00,Slow response detected endpoint=/api/cart latency=1678ms,1
T496,cart-service,WARN,Slow response detected endpoint=/api/cart latency=1679ms,1,2026-06-01T17:27:17.921000+00:00,2026-06-01T17:27:17.921000+00:00,Slow response detected endpoint=/api/cart latency=1679ms,1
T497,cart-service,WARN,Slow response detected endpoint=/api/cart latency=1680ms,1,2026-06-01T21:05:35.637000+00:00,2026-06-01T21:05:35.637000+00:00,Slow response detected endpoint=/api/cart latency=1680ms,1
T498,cart-service,WARN,Slow response detected endpoint=/api/cart latency=1681ms,1,2026-06-01T16:44:58.377000+00:00,2026-06-01T16:44:58.377000+00:00,Slow response detected endpoint=/api/cart latency=1681ms,1
T499,cart-service,WARN,Slow response detected endpoint=/api/cart latency=1687ms,1,2026-06-01T14:20:10.733000+00:00,2026-06-01T14:20:10.733000+00:00,Slow response detected endpoint=/api/cart latency=1687ms,1
T500,cart-service,WARN,Slow response detected endpoint=/api/cart latency=1688ms,1,2026-06-01T15:41:34.236000+00:00,2026-06-01T15:41:34.236000+00:00,Slow response detected endpoint=/api/cart latency=1688ms,1
T501,cart-service,WARN,Slow response detected endpoint=/api/cart latency=1689ms,1,2026-06-01T19:38:56.647000+00:00,2026-06-01T19:38:56.647000+00:00,Slow response detected endpoint=/api/cart latency=1689ms,1
T502,cart-service,WARN,Slow response detected endpoint=/api/cart latency=1690ms,1,2026-06-01T17:04:12.514000+00:00,2026-06-01T17:04:12.514000+00:00,Slow response detected endpoint=/api/cart latency=1690ms,1
T503,cart-service,WARN,Slow response detected endpoint=/api/cart latency=1691ms,1,2026-06-01T19:27:43.862000+00:00,2026-06-01T19:27:43.862000+00:00,Slow response detected endpoint=/api/cart latency=1691ms,1
T504,cart-service,WARN,Slow response detected endpoint=/api/cart latency=1693ms,1,2026-06-01T18:46:38.062000+00:00,2026-06-01T18:46:38.062000+00:00,Slow response detected endpoint=/api/cart latency=1693ms,1
T505,cart-service,WARN,Slow response detected endpoint=/api/cart latency=1694ms,1,2026-06-01T21:32:11.135000+00:00,2026-06-01T21:32:11.135000+00:00,Slow response detected endpoint=/api/cart latency=1694ms,1
T506,cart-service,WARN,Slow response detected endpoint=/api/cart latency=1696ms,1,2026-06-01T21:06:34.706000+00:00,2026-06-01T21:06:34.706000+00:00,Slow response detected endpoint=/api/cart latency=1696ms,1
T507,cart-service,WARN,Slow response detected endpoint=/api/cart latency=1645ms,1,2026-06-01T17:19:28.110000+00:00,2026-06-01T17:19:28.110000+00:00,Slow response detected endpoint=/api/cart latency=1645ms,1
T508,cart-service,WARN,Slow response detected endpoint=/api/cart latency=1647ms,1,2026-06-01T18:11:54.973000+00:00,2026-06-01T18:11:54.973000+00:00,Slow response detected endpoint=/api/cart latency=1647ms,1
T509,cart-service,WARN,Slow response detected endpoint=/api/cart latency=1649ms,1,2026-06-01T15:13:49.247000+00:00,2026-06-01T15:13:49.247000+00:00,Slow response detected endpoint=/api/cart latency=1649ms,1
T510,cart-service,WARN,Slow response detected endpoint=/api/cart latency=1650ms,1,2026-06-01T21:02:17.810000+00:00,2026-06-01T21:02:17.810000+00:00,Slow response detected endpoint=/api/cart latency=1650ms,1
T511,cart-service,WARN,Slow response detected endpoint=/api/cart latency=1651ms,1,2026-06-01T22:36:05.635000+00:00,2026-06-01T22:36:05.635000+00:00,Slow response detected endpoint=/api/cart latency=1651ms,1
T512,cart-service,WARN,Slow response detected endpoint=/api/cart latency=1652ms,1,2026-06-01T16:43:40.266000+00:00,2026-06-01T16:43:40.266000+00:00,Slow response detected endpoint=/api/cart latency=1652ms,1
T513,cart-service,WARN,Slow response detected endpoint=/api/cart latency=1741ms,1,2026-06-01T23:13:41.951000+00:00,2026-06-01T23:13:41.951000+00:00,Slow response detected endpoint=/api/cart latency=1741ms,1
T514,cart-service,WARN,Slow response detected endpoint=/api/cart latency=1743ms,1,2026-06-01T06:48:13.501000+00:00,2026-06-01T06:48:13.501000+00:00,Slow response detected endpoint=/api/cart latency=1743ms,1
T515,cart-service,WARN,Slow response detected endpoint=/api/cart latency=1745ms,1,2026-06-01T18:35:30.045000+00:00,2026-06-01T18:35:30.045000+00:00,Slow response detected endpoint=/api/cart latency=1745ms,1
T516,cart-service,WARN,Slow response detected endpoint=/api/cart latency=1750ms,1,2026-06-01T21:27:51.148000+00:00,2026-06-01T21:27:51.148000+00:00,Slow response detected endpoint=/api/cart latency=1750ms,1
T517,cart-service,WARN,Slow response detected endpoint=/api/cart latency=1752ms,1,2026-06-01T20:59:09.267000+00:00,2026-06-01T20:59:09.267000+00:00,Slow response detected endpoint=/api/cart latency=1752ms,1
T518,cart-service,WARN,Slow response detected endpoint=/api/cart latency=1754ms,1,2026-06-01T17:47:33.763000+00:00,2026-06-01T17:47:33.763000+00:00,Slow response detected endpoint=/api/cart latency=1754ms,1
T519,cart-service,WARN,Slow response detected endpoint=/api/cart latency=1757ms,1,2026-06-01T21:09:11.725000+00:00,2026-06-01T21:09:11.725000+00:00,Slow response detected endpoint=/api/cart latency=1757ms,1
T520,cart-service,WARN,Slow response detected endpoint=/api/cart latency=1765ms,1,2026-06-01T21:29:21.133000+00:00,2026-06-01T21:29:21.133000+00:00,Slow response detected endpoint=/api/cart latency=1765ms,1
T521,cart-service,WARN,Slow response detected endpoint=/api/cart latency=1771ms,1,2026-06-01T11:46:09.412000+00:00,2026-06-01T11:46:09.412000+00:00,Slow response detected endpoint=/api/cart latency=1771ms,1
T522,cart-service,WARN,Slow response detected endpoint=/api/cart latency=1657ms,1,2026-06-01T08:52:56.733000+00:00,2026-06-01T08:52:56.733000+00:00,Slow response detected endpoint=/api/cart latency=1657ms,1
T523,cart-service,WARN,Slow response detected endpoint=/api/cart latency=1772ms,1,2026-06-01T18:16:52.867000+00:00,2026-06-01T18:16:52.867000+00:00,Slow response detected endpoint=/api/cart latency=1772ms,1
T524,cart-service,WARN,Slow response detected endpoint=/api/cart latency=1776ms,1,2026-06-01T21:34:11.694000+00:00,2026-06-01T21:34:11.694000+00:00,Slow response detected endpoint=/api/cart latency=1776ms,1
T525,cart-service,WARN,Slow response detected endpoint=/api/cart latency=1777ms,1,2026-06-01T20:54:16.322000+00:00,2026-06-01T20:54:16.322000+00:00,Slow response detected endpoint=/api/cart latency=1777ms,1
T526,cart-service,WARN,Slow response detected endpoint=/api/cart latency=1778ms,1,2026-06-01T23:51:19.405000+00:00,2026-06-01T23:51:19.405000+00:00,Slow response detected endpoint=/api/cart latency=1778ms,1
T527,cart-service,WARN,Slow response detected endpoint=/api/cart latency=1779ms,1,2026-06-01T23:34:30.500000+00:00,2026-06-01T23:34:30.500000+00:00,Slow response detected endpoint=/api/cart latency=1779ms,1
T528,cart-service,WARN,Slow response detected endpoint=/api/cart latency=1785ms,1,2026-06-01T21:43:14.478000+00:00,2026-06-01T21:43:14.478000+00:00,Slow response detected endpoint=/api/cart latency=1785ms,1
T529,cart-service,WARN,Slow response detected endpoint=/api/cart latency=1787ms,1,2026-06-01T16:12:16.934000+00:00,2026-06-01T16:12:16.934000+00:00,Slow response detected endpoint=/api/cart latency=1787ms,1
T530,cart-service,WARN,Slow response detected endpoint=/api/cart latency=1788ms,1,2026-06-01T20:19:47.966000+00:00,2026-06-01T20:19:47.966000+00:00,Slow response detected endpoint=/api/cart latency=1788ms,1
T531,cart-service,WARN,Slow response detected endpoint=/api/cart latency=1789ms,1,2026-06-01T19:19:18.147000+00:00,2026-06-01T19:19:18.147000+00:00,Slow response detected endpoint=/api/cart latency=1789ms,1
T532,cart-service,WARN,Slow response detected endpoint=/api/cart latency=1791ms,1,2026-06-01T15:09:32.741000+00:00,2026-06-01T15:09:32.741000+00:00,Slow response detected endpoint=/api/cart latency=1791ms,1
T533,cart-service,WARN,Slow response detected endpoint=/api/cart latency=1796ms,1,2026-06-01T18:18:47.520000+00:00,2026-06-01T18:18:47.520000+00:00,Slow response detected endpoint=/api/cart latency=1796ms,1
T534,cart-service,WARN,Slow response detected endpoint=/api/cart latency=1800ms,1,2026-06-01T14:45:53.237000+00:00,2026-06-01T14:45:53.237000+00:00,Slow response detected endpoint=/api/cart latency=1800ms,1
T535,cart-service,WARN,Slow response detected endpoint=/api/cart latency=1802ms,1,2026-06-01T19:19:03.564000+00:00,2026-06-01T19:19:03.564000+00:00,Slow response detected endpoint=/api/cart latency=1802ms,1
T536,cart-service,WARN,Slow response detected endpoint=/api/cart latency=1633ms,1,2026-06-01T19:48:48.289000+00:00,2026-06-01T19:48:48.289000+00:00,Slow response detected endpoint=/api/cart latency=1633ms,1
T537,cart-service,WARN,Slow response detected endpoint=/api/cart latency=1635ms,1,2026-06-01T14:27:40.392000+00:00,2026-06-01T14:27:40.392000+00:00,Slow response detected endpoint=/api/cart latency=1635ms,1
T538,cart-service,WARN,Slow response detected endpoint=/api/cart latency=1643ms,1,2026-06-01T19:05:44.353000+00:00,2026-06-01T19:05:44.353000+00:00,Slow response detected endpoint=/api/cart latency=1643ms,1
T539,cart-service,WARN,Slow response detected endpoint=/api/cart latency=1859ms,1,2026-06-01T20:36:32.392000+00:00,2026-06-01T20:36:32.392000+00:00,Slow response detected endpoint=/api/cart latency=1859ms,1
T540,cart-service,WARN,Slow response detected endpoint=/api/cart latency=1865ms,1,2026-06-01T17:16:21.262000+00:00,2026-06-01T17:16:21.262000+00:00,Slow response detected endpoint=/api/cart latency=1865ms,1
T541,cart-service,WARN,Slow response detected endpoint=/api/cart latency=1866ms,1,2026-06-01T20:17:53.241000+00:00,2026-06-01T20:17:53.241000+00:00,Slow response detected endpoint=/api/cart latency=1866ms,1
T542,cart-service,WARN,Slow response detected endpoint=/api/cart latency=1868ms,1,2026-06-01T07:18:57.986000+00:00,2026-06-01T07:18:57.986000+00:00,Slow response detected endpoint=/api/cart latency=1868ms,1
T543,cart-service,WARN,Slow response detected endpoint=/api/cart latency=1806ms,1,2026-06-01T17:40:02.120000+00:00,2026-06-01T17:40:02.120000+00:00,Slow response detected endpoint=/api/cart latency=1806ms,1
T544,cart-service,WARN,Slow response detected endpoint=/api/cart latency=1809ms,1,2026-06-01T18:28:36.293000+00:00,2026-06-01T18:28:36.293000+00:00,Slow response detected endpoint=/api/cart latency=1809ms,1
T545,cart-service,WARN,Slow response detected endpoint=/api/cart latency=1810ms,1,2026-06-01T15:03:03.328000+00:00,2026-06-01T15:03:03.328000+00:00,Slow response detected endpoint=/api/cart latency=1810ms,1
T546,cart-service,WARN,Slow response detected endpoint=/api/cart latency=1811ms,1,2026-06-01T21:44:27.157000+00:00,2026-06-01T21:44:27.157000+00:00,Slow response detected endpoint=/api/cart latency=1811ms,1
T547,cart-service,WARN,Slow response detected endpoint=/api/cart latency=1812ms,1,2026-06-01T20:24:34.414000+00:00,2026-06-01T20:24:34.414000+00:00,Slow response detected endpoint=/api/cart latency=1812ms,1
T548,cart-service,WARN,Slow response detected endpoint=/api/cart latency=1815ms,1,2026-06-01T17:58:21.886000+00:00,2026-06-01T17:58:21.886000+00:00,Slow response detected endpoint=/api/cart latency=1815ms,1
T549,cart-service,WARN,Slow response detected endpoint=/api/cart latency=1818ms,1,2026-06-01T16:46:49.650000+00:00,2026-06-01T16:46:49.650000+00:00,Slow response detected endpoint=/api/cart latency=1818ms,1
T550,cart-service,WARN,Slow response detected endpoint=/api/cart latency=1822ms,1,2026-06-01T15:53:15.387000+00:00,2026-06-01T15:53:15.387000+00:00,Slow response detected endpoint=/api/cart latency=1822ms,1
T551,cart-service,WARN,Slow response detected endpoint=/api/cart latency=1825ms,1,2026-06-01T14:46:16.464000+00:00,2026-06-01T14:46:16.464000+00:00,Slow response detected endpoint=/api/cart latency=1825ms,1
T552,cart-service,WARN,Slow response detected endpoint=/api/cart latency=1827ms,1,2026-06-01T08:37:43.807000+00:00,2026-06-01T08:37:43.807000+00:00,Slow response detected endpoint=/api/cart latency=1827ms,1
T553,cart-service,WARN,Slow response detected endpoint=/api/cart latency=1828ms,1,2026-06-01T14:51:48.596000+00:00,2026-06-01T14:51:48.596000+00:00,Slow response detected endpoint=/api/cart latency=1828ms,1
T554,cart-service,WARN,Slow response detected endpoint=/api/cart latency=1831ms,1,2026-06-01T15:00:16.434000+00:00,2026-06-01T15:00:16.434000+00:00,Slow response detected endpoint=/api/cart latency=1831ms,1
T555,cart-service,WARN,Slow response detected endpoint=/api/cart latency=1606ms,1,2026-06-01T15:03:33.233000+00:00,2026-06-01T15:03:33.233000+00:00,Slow response detected endpoint=/api/cart latency=1606ms,1
T556,cart-service,WARN,Slow response detected endpoint=/api/cart latency=1607ms,1,2026-06-01T18:41:04.331000+00:00,2026-06-01T18:41:04.331000+00:00,Slow response detected endpoint=/api/cart latency=1607ms,1
T557,cart-service,WARN,Slow response detected endpoint=/api/cart latency=1608ms,1,2026-06-01T17:48:02.445000+00:00,2026-06-01T17:48:02.445000+00:00,Slow response detected endpoint=/api/cart latency=1608ms,1
T558,cart-service,WARN,Slow response detected endpoint=/api/cart latency=1616ms,1,2026-06-01T23:42:53.874000+00:00,2026-06-01T23:42:53.874000+00:00,Slow response detected endpoint=/api/cart latency=1616ms,1
T559,cart-service,WARN,Slow response detected endpoint=/api/cart latency=1617ms,1,2026-06-01T15:23:49.180000+00:00,2026-06-01T15:23:49.180000+00:00,Slow response detected endpoint=/api/cart latency=1617ms,1
T560,cart-service,WARN,Slow response detected endpoint=/api/cart latency=1618ms,1,2026-06-01T15:53:12.639000+00:00,2026-06-01T15:53:12.639000+00:00,Slow response detected endpoint=/api/cart latency=1618ms,1
T561,cart-service,WARN,Slow response detected endpoint=/api/cart latency=1619ms,1,2026-06-01T18:59:53.744000+00:00,2026-06-01T18:59:53.744000+00:00,Slow response detected endpoint=/api/cart latency=1619ms,1
T562,cart-service,WARN,Slow response detected endpoint=/api/cart latency=1620ms,1,2026-06-01T18:27:03.214000+00:00,2026-06-01T18:27:03.214000+00:00,Slow response detected endpoint=/api/cart latency=1620ms,1
T563,cart-service,WARN,Slow response detected endpoint=/api/cart latency=1626ms,1,2026-06-01T11:55:09.141000+00:00,2026-06-01T11:55:09.141000+00:00,Slow response detected endpoint=/api/cart latency=1626ms,1
T564,cart-service,WARN,Slow response detected endpoint=/api/cart latency=1834ms,1,2026-06-01T11:23:04.458000+00:00,2026-06-01T11:23:04.458000+00:00,Slow response detected endpoint=/api/cart latency=1834ms,1
T565,cart-service,WARN,Slow response detected endpoint=/api/cart latency=1845ms,1,2026-06-01T22:07:43.035000+00:00,2026-06-01T22:07:43.035000+00:00,Slow response detected endpoint=/api/cart latency=1845ms,1
T566,cart-service,WARN,Slow response detected endpoint=/api/cart latency=1846ms,1,2026-06-01T21:03:17.805000+00:00,2026-06-01T21:03:17.805000+00:00,Slow response detected endpoint=/api/cart latency=1846ms,1
T567,cart-service,WARN,Slow response detected endpoint=/api/cart latency=1848ms,1,2026-06-01T23:35:04.525000+00:00,2026-06-01T23:35:04.525000+00:00,Slow response detected endpoint=/api/cart latency=1848ms,1
T568,cart-service,WARN,Slow response detected endpoint=/api/cart latency=1851ms,1,2026-06-01T22:14:44.005000+00:00,2026-06-01T22:14:44.005000+00:00,Slow response detected endpoint=/api/cart latency=1851ms,1
T569,cart-service,WARN,Slow response detected endpoint=/api/cart latency=1855ms,1,2026-06-01T21:22:08.081000+00:00,2026-06-01T21:22:08.081000+00:00,Slow response detected endpoint=/api/cart latency=1855ms,1
T570,cart-service,WARN,Slow response detected endpoint=/api/cart latency=1857ms,1,2026-06-01T18:20:16.960000+00:00,2026-06-01T18:20:16.960000+00:00,Slow response detected endpoint=/api/cart latency=1857ms,1
T571,cart-service,WARN,Slow response detected endpoint=/api/cart latency=1932ms,1,2026-06-01T14:05:13.246000+00:00,2026-06-01T14:05:13.246000+00:00,Slow response detected endpoint=/api/cart latency=1932ms,1
T572,cart-service,WARN,Slow response detected endpoint=/api/cart latency=1869ms,1,2026-06-01T19:15:22.218000+00:00,2026-06-01T19:15:22.218000+00:00,Slow response detected endpoint=/api/cart latency=1869ms,1
T573,cart-service,WARN,Slow response detected endpoint=/api/cart latency=1877ms,1,2026-06-01T15:29:50.889000+00:00,2026-06-01T15:29:50.889000+00:00,Slow response detected endpoint=/api/cart latency=1877ms,1
T574,cart-service,WARN,Slow response detected endpoint=/api/cart latency=1887ms,1,2026-06-01T20:15:46.852000+00:00,2026-06-01T20:15:46.852000+00:00,Slow response detected endpoint=/api/cart latency=1887ms,1
T575,cart-service,WARN,Slow response detected endpoint=/api/cart latency=1888ms,1,2026-06-01T23:07:27.177000+00:00,2026-06-01T23:07:27.177000+00:00,Slow response detected endpoint=/api/cart latency=1888ms,1
T576,cart-service,WARN,Slow response detected endpoint=/api/cart latency=1891ms,1,2026-06-01T15:07:52.870000+00:00,2026-06-01T15:07:52.870000+00:00,Slow response detected endpoint=/api/cart latency=1891ms,1
T577,cart-service,WARN,Slow response detected endpoint=/api/cart latency=1892ms,1,2026-06-01T10:41:25.473000+00:00,2026-06-01T10:41:25.473000+00:00,Slow response detected endpoint=/api/cart latency=1892ms,1
T578,cart-service,WARN,Slow response detected endpoint=/api/cart latency=1894ms,1,2026-06-01T17:35:44.780000+00:00,2026-06-01T17:35:44.780000+00:00,Slow response detected endpoint=/api/cart latency=1894ms,1
T579,cart-service,WARN,Slow response detected endpoint=/api/cart latency=1903ms,1,2026-06-01T06:58:47.335000+00:00,2026-06-01T06:58:47.335000+00:00,Slow response detected endpoint=/api/cart latency=1903ms,1
T580,cart-service,WARN,Slow response detected endpoint=/api/cart latency=1906ms,1,2026-06-01T14:47:27.417000+00:00,2026-06-01T14:47:27.417000+00:00,Slow response detected endpoint=/api/cart latency=1906ms,1
T581,cart-service,WARN,Slow response detected endpoint=/api/cart latency=1907ms,1,2026-06-01T19:00:56.047000+00:00,2026-06-01T19:00:56.047000+00:00,Slow response detected endpoint=/api/cart latency=1907ms,1
T582,cart-service,WARN,Slow response detected endpoint=/api/cart latency=1909ms,1,2026-06-01T16:20:58.414000+00:00,2026-06-01T16:20:58.414000+00:00,Slow response detected endpoint=/api/cart latency=1909ms,1
T583,cart-service,WARN,Slow response detected endpoint=/api/cart latency=1598ms,1,2026-06-01T22:11:30.024000+00:00,2026-06-01T22:11:30.024000+00:00,Slow response detected endpoint=/api/cart latency=1598ms,1
T584,cart-service,WARN,Slow response detected endpoint=/api/cart latency=1599ms,1,2026-06-01T10:19:18.452000+00:00,2026-06-01T10:19:18.452000+00:00,Slow response detected endpoint=/api/cart latency=1599ms,1
T585,cart-service,WARN,Slow response detected endpoint=/api/cart latency=1601ms,1,2026-06-01T19:53:24.656000+00:00,2026-06-01T19:53:24.656000+00:00,Slow response detected endpoint=/api/cart latency=1601ms,1
T586,cart-service,WARN,Slow response detected endpoint=/api/cart latency=1602ms,1,2026-06-01T10:16:37.898000+00:00,2026-06-01T10:16:37.898000+00:00,Slow response detected endpoint=/api/cart latency=1602ms,1
T587,cart-service,WARN,Slow response detected endpoint=/api/cart latency=1966ms,1,2026-06-01T23:44:36.568000+00:00,2026-06-01T23:44:36.568000+00:00,Slow response detected endpoint=/api/cart latency=1966ms,1
T588,cart-service,WARN,Slow response detected endpoint=/api/cart latency=1969ms,1,2026-06-01T23:57:50.876000+00:00,2026-06-01T23:57:50.876000+00:00,Slow response detected endpoint=/api/cart latency=1969ms,1
T589,cart-service,WARN,Slow response detected endpoint=/api/cart latency=1973ms,1,2026-06-01T15:08:14.078000+00:00,2026-06-01T15:08:14.078000+00:00,Slow response detected endpoint=/api/cart latency=1973ms,1
T590,cart-service,WARN,Slow response detected endpoint=/api/cart latency=1910ms,1,2026-06-01T21:46:14.958000+00:00,2026-06-01T21:46:14.958000+00:00,Slow response detected endpoint=/api/cart latency=1910ms,1
T591,cart-service,WARN,Slow response detected endpoint=/api/cart latency=1911ms,1,2026-06-01T22:09:20.285000+00:00,2026-06-01T22:09:20.285000+00:00,Slow response detected endpoint=/api/cart latency=1911ms,1
T592,cart-service,WARN,Slow response detected endpoint=/api/cart latency=1915ms,1,2026-06-01T17:15:54.576000+00:00,2026-06-01T17:15:54.576000+00:00,Slow response detected endpoint=/api/cart latency=1915ms,1
T593,cart-service,WARN,Slow response detected endpoint=/api/cart latency=1916ms,1,2026-06-01T21:29:39.167000+00:00,2026-06-01T21:29:39.167000+00:00,Slow response detected endpoint=/api/cart latency=1916ms,1
T594,cart-service,WARN,Slow response detected endpoint=/api/cart latency=1917ms,1,2026-06-01T17:54:23.545000+00:00,2026-06-01T17:54:23.545000+00:00,Slow response detected endpoint=/api/cart latency=1917ms,1
T595,cart-service,WARN,Slow response detected endpoint=/api/cart latency=1918ms,1,2026-06-01T19:19:01.724000+00:00,2026-06-01T19:19:01.724000+00:00,Slow response detected endpoint=/api/cart latency=1918ms,1
T596,cart-service,WARN,Slow response detected endpoint=/api/cart latency=1920ms,1,2026-06-01T18:00:12.079000+00:00,2026-06-01T18:00:12.079000+00:00,Slow response detected endpoint=/api/cart latency=1920ms,1
T597,cart-service,WARN,Slow response detected endpoint=/api/cart latency=1921ms,1,2026-06-01T15:35:33.549000+00:00,2026-06-01T15:35:33.549000+00:00,Slow response detected endpoint=/api/cart latency=1921ms,1
T598,cart-service,WARN,Slow response detected endpoint=/api/cart latency=1922ms,1,2026-06-01T20:40:34.127000+00:00,2026-06-01T20:40:34.127000+00:00,Slow response detected endpoint=/api/cart latency=1922ms,1
T599,cart-service,WARN,Slow response detected endpoint=/api/cart latency=1925ms,1,2026-06-01T22:13:36.611000+00:00,2026-06-01T22:13:36.611000+00:00,Slow response detected endpoint=/api/cart latency=1925ms,1
T600,cart-service,WARN,Slow response detected endpoint=/api/cart latency=1927ms,1,2026-06-01T17:05:27.388000+00:00,2026-06-01T17:05:27.388000+00:00,Slow response detected endpoint=/api/cart latency=1927ms,1
T601,cart-service,WARN,Slow response detected endpoint=/api/cart latency=1929ms,1,2026-06-01T20:37:11.213000+00:00,2026-06-01T20:37:11.213000+00:00,Slow response detected endpoint=/api/cart latency=1929ms,1
T602,cart-service,WARN,Slow response detected endpoint=/api/cart latency=1931ms,1,2026-06-01T20:51:01.432000+00:00,2026-06-01T20:51:01.432000+00:00,Slow response detected endpoint=/api/cart latency=1931ms,1
T603,cart-service,WARN,Slow response detected endpoint=/api/cart latency=1983ms,1,2026-06-01T19:45:46.668000+00:00,2026-06-01T19:45:46.668000+00:00,Slow response detected endpoint=/api/cart latency=1983ms,1
T604,cart-service,WARN,Slow response detected endpoint=/api/cart latency=1986ms,1,2026-06-01T21:44:35.195000+00:00,2026-06-01T21:44:35.195000+00:00,Slow response detected endpoint=/api/cart latency=1986ms,1
T605,cart-service,WARN,Slow response detected endpoint=/api/cart latency=1993ms,1,2026-06-01T22:45:06.962000+00:00,2026-06-01T22:45:06.962000+00:00,Slow response detected endpoint=/api/cart latency=1993ms,1
T606,cart-service,WARN,Slow response detected endpoint=/api/cart latency=1994ms,1,2026-06-01T21:47:53.386000+00:00,2026-06-01T21:47:53.386000+00:00,Slow response detected endpoint=/api/cart latency=1994ms,1
T607,cart-service,WARN,Slow response detected endpoint=/api/cart latency=1995ms,1,2026-06-01T17:13:26.535000+00:00,2026-06-01T17:13:26.535000+00:00,Slow response detected endpoint=/api/cart latency=1995ms,1
T608,cart-service,WARN,Slow response detected endpoint=/api/cart latency=1997ms,1,2026-06-01T11:49:08.018000+00:00,2026-06-01T11:49:08.018000+00:00,Slow response detected endpoint=/api/cart latency=1997ms,1
T609,cart-service,WARN,Slow response detected endpoint=/api/cart latency=1998ms,1,2026-06-01T18:12:50.330000+00:00,2026-06-01T18:12:50.330000+00:00,Slow response detected endpoint=/api/cart latency=1998ms,1
T610,cart-service,WARN,Slow response detected endpoint=/api/cart latency=2008ms,1,2026-06-01T20:47:34.982000+00:00,2026-06-01T20:47:34.982000+00:00,Slow response detected endpoint=/api/cart latency=2008ms,1
T611,cart-service,WARN,Slow response detected endpoint=/api/cart latency=1942ms,1,2026-06-01T19:29:41.843000+00:00,2026-06-01T19:29:41.843000+00:00,Slow response detected endpoint=/api/cart latency=1942ms,1
T612,cart-service,WARN,Slow response detected endpoint=/api/cart latency=1945ms,1,2026-06-01T17:44:52.855000+00:00,2026-06-01T17:44:52.855000+00:00,Slow response detected endpoint=/api/cart latency=1945ms,1
T613,cart-service,WARN,Slow response detected endpoint=/api/cart latency=1949ms,1,2026-06-01T18:06:03.601000+00:00,2026-06-01T18:06:03.601000+00:00,Slow response detected endpoint=/api/cart latency=1949ms,1
T614,cart-service,WARN,Slow response detected endpoint=/api/cart latency=1951ms,1,2026-06-01T17:20:53.693000+00:00,2026-06-01T17:20:53.693000+00:00,Slow response detected endpoint=/api/cart latency=1951ms,1
T615,cart-service,WARN,Slow response detected endpoint=/api/cart latency=1952ms,1,2026-06-01T22:56:05.669000+00:00,2026-06-01T22:56:05.669000+00:00,Slow response detected endpoint=/api/cart latency=1952ms,1
T616,cart-service,WARN,Slow response detected endpoint=/api/cart latency=1954ms,1,2026-06-01T22:09:01.124000+00:00,2026-06-01T22:09:01.124000+00:00,Slow response detected endpoint=/api/cart latency=1954ms,1
T617,cart-service,WARN,Slow response detected endpoint=/api/cart latency=1960ms,1,2026-06-01T22:15:53.322000+00:00,2026-06-01T22:15:53.322000+00:00,Slow response detected endpoint=/api/cart latency=1960ms,1
T618,cart-service,WARN,Slow response detected endpoint=/api/cart latency=1964ms,1,2026-06-01T12:35:19.083000+00:00,2026-06-01T12:35:19.083000+00:00,Slow response detected endpoint=/api/cart latency=1964ms,1
T619,cart-service,WARN,Slow response detected endpoint=/api/cart latency=1568ms,1,2026-06-01T16:56:52.280000+00:00,2026-06-01T16:56:52.280000+00:00,Slow response detected endpoint=/api/cart latency=1568ms,1
T620,cart-service,WARN,Slow response detected endpoint=/api/cart latency=1569ms,1,2026-06-01T12:31:47.206000+00:00,2026-06-01T12:31:47.206000+00:00,Slow response detected endpoint=/api/cart latency=1569ms,1
T621,cart-service,WARN,Slow response detected endpoint=/api/cart latency=1570ms,1,2026-06-01T20:50:56.608000+00:00,2026-06-01T20:50:56.608000+00:00,Slow response detected endpoint=/api/cart latency=1570ms,1
T622,cart-service,WARN,Slow response detected endpoint=/api/cart latency=1571ms,1,2026-06-01T15:49:17.745000+00:00,2026-06-01T15:49:17.745000+00:00,Slow response detected endpoint=/api/cart latency=1571ms,1
T623,cart-service,WARN,Slow response detected endpoint=/api/cart latency=1572ms,1,2026-06-01T23:22:17.062000+00:00,2026-06-01T23:22:17.062000+00:00,Slow response detected endpoint=/api/cart latency=1572ms,1
T624,cart-service,WARN,Slow response detected endpoint=/api/cart latency=1576ms,1,2026-06-01T10:31:23.198000+00:00,2026-06-01T10:31:23.198000+00:00,Slow response detected endpoint=/api/cart latency=1576ms,1
T625,cart-service,WARN,Slow response detected endpoint=/api/cart latency=1578ms,1,2026-06-01T20:11:39.123000+00:00,2026-06-01T20:11:39.123000+00:00,Slow response detected endpoint=/api/cart latency=1578ms,1
T626,cart-service,WARN,Slow response detected endpoint=/api/cart latency=1582ms,1,2026-06-01T16:55:32.162000+00:00,2026-06-01T16:55:32.162000+00:00,Slow response detected endpoint=/api/cart latency=1582ms,1
T627,cart-service,WARN,Slow response detected endpoint=/api/cart latency=1586ms,1,2026-06-01T16:27:52.817000+00:00,2026-06-01T16:27:52.817000+00:00,Slow response detected endpoint=/api/cart latency=1586ms,1
T628,cart-service,WARN,Slow response detected endpoint=/api/cart latency=1587ms,1,2026-06-01T17:56:23.249000+00:00,2026-06-01T17:56:23.249000+00:00,Slow response detected endpoint=/api/cart latency=1587ms,1
T629,cart-service,WARN,Slow response detected endpoint=/api/cart latency=1588ms,1,2026-06-01T16:04:32.279000+00:00,2026-06-01T16:04:32.279000+00:00,Slow response detected endpoint=/api/cart latency=1588ms,1
T630,cart-service,WARN,Slow response detected endpoint=/api/cart latency=1591ms,1,2026-06-01T20:51:38.226000+00:00,2026-06-01T20:51:38.226000+00:00,Slow response detected endpoint=/api/cart latency=1591ms,1
T631,cart-service,WARN,Slow response detected endpoint=/api/cart latency=1594ms,1,2026-06-01T07:12:50.678000+00:00,2026-06-01T07:12:50.678000+00:00,Slow response detected endpoint=/api/cart latency=1594ms,1
T632,cart-service,WARN,Slow response detected endpoint=/api/cart latency=1974ms,1,2026-06-01T14:42:23.076000+00:00,2026-06-01T14:42:23.076000+00:00,Slow response detected endpoint=/api/cart latency=1974ms,1
T633,cart-service,WARN,Slow response detected endpoint=/api/cart latency=1980ms,1,2026-06-01T23:11:38.994000+00:00,2026-06-01T23:11:38.994000+00:00,Slow response detected endpoint=/api/cart latency=1980ms,1
T634,cart-service,WARN,Slow response detected endpoint=/api/cart latency=1982ms,1,2026-06-01T18:25:44.395000+00:00,2026-06-01T18:25:44.395000+00:00,Slow response detected endpoint=/api/cart latency=1982ms,1
T635,cart-service,WARN,Slow response detected endpoint=/api/cart latency=2077ms,1,2026-06-01T15:53:26.071000+00:00,2026-06-01T15:53:26.071000+00:00,Slow response detected endpoint=/api/cart latency=2077ms,1
T636,cart-service,WARN,Slow response detected endpoint=/api/cart latency=2009ms,1,2026-06-01T17:15:03.613000+00:00,2026-06-01T17:15:03.613000+00:00,Slow response detected endpoint=/api/cart latency=2009ms,1
T637,cart-service,WARN,Slow response detected endpoint=/api/cart latency=2010ms,1,2026-06-01T19:26:24.222000+00:00,2026-06-01T19:26:24.222000+00:00,Slow response detected endpoint=/api/cart latency=2010ms,1
T638,cart-service,WARN,Slow response detected endpoint=/api/cart latency=2011ms,1,2026-06-01T18:58:06.236000+00:00,2026-06-01T18:58:06.236000+00:00,Slow response detected endpoint=/api/cart latency=2011ms,1
T639,cart-service,WARN,Slow response detected endpoint=/api/cart latency=2013ms,1,2026-06-01T16:58:02.894000+00:00,2026-06-01T16:58:02.894000+00:00,Slow response detected endpoint=/api/cart latency=2013ms,1
T640,cart-service,WARN,Slow response detected endpoint=/api/cart latency=2016ms,1,2026-06-01T21:14:45.091000+00:00,2026-06-01T21:14:45.091000+00:00,Slow response detected endpoint=/api/cart latency=2016ms,1
T641,cart-service,WARN,Slow response detected endpoint=/api/cart latency=2022ms,1,2026-06-01T17:55:45.424000+00:00,2026-06-01T17:55:45.424000+00:00,Slow response detected endpoint=/api/cart latency=2022ms,1
T642,cart-service,WARN,Slow response detected endpoint=/api/cart latency=2023ms,1,2026-06-01T14:42:20.449000+00:00,2026-06-01T14:42:20.449000+00:00,Slow response detected endpoint=/api/cart latency=2023ms,1
T643,cart-service,WARN,Slow response detected endpoint=/api/cart latency=2028ms,1,2026-06-01T21:17:43.247000+00:00,2026-06-01T21:17:43.247000+00:00,Slow response detected endpoint=/api/cart latency=2028ms,1
T644,cart-service,WARN,Slow response detected endpoint=/api/cart latency=2035ms,1,2026-06-01T16:15:04.890000+00:00,2026-06-01T16:15:04.890000+00:00,Slow response detected endpoint=/api/cart latency=2035ms,1
T645,cart-service,WARN,Slow response detected endpoint=/api/cart latency=2036ms,1,2026-06-01T15:25:24.813000+00:00,2026-06-01T15:25:24.813000+00:00,Slow response detected endpoint=/api/cart latency=2036ms,1
T646,cart-service,WARN,Slow response detected endpoint=/api/cart latency=2039ms,1,2026-06-01T20:22:34.383000+00:00,2026-06-01T20:22:34.383000+00:00,Slow response detected endpoint=/api/cart latency=2039ms,1
T647,cart-service,WARN,Slow response detected endpoint=/api/cart latency=2040ms,1,2026-06-01T22:51:42.551000+00:00,2026-06-01T22:51:42.551000+00:00,Slow response detected endpoint=/api/cart latency=2040ms,1
T648,cart-service,WARN,Slow response detected endpoint=/api/cart latency=2041ms,1,2026-06-01T21:52:50.724000+00:00,2026-06-01T21:52:50.724000+00:00,Slow response detected endpoint=/api/cart latency=2041ms,1
T649,cart-service,WARN,Slow response detected endpoint=/api/cart latency=2042ms,1,2026-06-01T20:51:42.956000+00:00,2026-06-01T20:51:42.956000+00:00,Slow response detected endpoint=/api/cart latency=2042ms,1
T650,cart-service,WARN,Slow response detected endpoint=/api/cart latency=1567ms,1,2026-06-01T23:11:51.727000+00:00,2026-06-01T23:11:51.727000+00:00,Slow response detected endpoint=/api/cart latency=1567ms,1
T651,cart-service,WARN,Slow response detected endpoint=/api/cart latency=2101ms,1,2026-06-01T11:36:18.980000+00:00,2026-06-01T11:36:18.980000+00:00,Slow response detected endpoint=/api/cart latency=2101ms,1
T652,cart-service,WARN,Slow response detected endpoint=/api/cart latency=2103ms,1,2026-06-01T19:11:21.321000+00:00,2026-06-01T19:11:21.321000+00:00,Slow response detected endpoint=/api/cart latency=2103ms,1
T653,cart-service,WARN,Slow response detected endpoint=/api/cart latency=2104ms,1,2026-06-01T22:02:50.653000+00:00,2026-06-01T22:02:50.653000+00:00,Slow response detected endpoint=/api/cart latency=2104ms,1
T654,cart-service,WARN,Slow response detected endpoint=/api/cart latency=2107ms,1,2026-06-01T17:32:18.425000+00:00,2026-06-01T17:32:18.425000+00:00,Slow response detected endpoint=/api/cart latency=2107ms,1
T655,cart-service,WARN,Slow response detected endpoint=/api/cart latency=2109ms,1,2026-06-01T20:54:47.159000+00:00,2026-06-01T20:54:47.159000+00:00,Slow response detected endpoint=/api/cart latency=2109ms,1
T656,cart-service,WARN,Slow response detected endpoint=/api/cart latency=2113ms,1,2026-06-01T18:47:50.572000+00:00,2026-06-01T18:47:50.572000+00:00,Slow response detected endpoint=/api/cart latency=2113ms,1
T657,cart-service,WARN,Slow response detected endpoint=/api/cart latency=2045ms,1,2026-06-01T19:10:39.551000+00:00,2026-06-01T19:10:39.551000+00:00,Slow response detected endpoint=/api/cart latency=2045ms,1
T658,cart-service,WARN,Slow response detected endpoint=/api/cart latency=2046ms,1,2026-06-01T17:27:49.875000+00:00,2026-06-01T17:27:49.875000+00:00,Slow response detected endpoint=/api/cart latency=2046ms,1
T659,cart-service,WARN,Slow response detected endpoint=/api/cart latency=2051ms,1,2026-06-01T17:26:02.349000+00:00,2026-06-01T17:26:02.349000+00:00,Slow response detected endpoint=/api/cart latency=2051ms,1
T660,cart-service,WARN,Slow response detected endpoint=/api/cart latency=2053ms,1,2026-06-01T17:49:37.157000+00:00,2026-06-01T17:49:37.157000+00:00,Slow response detected endpoint=/api/cart latency=2053ms,1
T661,cart-service,WARN,Slow response detected endpoint=/api/cart latency=2055ms,1,2026-06-01T17:18:17.281000+00:00,2026-06-01T17:18:17.281000+00:00,Slow response detected endpoint=/api/cart latency=2055ms,1
T662,cart-service,WARN,Slow response detected endpoint=/api/cart latency=2060ms,1,2026-06-01T20:18:50.374000+00:00,2026-06-01T20:18:50.374000+00:00,Slow response detected endpoint=/api/cart latency=2060ms,1
T663,cart-service,WARN,Slow response detected endpoint=/api/cart latency=2061ms,1,2026-06-01T20:01:50.766000+00:00,2026-06-01T20:01:50.766000+00:00,Slow response detected endpoint=/api/cart latency=2061ms,1
T664,cart-service,WARN,Slow response detected endpoint=/api/cart latency=2068ms,1,2026-06-01T22:17:22.107000+00:00,2026-06-01T22:17:22.107000+00:00,Slow response detected endpoint=/api/cart latency=2068ms,1
T665,cart-service,WARN,Slow response detected endpoint=/api/cart latency=2072ms,1,2026-06-01T20:17:09.589000+00:00,2026-06-01T20:17:09.589000+00:00,Slow response detected endpoint=/api/cart latency=2072ms,1
T666,cart-service,WARN,Slow response detected endpoint=/api/cart latency=2074ms,1,2026-06-01T21:49:43.327000+00:00,2026-06-01T21:49:43.327000+00:00,Slow response detected endpoint=/api/cart latency=2074ms,1
T667,cart-service,WARN,Slow response detected endpoint=/api/cart latency=2128ms,1,2026-06-01T08:29:07.822000+00:00,2026-06-01T08:29:07.822000+00:00,Slow response detected endpoint=/api/cart latency=2128ms,1
T668,cart-service,WARN,Slow response detected endpoint=/api/cart latency=2136ms,1,2026-06-01T19:25:33.253000+00:00,2026-06-01T19:25:33.253000+00:00,Slow response detected endpoint=/api/cart latency=2136ms,1
T669,cart-service,WARN,Slow response detected endpoint=/api/cart latency=2138ms,1,2026-06-01T21:49:19.664000+00:00,2026-06-01T21:49:19.664000+00:00,Slow response detected endpoint=/api/cart latency=2138ms,1
T670,cart-service,WARN,Slow response detected endpoint=/api/cart latency=2139ms,1,2026-06-01T14:29:23.092000+00:00,2026-06-01T14:29:23.092000+00:00,Slow response detected endpoint=/api/cart latency=2139ms,1
T671,cart-service,WARN,Slow response detected endpoint=/api/cart latency=2142ms,1,2026-06-01T18:52:41.805000+00:00,2026-06-01T18:52:41.805000+00:00,Slow response detected endpoint=/api/cart latency=2142ms,1
T672,cart-service,WARN,Slow response detected endpoint=/api/cart latency=2143ms,1,2026-06-01T06:47:42.004000+00:00,2026-06-01T06:47:42.004000+00:00,Slow response detected endpoint=/api/cart latency=2143ms,1
T673,cart-service,WARN,Slow response detected endpoint=/api/cart latency=2144ms,1,2026-06-01T22:18:25.637000+00:00,2026-06-01T22:18:25.637000+00:00,Slow response detected endpoint=/api/cart latency=2144ms,1
T674,cart-service,WARN,Slow response detected endpoint=/api/cart latency=2078ms,1,2026-06-01T23:18:30.104000+00:00,2026-06-01T23:18:30.104000+00:00,Slow response detected endpoint=/api/cart latency=2078ms,1
T675,cart-service,WARN,Slow response detected endpoint=/api/cart latency=2079ms,1,2026-06-01T14:33:05.769000+00:00,2026-06-01T14:33:05.769000+00:00,Slow response detected endpoint=/api/cart latency=2079ms,1
T676,cart-service,WARN,Slow response detected endpoint=/api/cart latency=2080ms,1,2026-06-01T18:49:24.389000+00:00,2026-06-01T18:49:24.389000+00:00,Slow response detected endpoint=/api/cart latency=2080ms,1
T677,cart-service,WARN,Slow response detected endpoint=/api/cart latency=2089ms,1,2026-06-01T14:04:32.998000+00:00,2026-06-01T14:04:32.998000+00:00,Slow response detected endpoint=/api/cart latency=2089ms,1
T678,cart-service,WARN,Slow response detected endpoint=/api/cart latency=2090ms,1,2026-06-01T21:25:02.209000+00:00,2026-06-01T21:25:02.209000+00:00,Slow response detected endpoint=/api/cart latency=2090ms,1
T679,cart-service,WARN,Slow response detected endpoint=/api/cart latency=2094ms,1,2026-06-01T18:27:53.454000+00:00,2026-06-01T18:27:53.454000+00:00,Slow response detected endpoint=/api/cart latency=2094ms,1
T680,cart-service,WARN,Slow response detected endpoint=/api/cart latency=2095ms,1,2026-06-01T17:45:57.958000+00:00,2026-06-01T17:45:57.958000+00:00,Slow response detected endpoint=/api/cart latency=2095ms,1
T681,cart-service,WARN,Slow response detected endpoint=/api/cart latency=2097ms,1,2026-06-01T23:03:44.506000+00:00,2026-06-01T23:03:44.506000+00:00,Slow response detected endpoint=/api/cart latency=2097ms,1
T682,cart-service,WARN,Slow response detected endpoint=/api/cart latency=2100ms,1,2026-06-01T17:51:28.184000+00:00,2026-06-01T17:51:28.184000+00:00,Slow response detected endpoint=/api/cart latency=2100ms,1
T683,cart-service,WARN,Slow response detected endpoint=/api/cart latency=1540ms,1,2026-06-01T17:51:15.529000+00:00,2026-06-01T17:51:15.529000+00:00,Slow response detected endpoint=/api/cart latency=1540ms,1
T684,cart-service,WARN,Slow response detected endpoint=/api/cart latency=1541ms,1,2026-06-01T09:23:05.203000+00:00,2026-06-01T09:23:05.203000+00:00,Slow response detected endpoint=/api/cart latency=1541ms,1
T685,cart-service,WARN,Slow response detected endpoint=/api/cart latency=1546ms,1,2026-06-01T17:59:34.527000+00:00,2026-06-01T17:59:34.527000+00:00,Slow response detected endpoint=/api/cart latency=1546ms,1
T686,cart-service,WARN,Slow response detected endpoint=/api/cart latency=1547ms,1,2026-06-01T21:53:53.598000+00:00,2026-06-01T21:53:53.598000+00:00,Slow response detected endpoint=/api/cart latency=1547ms,1
T687,cart-service,WARN,Slow response detected endpoint=/api/cart latency=1549ms,1,2026-06-01T16:36:43.735000+00:00,2026-06-01T16:36:43.735000+00:00,Slow response detected endpoint=/api/cart latency=1549ms,1
T688,cart-service,WARN,Slow response detected endpoint=/api/cart latency=1551ms,1,2026-06-01T16:57:35.106000+00:00,2026-06-01T16:57:35.106000+00:00,Slow response detected endpoint=/api/cart latency=1551ms,1
T689,cart-service,WARN,Slow response detected endpoint=/api/cart latency=1559ms,1,2026-06-01T14:03:42.815000+00:00,2026-06-01T14:03:42.815000+00:00,Slow response detected endpoint=/api/cart latency=1559ms,1
T690,cart-service,WARN,Slow response detected endpoint=/api/cart latency=1564ms,1,2026-06-01T17:58:41.026000+00:00,2026-06-01T17:58:41.026000+00:00,Slow response detected endpoint=/api/cart latency=1564ms,1
T691,cart-service,WARN,Slow response detected endpoint=/api/cart latency=1566ms,1,2026-06-01T19:11:38.032000+00:00,2026-06-01T19:11:38.032000+00:00,Slow response detected endpoint=/api/cart latency=1566ms,1
T692,cart-service,WARN,Slow response detected endpoint=/api/cart latency=2114ms,1,2026-06-01T15:21:50.458000+00:00,2026-06-01T15:21:50.458000+00:00,Slow response detected endpoint=/api/cart latency=2114ms,1
T693,cart-service,WARN,Slow response detected endpoint=/api/cart latency=2120ms,1,2026-06-01T10:21:03.636000+00:00,2026-06-01T10:21:03.636000+00:00,Slow response detected endpoint=/api/cart latency=2120ms,1
T694,cart-service,WARN,Slow response detected endpoint=/api/cart latency=2121ms,1,2026-06-01T18:14:30.704000+00:00,2026-06-01T18:14:30.704000+00:00,Slow response detected endpoint=/api/cart latency=2121ms,1
T695,cart-service,WARN,Slow response detected endpoint=/api/cart latency=2123ms,1,2026-06-01T19:51:03.733000+00:00,2026-06-01T19:51:03.733000+00:00,Slow response detected endpoint=/api/cart latency=2123ms,1
T696,cart-service,WARN,Slow response detected endpoint=/api/cart latency=2125ms,1,2026-06-01T11:40:53.038000+00:00,2026-06-01T11:40:53.038000+00:00,Slow response detected endpoint=/api/cart latency=2125ms,1
T697,cart-service,WARN,Slow response detected endpoint=/api/cart latency=2126ms,1,2026-06-01T16:41:16.770000+00:00,2026-06-01T16:41:16.770000+00:00,Slow response detected endpoint=/api/cart latency=2126ms,1
T698,cart-service,WARN,Slow response detected endpoint=/api/cart latency=2127ms,1,2026-06-01T22:26:57.521000+00:00,2026-06-01T22:26:57.521000+00:00,Slow response detected endpoint=/api/cart latency=2127ms,1
T699,cart-service,WARN,Slow response detected endpoint=/api/cart latency=2203ms,1,2026-06-01T18:43:52.069000+00:00,2026-06-01T18:43:52.069000+00:00,Slow response detected endpoint=/api/cart latency=2203ms,1
T700,cart-service,WARN,Slow response detected endpoint=/api/cart latency=2205ms,1,2026-06-01T20:07:07.169000+00:00,2026-06-01T20:07:07.169000+00:00,Slow response detected endpoint=/api/cart latency=2205ms,1
T701,cart-service,WARN,Slow response detected endpoint=/api/cart latency=2206ms,1,2026-06-01T18:50:12.302000+00:00,2026-06-01T18:50:12.302000+00:00,Slow response detected endpoint=/api/cart latency=2206ms,1
T702,cart-service,WARN,Slow response detected endpoint=/api/cart latency=2147ms,1,2026-06-01T18:27:46.172000+00:00,2026-06-01T18:27:46.172000+00:00,Slow response detected endpoint=/api/cart latency=2147ms,1
T703,cart-service,WARN,Slow response detected endpoint=/api/cart latency=2148ms,1,2026-06-01T13:11:33.844000+00:00,2026-06-01T13:11:33.844000+00:00,Slow response detected endpoint=/api/cart latency=2148ms,1
T704,cart-service,WARN,Slow response detected endpoint=/api/cart latency=2151ms,1,2026-06-01T19:48:25.147000+00:00,2026-06-01T19:48:25.147000+00:00,Slow response detected endpoint=/api/cart latency=2151ms,1
T705,cart-service,WARN,Slow response detected endpoint=/api/cart latency=2154ms,1,2026-06-01T15:36:26.585000+00:00,2026-06-01T15:36:26.585000+00:00,Slow response detected endpoint=/api/cart latency=2154ms,1
T706,cart-service,WARN,Slow response detected endpoint=/api/cart latency=2157ms,1,2026-06-01T17:32:02.479000+00:00,2026-06-01T17:32:02.479000+00:00,Slow response detected endpoint=/api/cart latency=2157ms,1
T707,cart-service,WARN,Slow response detected endpoint=/api/cart latency=2159ms,1,2026-06-01T20:59:32.912000+00:00,2026-06-01T20:59:32.912000+00:00,Slow response detected endpoint=/api/cart latency=2159ms,1
T708,cart-service,WARN,Slow response detected endpoint=/api/cart latency=2160ms,1,2026-06-01T18:59:12.263000+00:00,2026-06-01T18:59:12.263000+00:00,Slow response detected endpoint=/api/cart latency=2160ms,1
T709,cart-service,WARN,Slow response detected endpoint=/api/cart latency=2161ms,1,2026-06-01T18:30:27.407000+00:00,2026-06-01T18:30:27.407000+00:00,Slow response detected endpoint=/api/cart latency=2161ms,1
T710,cart-service,WARN,Slow response detected endpoint=/api/cart latency=2164ms,1,2026-06-01T12:14:37.804000+00:00,2026-06-01T12:14:37.804000+00:00,Slow response detected endpoint=/api/cart latency=2164ms,1
T711,cart-service,WARN,Slow response detected endpoint=/api/cart latency=2167ms,1,2026-06-01T20:48:34.140000+00:00,2026-06-01T20:48:34.140000+00:00,Slow response detected endpoint=/api/cart latency=2167ms,1
T712,cart-service,WARN,Slow response detected endpoint=/api/cart latency=2168ms,1,2026-06-01T22:22:02.713000+00:00,2026-06-01T22:22:02.713000+00:00,Slow response detected endpoint=/api/cart latency=2168ms,1
T713,cart-service,WARN,Slow response detected endpoint=/api/cart latency=2174ms,1,2026-06-01T18:18:37.158000+00:00,2026-06-01T18:18:37.158000+00:00,Slow response detected endpoint=/api/cart latency=2174ms,1
T714,cart-service,WARN,Slow response detected endpoint=/api/cart latency=1536ms,1,2026-06-01T16:35:36.351000+00:00,2026-06-01T16:35:36.351000+00:00,Slow response detected endpoint=/api/cart latency=1536ms,1
T715,cart-service,WARN,Slow response detected endpoint=/api/cart latency=1506ms,1,2026-06-01T20:01:31.838000+00:00,2026-06-01T20:01:31.838000+00:00,Slow response detected endpoint=/api/cart latency=1506ms,1
T716,cart-service,WARN,Slow response detected endpoint=/api/cart latency=1508ms,1,2026-06-01T23:53:51.575000+00:00,2026-06-01T23:53:51.575000+00:00,Slow response detected endpoint=/api/cart latency=1508ms,1
T717,cart-service,WARN,Slow response detected endpoint=/api/cart latency=1510ms,1,2026-06-01T14:46:25.612000+00:00,2026-06-01T14:46:25.612000+00:00,Slow response detected endpoint=/api/cart latency=1510ms,1
T718,cart-service,WARN,Slow response detected endpoint=/api/cart latency=1518ms,1,2026-06-01T19:36:38.818000+00:00,2026-06-01T19:36:38.818000+00:00,Slow response detected endpoint=/api/cart latency=1518ms,1
T719,cart-service,WARN,Slow response detected endpoint=/api/cart latency=1521ms,1,2026-06-01T19:14:00.693000+00:00,2026-06-01T19:14:00.693000+00:00,Slow response detected endpoint=/api/cart latency=1521ms,1
T720,cart-service,WARN,Slow response detected endpoint=/api/cart latency=1527ms,1,2026-06-01T22:14:40.659000+00:00,2026-06-01T22:14:40.659000+00:00,Slow response detected endpoint=/api/cart latency=1527ms,1
T721,cart-service,WARN,Slow response detected endpoint=/api/cart latency=1530ms,1,2026-06-01T21:27:06.442000+00:00,2026-06-01T21:27:06.442000+00:00,Slow response detected endpoint=/api/cart latency=1530ms,1
T722,cart-service,WARN,Slow response detected endpoint=/api/cart latency=2178ms,1,2026-06-01T22:51:19.531000+00:00,2026-06-01T22:51:19.531000+00:00,Slow response detected endpoint=/api/cart latency=2178ms,1
T723,cart-service,WARN,Slow response detected endpoint=/api/cart latency=2180ms,1,2026-06-01T14:38:35.180000+00:00,2026-06-01T14:38:35.180000+00:00,Slow response detected endpoint=/api/cart latency=2180ms,1
T724,cart-service,WARN,Slow response detected endpoint=/api/cart latency=2182ms,1,2026-06-01T23:25:50.286000+00:00,2026-06-01T23:25:50.286000+00:00,Slow response detected endpoint=/api/cart latency=2182ms,1
T725,cart-service,WARN,Slow response detected endpoint=/api/cart latency=2185ms,1,2026-06-01T10:31:56.056000+00:00,2026-06-01T10:31:56.056000+00:00,Slow response detected endpoint=/api/cart latency=2185ms,1
T726,cart-service,WARN,Slow response detected endpoint=/api/cart latency=2188ms,1,2026-06-01T23:29:13.567000+00:00,2026-06-01T23:29:13.567000+00:00,Slow response detected endpoint=/api/cart latency=2188ms,1
T727,cart-service,WARN,Slow response detected endpoint=/api/cart latency=2189ms,1,2026-06-01T17:19:28.393000+00:00,2026-06-01T17:19:28.393000+00:00,Slow response detected endpoint=/api/cart latency=2189ms,1
T728,cart-service,WARN,Slow response detected endpoint=/api/cart latency=2195ms,1,2026-06-01T23:43:30.607000+00:00,2026-06-01T23:43:30.607000+00:00,Slow response detected endpoint=/api/cart latency=2195ms,1
T729,cart-service,WARN,Slow response detected endpoint=/api/cart latency=2197ms,1,2026-06-01T22:30:41.823000+00:00,2026-06-01T22:30:41.823000+00:00,Slow response detected endpoint=/api/cart latency=2197ms,1
T730,cart-service,WARN,Slow response detected endpoint=/api/cart latency=2198ms,1,2026-06-01T12:06:05.820000+00:00,2026-06-01T12:06:05.820000+00:00,Slow response detected endpoint=/api/cart latency=2198ms,1
T731,cart-service,WARN,Slow response detected endpoint=/api/cart latency=2207ms,1,2026-06-01T20:25:15.010000+00:00,2026-06-01T20:25:15.010000+00:00,Slow response detected endpoint=/api/cart latency=2207ms,1
T732,cart-service,WARN,Slow response detected endpoint=/api/cart latency=2209ms,1,2026-06-01T15:18:10.601000+00:00,2026-06-01T15:18:10.601000+00:00,Slow response detected endpoint=/api/cart latency=2209ms,1
T733,cart-service,WARN,Slow response detected endpoint=/api/cart latency=2212ms,1,2026-06-01T14:51:25.557000+00:00,2026-06-01T14:51:25.557000+00:00,Slow response detected endpoint=/api/cart latency=2212ms,1
T734,cart-service,WARN,Slow response detected endpoint=/api/cart latency=2221ms,1,2026-06-01T20:27:04.627000+00:00,2026-06-01T20:27:04.627000+00:00,Slow response detected endpoint=/api/cart latency=2221ms,1
T735,cart-service,WARN,Slow response detected endpoint=/api/cart latency=2223ms,1,2026-06-01T23:12:49.672000+00:00,2026-06-01T23:12:49.672000+00:00,Slow response detected endpoint=/api/cart latency=2223ms,1
T736,cart-service,WARN,Slow response detected endpoint=/api/cart latency=2224ms,1,2026-06-01T17:03:57.050000+00:00,2026-06-01T17:03:57.050000+00:00,Slow response detected endpoint=/api/cart latency=2224ms,1
T737,cart-service,WARN,Slow response detected endpoint=/api/cart latency=2226ms,1,2026-06-01T15:54:01.123000+00:00,2026-06-01T15:54:01.123000+00:00,Slow response detected endpoint=/api/cart latency=2226ms,1
T738,cart-service,WARN,Slow response detected endpoint=/api/cart latency=2229ms,1,2026-06-01T18:35:47.454000+00:00,2026-06-01T18:35:47.454000+00:00,Slow response detected endpoint=/api/cart latency=2229ms,1
T739,cart-service,WARN,Slow response detected endpoint=/api/cart latency=2231ms,1,2026-06-01T15:11:28.133000+00:00,2026-06-01T15:11:28.133000+00:00,Slow response detected endpoint=/api/cart latency=2231ms,1
T740,cart-service,WARN,Slow response detected endpoint=/api/cart latency=2234ms,1,2026-06-01T16:45:37.446000+00:00,2026-06-01T16:45:37.446000+00:00,Slow response detected endpoint=/api/cart latency=2234ms,1
T741,cart-service,WARN,Slow response detected endpoint=/api/cart latency=2236ms,1,2026-06-01T17:34:15.905000+00:00,2026-06-01T17:34:15.905000+00:00,Slow response detected endpoint=/api/cart latency=2236ms,1
T742,cart-service,WARN,Slow response detected endpoint=/api/cart latency=1494ms,1,2026-06-01T22:50:11.755000+00:00,2026-06-01T22:50:11.755000+00:00,Slow response detected endpoint=/api/cart latency=1494ms,1
T743,cart-service,WARN,Slow response detected endpoint=/api/cart latency=1495ms,1,2026-06-01T18:03:38.285000+00:00,2026-06-01T18:03:38.285000+00:00,Slow response detected endpoint=/api/cart latency=1495ms,1
T744,cart-service,WARN,Slow response detected endpoint=/api/cart latency=1498ms,1,2026-06-01T21:25:53.850000+00:00,2026-06-01T21:25:53.850000+00:00,Slow response detected endpoint=/api/cart latency=1498ms,1
T745,cart-service,WARN,Slow response detected endpoint=/api/cart latency=1503ms,1,2026-06-01T20:45:26.794000+00:00,2026-06-01T20:45:26.794000+00:00,Slow response detected endpoint=/api/cart latency=1503ms,1
T746,cart-service,WARN,Slow response detected endpoint=/api/cart latency=1505ms,1,2026-06-01T14:28:28.121000+00:00,2026-06-01T14:28:28.121000+00:00,Slow response detected endpoint=/api/cart latency=1505ms,1
T747,cart-service,WARN,Slow response detected endpoint=/api/cart latency=2293ms,1,2026-06-01T16:31:44.818000+00:00,2026-06-01T16:31:44.818000+00:00,Slow response detected endpoint=/api/cart latency=2293ms,1
T748,cart-service,WARN,Slow response detected endpoint=/api/cart latency=2297ms,1,2026-06-01T18:23:42.706000+00:00,2026-06-01T18:23:42.706000+00:00,Slow response detected endpoint=/api/cart latency=2297ms,1
T749,cart-service,WARN,Slow response detected endpoint=/api/cart latency=2301ms,1,2026-06-01T14:18:14.450000+00:00,2026-06-01T14:18:14.450000+00:00,Slow response detected endpoint=/api/cart latency=2301ms,1
T750,cart-service,WARN,Slow response detected endpoint=/api/cart latency=2307ms,1,2026-06-01T22:03:49.721000+00:00,2026-06-01T22:03:49.721000+00:00,Slow response detected endpoint=/api/cart latency=2307ms,1
T751,cart-service,WARN,Slow response detected endpoint=/api/cart latency=2240ms,1,2026-06-01T18:37:16.502000+00:00,2026-06-01T18:37:16.502000+00:00,Slow response detected endpoint=/api/cart latency=2240ms,1
T752,cart-service,WARN,Slow response detected endpoint=/api/cart latency=2241ms,1,2026-06-01T17:39:50.283000+00:00,2026-06-01T17:39:50.283000+00:00,Slow response detected endpoint=/api/cart latency=2241ms,1
T753,cart-service,WARN,Slow response detected endpoint=/api/cart latency=2251ms,1,2026-06-01T14:48:03.421000+00:00,2026-06-01T14:48:03.421000+00:00,Slow response detected endpoint=/api/cart latency=2251ms,1
T754,cart-service,WARN,Slow response detected endpoint=/api/cart latency=2254ms,1,2026-06-01T11:27:25.862000+00:00,2026-06-01T11:27:25.862000+00:00,Slow response detected endpoint=/api/cart latency=2254ms,1
T755,cart-service,WARN,Slow response detected endpoint=/api/cart latency=2255ms,1,2026-06-01T22:19:52.370000+00:00,2026-06-01T22:19:52.370000+00:00,Slow response detected endpoint=/api/cart latency=2255ms,1
T756,cart-service,WARN,Slow response detected endpoint=/api/cart latency=2257ms,1,2026-06-01T20:43:53.362000+00:00,2026-06-01T20:43:53.362000+00:00,Slow response detected endpoint=/api/cart latency=2257ms,1
T757,cart-service,WARN,Slow response detected endpoint=/api/cart latency=2262ms,1,2026-06-01T21:56:50.168000+00:00,2026-06-01T21:56:50.168000+00:00,Slow response detected endpoint=/api/cart latency=2262ms,1
T758,cart-service,WARN,Slow response detected endpoint=/api/cart latency=2263ms,1,2026-06-01T19:41:33.505000+00:00,2026-06-01T19:41:33.505000+00:00,Slow response detected endpoint=/api/cart latency=2263ms,1
T759,cart-service,WARN,Slow response detected endpoint=/api/cart latency=2264ms,1,2026-06-01T23:09:38.137000+00:00,2026-06-01T23:09:38.137000+00:00,Slow response detected endpoint=/api/cart latency=2264ms,1
T760,cart-service,WARN,Slow response detected endpoint=/api/cart latency=2265ms,1,2026-06-01T19:14:18.664000+00:00,2026-06-01T19:14:18.664000+00:00,Slow response detected endpoint=/api/cart latency=2265ms,1
T761,cart-service,WARN,Slow response detected endpoint=/api/cart latency=2271ms,1,2026-06-01T19:28:23.885000+00:00,2026-06-01T19:28:23.885000+00:00,Slow response detected endpoint=/api/cart latency=2271ms,1
T762,cart-service,WARN,Slow response detected endpoint=/api/cart latency=2273ms,1,2026-06-01T16:10:09.763000+00:00,2026-06-01T16:10:09.763000+00:00,Slow response detected endpoint=/api/cart latency=2273ms,1
T763,cart-service,WARN,Slow response detected endpoint=/api/cart latency=2320ms,1,2026-06-01T14:14:17.357000+00:00,2026-06-01T14:14:17.357000+00:00,Slow response detected endpoint=/api/cart latency=2320ms,1
T764,cart-service,WARN,Slow response detected endpoint=/api/cart latency=2330ms,1,2026-06-01T23:48:23.632000+00:00,2026-06-01T23:48:23.632000+00:00,Slow response detected endpoint=/api/cart latency=2330ms,1
T765,cart-service,WARN,Slow response detected endpoint=/api/cart latency=2331ms,1,2026-06-01T19:50:11.744000+00:00,2026-06-01T19:50:11.744000+00:00,Slow response detected endpoint=/api/cart latency=2331ms,1
T766,cart-service,WARN,Slow response detected endpoint=/api/cart latency=2334ms,1,2026-06-01T17:54:08.488000+00:00,2026-06-01T17:54:08.488000+00:00,Slow response detected endpoint=/api/cart latency=2334ms,1
T767,cart-service,WARN,Slow response detected endpoint=/api/cart latency=2335ms,1,2026-06-01T16:40:17.898000+00:00,2026-06-01T16:40:17.898000+00:00,Slow response detected endpoint=/api/cart latency=2335ms,1
T768,cart-service,WARN,Slow response detected endpoint=/api/cart latency=2336ms,1,2026-06-01T18:21:52.114000+00:00,2026-06-01T18:21:52.114000+00:00,Slow response detected endpoint=/api/cart latency=2336ms,1
T769,cart-service,WARN,Slow response detected endpoint=/api/cart latency=2340ms,1,2026-06-01T18:32:23.469000+00:00,2026-06-01T18:32:23.469000+00:00,Slow response detected endpoint=/api/cart latency=2340ms,1
T770,cart-service,WARN,Slow response detected endpoint=/api/cart latency=2343ms,1,2026-06-01T10:52:58.121000+00:00,2026-06-01T10:52:58.121000+00:00,Slow response detected endpoint=/api/cart latency=2343ms,1
T771,cart-service,WARN,Slow response detected endpoint=/api/cart latency=2345ms,1,2026-06-01T22:38:21.704000+00:00,2026-06-01T22:38:21.704000+00:00,Slow response detected endpoint=/api/cart latency=2345ms,1
T772,cart-service,WARN,Slow response detected endpoint=/api/cart latency=2274ms,1,2026-06-01T18:45:50.693000+00:00,2026-06-01T18:45:50.693000+00:00,Slow response detected endpoint=/api/cart latency=2274ms,1
T773,cart-service,WARN,Slow response detected endpoint=/api/cart latency=2278ms,1,2026-06-01T20:10:40.085000+00:00,2026-06-01T20:10:40.085000+00:00,Slow response detected endpoint=/api/cart latency=2278ms,1
T774,cart-service,WARN,Slow response detected endpoint=/api/cart latency=2279ms,1,2026-06-01T11:43:22.586000+00:00,2026-06-01T11:43:22.586000+00:00,Slow response detected endpoint=/api/cart latency=2279ms,1
T775,cart-service,WARN,Slow response detected endpoint=/api/cart latency=2280ms,1,2026-06-01T14:38:37.041000+00:00,2026-06-01T14:38:37.041000+00:00,Slow response detected endpoint=/api/cart latency=2280ms,1
T776,cart-service,WARN,Slow response detected endpoint=/api/cart latency=2283ms,1,2026-06-01T13:42:06.893000+00:00,2026-06-01T13:42:06.893000+00:00,Slow response detected endpoint=/api/cart latency=2283ms,1
T777,cart-service,WARN,Slow response detected endpoint=/api/cart latency=2287ms,1,2026-06-01T17:54:07.086000+00:00,2026-06-01T17:54:07.086000+00:00,Slow response detected endpoint=/api/cart latency=2287ms,1
T778,cart-service,WARN,Slow response detected endpoint=/api/cart latency=2291ms,1,2026-06-01T20:26:49.225000+00:00,2026-06-01T20:26:49.225000+00:00,Slow response detected endpoint=/api/cart latency=2291ms,1
T779,cart-service,WARN,Slow response detected endpoint=/api/cart latency=1474ms,1,2026-06-01T17:43:02.921000+00:00,2026-06-01T17:43:02.921000+00:00,Slow response detected endpoint=/api/cart latency=1474ms,1
T780,cart-service,WARN,Slow response detected endpoint=/api/cart latency=1475ms,1,2026-06-01T19:42:00.221000+00:00,2026-06-01T19:42:00.221000+00:00,Slow response detected endpoint=/api/cart latency=1475ms,1
T781,cart-service,WARN,Slow response detected endpoint=/api/cart latency=1477ms,1,2026-06-01T18:39:43.878000+00:00,2026-06-01T18:39:43.878000+00:00,Slow response detected endpoint=/api/cart latency=1477ms,1
T782,cart-service,WARN,Slow response detected endpoint=/api/cart latency=1478ms,1,2026-06-01T20:35:12.872000+00:00,2026-06-01T20:35:12.872000+00:00,Slow response detected endpoint=/api/cart latency=1478ms,1
T783,cart-service,WARN,Slow response detected endpoint=/api/cart latency=1480ms,1,2026-06-01T16:05:09.103000+00:00,2026-06-01T16:05:09.103000+00:00,Slow response detected endpoint=/api/cart latency=1480ms,1
T784,cart-service,WARN,Slow response detected endpoint=/api/cart latency=1481ms,1,2026-06-01T20:09:35.943000+00:00,2026-06-01T20:09:35.943000+00:00,Slow response detected endpoint=/api/cart latency=1481ms,1
T785,cart-service,WARN,Slow response detected endpoint=/api/cart latency=1485ms,1,2026-06-01T16:31:31.163000+00:00,2026-06-01T16:31:31.163000+00:00,Slow response detected endpoint=/api/cart latency=1485ms,1
T786,cart-service,WARN,Slow response detected endpoint=/api/cart latency=1487ms,1,2026-06-01T15:39:43.814000+00:00,2026-06-01T15:39:43.814000+00:00,Slow response detected endpoint=/api/cart latency=1487ms,1
T787,cart-service,WARN,Slow response detected endpoint=/api/cart latency=1490ms,1,2026-06-01T19:01:13.386000+00:00,2026-06-01T19:01:13.386000+00:00,Slow response detected endpoint=/api/cart latency=1490ms,1
T788,cart-service,WARN,Slow response detected endpoint=/api/cart latency=1491ms,1,2026-06-01T21:51:26.530000+00:00,2026-06-01T21:51:26.530000+00:00,Slow response detected endpoint=/api/cart latency=1491ms,1
T789,cart-service,WARN,Slow response detected endpoint=/api/cart latency=1492ms,1,2026-06-01T23:08:16.582000+00:00,2026-06-01T23:08:16.582000+00:00,Slow response detected endpoint=/api/cart latency=1492ms,1
T790,cart-service,WARN,Slow response detected endpoint=/api/cart latency=1493ms,1,2026-06-01T16:22:44.277000+00:00,2026-06-01T16:22:44.277000+00:00,Slow response detected endpoint=/api/cart latency=1493ms,1
T791,cart-service,WARN,Slow response detected endpoint=/api/cart latency=2313ms,1,2026-06-01T16:58:04.819000+00:00,2026-06-01T16:58:04.819000+00:00,Slow response detected endpoint=/api/cart latency=2313ms,1
T792,cart-service,WARN,Slow response detected endpoint=/api/cart latency=2316ms,1,2026-06-01T23:44:47.672000+00:00,2026-06-01T23:44:47.672000+00:00,Slow response detected endpoint=/api/cart latency=2316ms,1
T793,cart-service,WARN,Slow response detected endpoint=/api/cart latency=2317ms,1,2026-06-01T18:46:06.634000+00:00,2026-06-01T18:46:06.634000+00:00,Slow response detected endpoint=/api/cart latency=2317ms,1
T794,cart-service,WARN,Slow response detected endpoint=/api/cart latency=2319ms,1,2026-06-01T20:53:51.259000+00:00,2026-06-01T20:53:51.259000+00:00,Slow response detected endpoint=/api/cart latency=2319ms,1
T795,cart-service,WARN,Slow response detected endpoint=/api/cart latency=2404ms,1,2026-06-01T16:37:08.393000+00:00,2026-06-01T16:37:08.393000+00:00,Slow response detected endpoint=/api/cart latency=2404ms,1
T796,cart-service,WARN,Slow response detected endpoint=/api/cart latency=2415ms,1,2026-06-01T22:41:57.653000+00:00,2026-06-01T22:41:57.653000+00:00,Slow response detected endpoint=/api/cart latency=2415ms,1
T797,cart-service,WARN,Slow response detected endpoint=/api/cart latency=2350ms,1,2026-06-01T19:23:16.690000+00:00,2026-06-01T19:23:16.690000+00:00,Slow response detected endpoint=/api/cart latency=2350ms,1
T798,cart-service,WARN,Slow response detected endpoint=/api/cart latency=2351ms,1,2026-06-01T18:31:48.472000+00:00,2026-06-01T18:31:48.472000+00:00,Slow response detected endpoint=/api/cart latency=2351ms,1
T799,cart-service,WARN,Slow response detected endpoint=/api/cart latency=2353ms,1,2026-06-01T17:38:43.373000+00:00,2026-06-01T17:38:43.373000+00:00,Slow response detected endpoint=/api/cart latency=2353ms,1
T800,cart-service,WARN,Slow response detected endpoint=/api/cart latency=2358ms,1,2026-06-01T14:34:48.908000+00:00,2026-06-01T14:34:48.908000+00:00,Slow response detected endpoint=/api/cart latency=2358ms,1
T801,cart-service,WARN,Slow response detected endpoint=/api/cart latency=2359ms,1,2026-06-01T16:46:50.023000+00:00,2026-06-01T16:46:50.023000+00:00,Slow response detected endpoint=/api/cart latency=2359ms,1
T802,cart-service,WARN,Slow response detected endpoint=/api/cart latency=2360ms,1,2026-06-01T21:12:57.901000+00:00,2026-06-01T21:12:57.901000+00:00,Slow response detected endpoint=/api/cart latency=2360ms,1
T803,cart-service,WARN,Slow response detected endpoint=/api/cart latency=2366ms,1,2026-06-01T20:13:34.516000+00:00,2026-06-01T20:13:34.516000+00:00,Slow response detected endpoint=/api/cart latency=2366ms,1
T804,cart-service,WARN,Slow response detected endpoint=/api/cart latency=2368ms,1,2026-06-01T22:48:17.514000+00:00,2026-06-01T22:48:17.514000+00:00,Slow response detected endpoint=/api/cart latency=2368ms,1
T805,cart-service,WARN,Slow response detected endpoint=/api/cart latency=2369ms,1,2026-06-01T18:47:33.907000+00:00,2026-06-01T18:47:33.907000+00:00,Slow response detected endpoint=/api/cart latency=2369ms,1
T806,cart-service,WARN,Slow response detected endpoint=/api/cart latency=2374ms,1,2026-06-01T11:38:02.757000+00:00,2026-06-01T11:38:02.757000+00:00,Slow response detected endpoint=/api/cart latency=2374ms,1
T807,cart-service,WARN,Slow response detected endpoint=/api/cart latency=2377ms,1,2026-06-01T19:51:53.858000+00:00,2026-06-01T19:51:53.858000+00:00,Slow response detected endpoint=/api/cart latency=2377ms,1
T808,cart-service,WARN,Slow response detected endpoint=/api/cart latency=2378ms,1,2026-06-01T23:43:32.465000+00:00,2026-06-01T23:43:32.465000+00:00,Slow response detected endpoint=/api/cart latency=2378ms,1
T809,cart-service,WARN,Slow response detected endpoint=/api/cart latency=2380ms,1,2026-06-01T17:46:43.962000+00:00,2026-06-01T17:46:43.962000+00:00,Slow response detected endpoint=/api/cart latency=2380ms,1
T810,cart-service,WARN,Slow response detected endpoint=/api/cart latency=1472ms,1,2026-06-01T20:42:13.674000+00:00,2026-06-01T20:42:13.674000+00:00,Slow response detected endpoint=/api/cart latency=1472ms,1
T811,cart-service,WARN,Slow response detected endpoint=/api/cart latency=1451ms,1,2026-06-01T16:29:30.244000+00:00,2026-06-01T16:29:30.244000+00:00,Slow response detected endpoint=/api/cart latency=1451ms,1
T812,cart-service,WARN,Slow response detected endpoint=/api/cart latency=1452ms,1,2026-06-01T16:58:23.111000+00:00,2026-06-01T16:58:23.111000+00:00,Slow response detected endpoint=/api/cart latency=1452ms,1
T813,cart-service,WARN,Slow response detected endpoint=/api/cart latency=1453ms,1,2026-06-01T15:17:51.274000+00:00,2026-06-01T15:17:51.274000+00:00,Slow response detected endpoint=/api/cart latency=1453ms,1
T814,cart-service,WARN,Slow response detected endpoint=/api/cart latency=1456ms,1,2026-06-01T18:32:43.979000+00:00,2026-06-01T18:32:43.979000+00:00,Slow response detected endpoint=/api/cart latency=1456ms,1
T815,cart-service,WARN,Slow response detected endpoint=/api/cart latency=1458ms,1,2026-06-01T16:43:36.438000+00:00,2026-06-01T16:43:36.438000+00:00,Slow response detected endpoint=/api/cart latency=1458ms,1
T816,cart-service,WARN,Slow response detected endpoint=/api/cart latency=1460ms,1,2026-06-01T14:26:32.153000+00:00,2026-06-01T14:26:32.153000+00:00,Slow response detected endpoint=/api/cart latency=1460ms,1
T817,cart-service,WARN,Slow response detected endpoint=/api/cart latency=1461ms,1,2026-06-01T19:22:43.935000+00:00,2026-06-01T19:22:43.935000+00:00,Slow response detected endpoint=/api/cart latency=1461ms,1
T818,cart-service,WARN,Slow response detected endpoint=/api/cart latency=1462ms,1,2026-06-01T16:58:13.119000+00:00,2026-06-01T16:58:13.119000+00:00,Slow response detected endpoint=/api/cart latency=1462ms,1
T819,cart-service,WARN,Slow response detected endpoint=/api/cart latency=1464ms,1,2026-06-01T21:16:32.394000+00:00,2026-06-01T21:16:32.394000+00:00,Slow response detected endpoint=/api/cart latency=1464ms,1
T820,cart-service,WARN,Slow response detected endpoint=/api/cart latency=2382ms,1,2026-06-01T23:26:37.996000+00:00,2026-06-01T23:26:37.996000+00:00,Slow response detected endpoint=/api/cart latency=2382ms,1
T821,cart-service,WARN,Slow response detected endpoint=/api/cart latency=2383ms,1,2026-06-01T21:29:54.558000+00:00,2026-06-01T21:29:54.558000+00:00,Slow response detected endpoint=/api/cart latency=2383ms,1
T822,cart-service,WARN,Slow response detected endpoint=/api/cart latency=2384ms,1,2026-06-01T14:12:12.922000+00:00,2026-06-01T14:12:12.922000+00:00,Slow response detected endpoint=/api/cart latency=2384ms,1
T823,cart-service,WARN,Slow response detected endpoint=/api/cart latency=2389ms,1,2026-06-01T22:40:55.642000+00:00,2026-06-01T22:40:55.642000+00:00,Slow response detected endpoint=/api/cart latency=2389ms,1
T824,cart-service,WARN,Slow response detected endpoint=/api/cart latency=2392ms,1,2026-06-01T17:02:36.256000+00:00,2026-06-01T17:02:36.256000+00:00,Slow response detected endpoint=/api/cart latency=2392ms,1
T825,cart-service,WARN,Slow response detected endpoint=/api/cart latency=2394ms,1,2026-06-01T23:29:08.306000+00:00,2026-06-01T23:29:08.306000+00:00,Slow response detected endpoint=/api/cart latency=2394ms,1
T826,cart-service,WARN,Slow response detected endpoint=/api/cart latency=2398ms,1,2026-06-01T14:03:34.100000+00:00,2026-06-01T14:03:34.100000+00:00,Slow response detected endpoint=/api/cart latency=2398ms,1
T827,cart-service,WARN,Slow response detected endpoint=/api/cart latency=2481ms,1,2026-06-01T15:07:55.073000+00:00,2026-06-01T15:07:55.073000+00:00,Slow response detected endpoint=/api/cart latency=2481ms,1
T828,cart-service,WARN,Slow response detected endpoint=/api/cart latency=2483ms,1,2026-06-01T18:13:49.404000+00:00,2026-06-01T18:13:49.404000+00:00,Slow response detected endpoint=/api/cart latency=2483ms,1
T829,cart-service,WARN,Slow response detected endpoint=/api/cart latency=2484ms,1,2026-06-01T19:16:48.589000+00:00,2026-06-01T19:16:48.589000+00:00,Slow response detected endpoint=/api/cart latency=2484ms,1
T830,cart-service,WARN,Slow response detected endpoint=/api/cart latency=2485ms,1,2026-06-01T21:25:44.685000+00:00,2026-06-01T21:25:44.685000+00:00,Slow response detected endpoint=/api/cart latency=2485ms,1
T831,cart-service,WARN,Slow response detected endpoint=/api/cart latency=2486ms,1,2026-06-01T21:41:42.626000+00:00,2026-06-01T21:41:42.626000+00:00,Slow response detected endpoint=/api/cart latency=2486ms,1
T832,cart-service,WARN,Slow response detected endpoint=/api/cart latency=2422ms,1,2026-06-01T09:38:50.148000+00:00,2026-06-01T09:38:50.148000+00:00,Slow response detected endpoint=/api/cart latency=2422ms,1
T833,cart-service,WARN,Slow response detected endpoint=/api/cart latency=2423ms,1,2026-06-01T15:01:31.363000+00:00,2026-06-01T15:01:31.363000+00:00,Slow response detected endpoint=/api/cart latency=2423ms,1
T834,cart-service,WARN,Slow response detected endpoint=/api/cart latency=2424ms,1,2026-06-01T07:12:07.486000+00:00,2026-06-01T07:12:07.486000+00:00,Slow response detected endpoint=/api/cart latency=2424ms,1
T835,cart-service,WARN,Slow response detected endpoint=/api/cart latency=2435ms,1,2026-06-01T14:08:21.647000+00:00,2026-06-01T14:08:21.647000+00:00,Slow response detected endpoint=/api/cart latency=2435ms,1
T836,cart-service,WARN,Slow response detected endpoint=/api/cart latency=2442ms,1,2026-06-01T23:27:43.782000+00:00,2026-06-01T23:27:43.782000+00:00,Slow response detected endpoint=/api/cart latency=2442ms,1
T837,cart-service,WARN,Slow response detected endpoint=/api/cart latency=2446ms,1,2026-06-01T17:47:08.694000+00:00,2026-06-01T17:47:08.694000+00:00,Slow response detected endpoint=/api/cart latency=2446ms,1
T838,cart-service,WARN,Slow response detected endpoint=/api/cart latency=2452ms,1,2026-06-01T14:53:10.354000+00:00,2026-06-01T14:53:10.354000+00:00,Slow response detected endpoint=/api/cart latency=2452ms,1
T839,cart-service,WARN,Slow response detected endpoint=/api/cart latency=2453ms,1,2026-06-01T17:49:38.651000+00:00,2026-06-01T17:49:38.651000+00:00,Slow response detected endpoint=/api/cart latency=2453ms,1
T840,cart-service,WARN,Slow response detected endpoint=/api/cart latency=1443ms,1,2026-06-01T12:08:45.855000+00:00,2026-06-01T12:08:45.855000+00:00,Slow response detected endpoint=/api/cart latency=1443ms,1
T841,cart-service,WARN,Slow response detected endpoint=/api/cart latency=1446ms,1,2026-06-01T12:28:02.340000+00:00,2026-06-01T12:28:02.340000+00:00,Slow response detected endpoint=/api/cart latency=1446ms,1
T842,cart-service,WARN,Slow response detected endpoint=/api/cart latency=1447ms,1,2026-06-01T22:43:36.574000+00:00,2026-06-01T22:43:36.574000+00:00,Slow response detected endpoint=/api/cart latency=1447ms,1
T843,cart-service,WARN,Slow response detected endpoint=/api/cart latency=1420ms,1,2026-06-01T19:56:50.242000+00:00,2026-06-01T19:56:50.242000+00:00,Slow response detected endpoint=/api/cart latency=1420ms,1
T844,cart-service,WARN,Slow response detected endpoint=/api/cart latency=1424ms,1,2026-06-01T15:27:55.635000+00:00,2026-06-01T15:27:55.635000+00:00,Slow response detected endpoint=/api/cart latency=1424ms,1
T845,cart-service,WARN,Slow response detected endpoint=/api/cart latency=1428ms,1,2026-06-01T18:41:51.180000+00:00,2026-06-01T18:41:51.180000+00:00,Slow response detected endpoint=/api/cart latency=1428ms,1
T846,cart-service,WARN,Slow response detected endpoint=/api/cart latency=1429ms,1,2026-06-01T18:53:39.641000+00:00,2026-06-01T18:53:39.641000+00:00,Slow response detected endpoint=/api/cart latency=1429ms,1
T847,cart-service,WARN,Slow response detected endpoint=/api/cart latency=1431ms,1,2026-06-01T15:15:16.220000+00:00,2026-06-01T15:15:16.220000+00:00,Slow response detected endpoint=/api/cart latency=1431ms,1
T848,cart-service,WARN,Slow response detected endpoint=/api/cart latency=1435ms,1,2026-06-01T18:13:43.573000+00:00,2026-06-01T18:13:43.573000+00:00,Slow response detected endpoint=/api/cart latency=1435ms,1
T849,cart-service,WARN,Slow response detected endpoint=/api/cart latency=1437ms,1,2026-06-01T12:14:00.987000+00:00,2026-06-01T12:14:00.987000+00:00,Slow response detected endpoint=/api/cart latency=1437ms,1
T850,cart-service,WARN,Slow response detected endpoint=/api/cart latency=1438ms,1,2026-06-01T15:21:53.675000+00:00,2026-06-01T15:21:53.675000+00:00,Slow response detected endpoint=/api/cart latency=1438ms,1
T851,cart-service,WARN,Slow response detected endpoint=/api/cart latency=2454ms,1,2026-06-01T17:08:19.616000+00:00,2026-06-01T17:08:19.616000+00:00,Slow response detected endpoint=/api/cart latency=2454ms,1
T852,cart-service,WARN,Slow response detected endpoint=/api/cart latency=2455ms,1,2026-06-01T20:43:15.108000+00:00,2026-06-01T20:43:15.108000+00:00,Slow response detected endpoint=/api/cart latency=2455ms,1
T853,cart-service,WARN,Slow response detected endpoint=/api/cart latency=2457ms,1,2026-06-01T15:36:38.719000+00:00,2026-06-01T15:36:38.719000+00:00,Slow response detected endpoint=/api/cart latency=2457ms,1
T854,cart-service,WARN,Slow response detected endpoint=/api/cart latency=2459ms,1,2026-06-01T14:11:34.589000+00:00,2026-06-01T14:11:34.589000+00:00,Slow response detected endpoint=/api/cart latency=2459ms,1
T855,cart-service,WARN,Slow response detected endpoint=/api/cart latency=2460ms,1,2026-06-01T21:46:58.238000+00:00,2026-06-01T21:46:58.238000+00:00,Slow response detected endpoint=/api/cart latency=2460ms,1
T856,cart-service,WARN,Slow response detected endpoint=/api/cart latency=2463ms,1,2026-06-01T19:23:47.545000+00:00,2026-06-01T19:23:47.545000+00:00,Slow response detected endpoint=/api/cart latency=2463ms,1
T857,cart-service,WARN,Slow response detected endpoint=/api/cart latency=2470ms,1,2026-06-01T14:02:45.374000+00:00,2026-06-01T14:02:45.374000+00:00,Slow response detected endpoint=/api/cart latency=2470ms,1
T858,cart-service,WARN,Slow response detected endpoint=/api/cart latency=2474ms,1,2026-06-01T07:51:22.573000+00:00,2026-06-01T07:51:22.573000+00:00,Slow response detected endpoint=/api/cart latency=2474ms,1
T859,cart-service,WARN,Slow response detected endpoint=/api/cart latency=2553ms,1,2026-06-01T20:28:16.273000+00:00,2026-06-01T20:28:16.273000+00:00,Slow response detected endpoint=/api/cart latency=2553ms,1
T860,cart-service,WARN,Slow response detected endpoint=/api/cart latency=2488ms,1,2026-06-01T22:15:43.853000+00:00,2026-06-01T22:15:43.853000+00:00,Slow response detected endpoint=/api/cart latency=2488ms,1
T861,cart-service,WARN,Slow response detected endpoint=/api/cart latency=2490ms,1,2026-06-01T12:03:10.566000+00:00,2026-06-01T12:03:10.566000+00:00,Slow response detected endpoint=/api/cart latency=2490ms,1
T862,cart-service,WARN,Slow response detected endpoint=/api/cart latency=2496ms,1,2026-06-01T20:37:58.515000+00:00,2026-06-01T20:37:58.515000+00:00,Slow response detected endpoint=/api/cart latency=2496ms,1
T863,cart-service,WARN,Slow response detected endpoint=/api/cart latency=2499ms,1,2026-06-01T13:27:41.571000+00:00,2026-06-01T13:27:41.571000+00:00,Slow response detected endpoint=/api/cart latency=2499ms,1
T864,cart-service,WARN,Slow response detected endpoint=/api/cart latency=2502ms,1,2026-06-01T19:22:24.337000+00:00,2026-06-01T19:22:24.337000+00:00,Slow response detected endpoint=/api/cart latency=2502ms,1
T865,cart-service,WARN,Slow response detected endpoint=/api/cart latency=2508ms,1,2026-06-01T16:07:52.801000+00:00,2026-06-01T16:07:52.801000+00:00,Slow response detected endpoint=/api/cart latency=2508ms,1
T866,cart-service,WARN,Slow response detected endpoint=/api/cart latency=2514ms,1,2026-06-01T11:58:27.677000+00:00,2026-06-01T11:58:27.677000+00:00,Slow response detected endpoint=/api/cart latency=2514ms,1
T867,cart-service,WARN,Slow response detected endpoint=/api/cart latency=2518ms,1,2026-06-01T17:07:02.093000+00:00,2026-06-01T17:07:02.093000+00:00,Slow response detected endpoint=/api/cart latency=2518ms,1
T868,cart-service,WARN,Slow response detected endpoint=/api/cart latency=2519ms,1,2026-06-01T09:49:18.374000+00:00,2026-06-01T09:49:18.374000+00:00,Slow response detected endpoint=/api/cart latency=2519ms,1
T869,cart-service,WARN,Slow response detected endpoint=/api/cart latency=2521ms,1,2026-06-01T20:26:07.925000+00:00,2026-06-01T20:26:07.925000+00:00,Slow response detected endpoint=/api/cart latency=2521ms,1
T870,cart-service,WARN,Slow response detected endpoint=/api/cart latency=1414ms,1,2026-06-01T20:38:16.107000+00:00,2026-06-01T20:38:16.107000+00:00,Slow response detected endpoint=/api/cart latency=1414ms,1
T871,cart-service,WARN,Slow response detected endpoint=/api/cart latency=1415ms,1,2026-06-01T23:02:20.121000+00:00,2026-06-01T23:02:20.121000+00:00,Slow response detected endpoint=/api/cart latency=1415ms,1
T872,cart-service,WARN,Slow response detected endpoint=/api/cart latency=1416ms,1,2026-06-01T20:45:18.612000+00:00,2026-06-01T20:45:18.612000+00:00,Slow response detected endpoint=/api/cart latency=1416ms,1
T873,cart-service,WARN,Slow response detected endpoint=/api/cart latency=1418ms,1,2026-06-01T22:57:51.056000+00:00,2026-06-01T22:57:51.056000+00:00,Slow response detected endpoint=/api/cart latency=1418ms,1
T874,cart-service,WARN,Slow response detected endpoint=/api/cart latency=1419ms,1,2026-06-01T19:46:56.101000+00:00,2026-06-01T19:46:56.101000+00:00,Slow response detected endpoint=/api/cart latency=1419ms,1
T875,cart-service,WARN,Slow response detected endpoint=/api/cart latency=1382ms,1,2026-06-01T18:40:54.610000+00:00,2026-06-01T18:40:54.610000+00:00,Slow response detected endpoint=/api/cart latency=1382ms,1
T876,cart-service,WARN,Slow response detected endpoint=/api/cart latency=1385ms,1,2026-06-01T17:45:55.400000+00:00,2026-06-01T17:45:55.400000+00:00,Slow response detected endpoint=/api/cart latency=1385ms,1
T877,cart-service,WARN,Slow response detected endpoint=/api/cart latency=1387ms,1,2026-06-01T21:22:15.218000+00:00,2026-06-01T21:22:15.218000+00:00,Slow response detected endpoint=/api/cart latency=1387ms,1
T878,cart-service,WARN,Slow response detected endpoint=/api/cart latency=1388ms,1,2026-06-01T16:32:32.056000+00:00,2026-06-01T16:32:32.056000+00:00,Slow response detected endpoint=/api/cart latency=1388ms,1
T879,cart-service,WARN,Slow response detected endpoint=/api/cart latency=1391ms,1,2026-06-01T16:26:53.660000+00:00,2026-06-01T16:26:53.660000+00:00,Slow response detected endpoint=/api/cart latency=1391ms,1
T880,cart-service,WARN,Slow response detected endpoint=/api/cart latency=1403ms,1,2026-06-01T17:03:30.105000+00:00,2026-06-01T17:03:30.105000+00:00,Slow response detected endpoint=/api/cart latency=1403ms,1
T881,cart-service,WARN,Slow response detected endpoint=/api/cart latency=1404ms,1,2026-06-01T15:18:19.116000+00:00,2026-06-01T15:18:19.116000+00:00,Slow response detected endpoint=/api/cart latency=1404ms,1
T882,cart-service,WARN,Slow response detected endpoint=/api/cart latency=1410ms,1,2026-06-01T15:59:39.890000+00:00,2026-06-01T15:59:39.890000+00:00,Slow response detected endpoint=/api/cart latency=1410ms,1
T883,cart-service,WARN,Slow response detected endpoint=/api/cart latency=1411ms,1,2026-06-01T23:34:45.941000+00:00,2026-06-01T23:34:45.941000+00:00,Slow response detected endpoint=/api/cart latency=1411ms,1
T884,cart-service,WARN,Slow response detected endpoint=/api/cart latency=2526ms,1,2026-06-01T17:15:18.330000+00:00,2026-06-01T17:15:18.330000+00:00,Slow response detected endpoint=/api/cart latency=2526ms,1
T885,cart-service,WARN,Slow response detected endpoint=/api/cart latency=2533ms,1,2026-06-01T14:25:35.763000+00:00,2026-06-01T14:25:35.763000+00:00,Slow response detected endpoint=/api/cart latency=2533ms,1
T886,cart-service,WARN,Slow response detected endpoint=/api/cart latency=2539ms,1,2026-06-01T23:12:24.516000+00:00,2026-06-01T23:12:24.516000+00:00,Slow response detected endpoint=/api/cart latency=2539ms,1
T887,cart-service,WARN,Slow response detected endpoint=/api/cart latency=2540ms,1,2026-06-01T17:14:22.240000+00:00,2026-06-01T17:14:22.240000+00:00,Slow response detected endpoint=/api/cart latency=2540ms,1
T888,cart-service,WARN,Slow response detected endpoint=/api/cart latency=2542ms,1,2026-06-01T18:21:28.205000+00:00,2026-06-01T18:21:28.205000+00:00,Slow response detected endpoint=/api/cart latency=2542ms,1
T889,cart-service,WARN,Slow response detected endpoint=/api/cart latency=2547ms,1,2026-06-01T23:00:18.027000+00:00,2026-06-01T23:00:18.027000+00:00,Slow response detected endpoint=/api/cart latency=2547ms,1
T890,cart-service,WARN,Slow response detected endpoint=/api/cart latency=2550ms,1,2026-06-01T14:04:10.509000+00:00,2026-06-01T14:04:10.509000+00:00,Slow response detected endpoint=/api/cart latency=2550ms,1
T891,cart-service,WARN,Slow response detected endpoint=/api/cart latency=2558ms,1,2026-06-01T15:31:38.162000+00:00,2026-06-01T15:31:38.162000+00:00,Slow response detected endpoint=/api/cart latency=2558ms,1
T892,cart-service,WARN,Slow response detected endpoint=/api/cart latency=2563ms,1,2026-06-01T21:16:40.576000+00:00,2026-06-01T21:16:40.576000+00:00,Slow response detected endpoint=/api/cart latency=2563ms,1
T893,cart-service,WARN,Slow response detected endpoint=/api/cart latency=2564ms,1,2026-06-01T15:44:05.537000+00:00,2026-06-01T15:44:05.537000+00:00,Slow response detected endpoint=/api/cart latency=2564ms,1
T894,cart-service,WARN,Slow response detected endpoint=/api/cart latency=2566ms,1,2026-06-01T10:20:33.103000+00:00,2026-06-01T10:20:33.103000+00:00,Slow response detected endpoint=/api/cart latency=2566ms,1
T895,cart-service,WARN,Slow response detected endpoint=/api/cart latency=2568ms,1,2026-06-01T14:20:15.140000+00:00,2026-06-01T14:20:15.140000+00:00,Slow response detected endpoint=/api/cart latency=2568ms,1
T896,cart-service,WARN,Slow response detected endpoint=/api/cart latency=2570ms,1,2026-06-01T22:02:53.266000+00:00,2026-06-01T22:02:53.266000+00:00,Slow response detected endpoint=/api/cart latency=2570ms,1
T897,cart-service,WARN,Slow response detected endpoint=/api/cart latency=2571ms,1,2026-06-01T23:45:15.635000+00:00,2026-06-01T23:45:15.635000+00:00,Slow response detected endpoint=/api/cart latency=2571ms,1
T898,cart-service,WARN,Slow response detected endpoint=/api/cart latency=2573ms,1,2026-06-01T14:52:03.482000+00:00,2026-06-01T14:52:03.482000+00:00,Slow response detected endpoint=/api/cart latency=2573ms,1
T899,cart-service,WARN,Slow response detected endpoint=/api/cart latency=2576ms,1,2026-06-01T17:35:39.419000+00:00,2026-06-01T17:35:39.419000+00:00,Slow response detected endpoint=/api/cart latency=2576ms,1
T900,cart-service,WARN,Slow response detected endpoint=/api/cart latency=2577ms,1,2026-06-01T08:12:26.436000+00:00,2026-06-01T08:12:26.436000+00:00,Slow response detected endpoint=/api/cart latency=2577ms,1
T901,cart-service,WARN,Slow response detected endpoint=/api/cart latency=2579ms,1,2026-06-01T22:28:40.271000+00:00,2026-06-01T22:28:40.271000+00:00,Slow response detected endpoint=/api/cart latency=2579ms,1
T902,cart-service,WARN,Slow response detected endpoint=/api/cart latency=2582ms,1,2026-06-01T09:32:27.162000+00:00,2026-06-01T09:32:27.162000+00:00,Slow response detected endpoint=/api/cart latency=2582ms,1
T903,cart-service,WARN,Slow response detected endpoint=/api/cart latency=2584ms,1,2026-06-01T20:05:07.515000+00:00,2026-06-01T20:05:07.515000+00:00,Slow response detected endpoint=/api/cart latency=2584ms,1
T904,cart-service,WARN,Slow response detected endpoint=/api/cart latency=1373ms,1,2026-06-01T14:09:13.634000+00:00,2026-06-01T14:09:13.634000+00:00,Slow response detected endpoint=/api/cart latency=1373ms,1
T905,cart-service,WARN,Slow response detected endpoint=/api/cart latency=1377ms,1,2026-06-01T13:22:04.139000+00:00,2026-06-01T13:22:04.139000+00:00,Slow response detected endpoint=/api/cart latency=1377ms,1
T906,cart-service,WARN,Slow response detected endpoint=/api/cart latency=1378ms,1,2026-06-01T14:24:54.829000+00:00,2026-06-01T14:24:54.829000+00:00,Slow response detected endpoint=/api/cart latency=1378ms,1
T907,cart-service,WARN,Slow response detected endpoint=/api/cart latency=2647ms,1,2026-06-01T17:23:38.531000+00:00,2026-06-01T17:23:38.531000+00:00,Slow response detected endpoint=/api/cart latency=2647ms,1
T908,cart-service,WARN,Slow response detected endpoint=/api/cart latency=2649ms,1,2026-06-01T18:33:16.331000+00:00,2026-06-01T18:33:16.331000+00:00,Slow response detected endpoint=/api/cart latency=2649ms,1
T909,cart-service,WARN,Slow response detected endpoint=/api/cart latency=2650ms,1,2026-06-01T14:46:13.739000+00:00,2026-06-01T14:46:13.739000+00:00,Slow response detected endpoint=/api/cart latency=2650ms,1
T910,cart-service,WARN,Slow response detected endpoint=/api/cart latency=2651ms,1,2026-06-01T20:42:21.936000+00:00,2026-06-01T20:42:21.936000+00:00,Slow response detected endpoint=/api/cart latency=2651ms,1
T911,cart-service,WARN,Slow response detected endpoint=/api/cart latency=2652ms,1,2026-06-01T16:59:56.862000+00:00,2026-06-01T16:59:56.862000+00:00,Slow response detected endpoint=/api/cart latency=2652ms,1
T912,cart-service,WARN,Slow response detected endpoint=/api/cart latency=2585ms,1,2026-06-01T16:24:31.308000+00:00,2026-06-01T16:24:31.308000+00:00,Slow response detected endpoint=/api/cart latency=2585ms,1
T913,cart-service,WARN,Slow response detected endpoint=/api/cart latency=2586ms,1,2026-06-01T14:51:32.619000+00:00,2026-06-01T14:51:32.619000+00:00,Slow response detected endpoint=/api/cart latency=2586ms,1
T914,cart-service,WARN,Slow response detected endpoint=/api/cart latency=2587ms,1,2026-06-01T23:39:39.406000+00:00,2026-06-01T23:39:39.406000+00:00,Slow response detected endpoint=/api/cart latency=2587ms,1
T915,cart-service,WARN,Slow response detected endpoint=/api/cart latency=2588ms,1,2026-06-01T17:45:44.950000+00:00,2026-06-01T17:45:44.950000+00:00,Slow response detected endpoint=/api/cart latency=2588ms,1
T916,cart-service,WARN,Slow response detected endpoint=/api/cart latency=2592ms,1,2026-06-01T16:17:09.886000+00:00,2026-06-01T16:17:09.886000+00:00,Slow response detected endpoint=/api/cart latency=2592ms,1
T917,cart-service,WARN,Slow response detected endpoint=/api/cart latency=2599ms,1,2026-06-01T14:06:13.903000+00:00,2026-06-01T14:06:13.903000+00:00,Slow response detected endpoint=/api/cart latency=2599ms,1
T918,cart-service,WARN,Slow response detected endpoint=/api/cart latency=2603ms,1,2026-06-01T19:09:07.559000+00:00,2026-06-01T19:09:07.559000+00:00,Slow response detected endpoint=/api/cart latency=2603ms,1
T919,cart-service,WARN,Slow response detected endpoint=/api/cart latency=2606ms,1,2026-06-01T16:55:08.540000+00:00,2026-06-01T16:55:08.540000+00:00,Slow response detected endpoint=/api/cart latency=2606ms,1
T920,cart-service,WARN,Slow response detected endpoint=/api/cart latency=2608ms,1,2026-06-01T19:32:37.635000+00:00,2026-06-01T19:32:37.635000+00:00,Slow response detected endpoint=/api/cart latency=2608ms,1
T921,cart-service,WARN,Slow response detected endpoint=/api/cart latency=2612ms,1,2026-06-01T15:46:02.871000+00:00,2026-06-01T15:46:02.871000+00:00,Slow response detected endpoint=/api/cart latency=2612ms,1
T922,cart-service,WARN,Slow response detected endpoint=/api/cart latency=2613ms,1,2026-06-01T20:03:23.822000+00:00,2026-06-01T20:03:23.822000+00:00,Slow response detected endpoint=/api/cart latency=2613ms,1
T923,cart-service,WARN,Slow response detected endpoint=/api/cart latency=1332ms,1,2026-06-01T14:35:39.376000+00:00,2026-06-01T14:35:39.376000+00:00,Slow response detected endpoint=/api/cart latency=1332ms,1
T924,cart-service,WARN,Slow response detected endpoint=/api/cart latency=1333ms,1,2026-06-01T19:43:02.844000+00:00,2026-06-01T19:43:02.844000+00:00,Slow response detected endpoint=/api/cart latency=1333ms,1
T925,cart-service,WARN,Slow response detected endpoint=/api/cart latency=1338ms,1,2026-06-01T20:58:54.112000+00:00,2026-06-01T20:58:54.112000+00:00,Slow response detected endpoint=/api/cart latency=1338ms,1
T926,cart-service,WARN,Slow response detected endpoint=/api/cart latency=1339ms,1,2026-06-01T15:58:55.153000+00:00,2026-06-01T15:58:55.153000+00:00,Slow response detected endpoint=/api/cart latency=1339ms,1
T927,cart-service,WARN,Slow response detected endpoint=/api/cart latency=1340ms,1,2026-06-01T18:51:21.707000+00:00,2026-06-01T18:51:21.707000+00:00,Slow response detected endpoint=/api/cart latency=1340ms,1
T928,cart-service,WARN,Slow response detected endpoint=/api/cart latency=1347ms,1,2026-06-01T17:58:16.333000+00:00,2026-06-01T17:58:16.333000+00:00,Slow response detected endpoint=/api/cart latency=1347ms,1
T929,cart-service,WARN,Slow response detected endpoint=/api/cart latency=1351ms,1,2026-06-01T22:20:33.813000+00:00,2026-06-01T22:20:33.813000+00:00,Slow response detected endpoint=/api/cart latency=1351ms,1
T930,cart-service,WARN,Slow response detected endpoint=/api/cart latency=1357ms,1,2026-06-01T16:00:02.826000+00:00,2026-06-01T16:00:02.826000+00:00,Slow response detected endpoint=/api/cart latency=1357ms,1
T931,cart-service,WARN,Slow response detected endpoint=/api/cart latency=1363ms,1,2026-06-01T16:40:30.610000+00:00,2026-06-01T16:40:30.610000+00:00,Slow response detected endpoint=/api/cart latency=1363ms,1
T932,cart-service,WARN,Slow response detected endpoint=/api/cart latency=1368ms,1,2026-06-01T18:45:50.448000+00:00,2026-06-01T18:45:50.448000+00:00,Slow response detected endpoint=/api/cart latency=1368ms,1
T933,cart-service,WARN,Slow response detected endpoint=/api/cart latency=1370ms,1,2026-06-01T23:40:48.225000+00:00,2026-06-01T23:40:48.225000+00:00,Slow response detected endpoint=/api/cart latency=1370ms,1
T934,cart-service,WARN,Slow response detected endpoint=/api/cart latency=2625ms,1,2026-06-01T22:14:56.013000+00:00,2026-06-01T22:14:56.013000+00:00,Slow response detected endpoint=/api/cart latency=2625ms,1
T935,cart-service,WARN,Slow response detected endpoint=/api/cart latency=2629ms,1,2026-06-01T21:27:00.541000+00:00,2026-06-01T21:27:00.541000+00:00,Slow response detected endpoint=/api/cart latency=2629ms,1
T936,cart-service,WARN,Slow response detected endpoint=/api/cart latency=2631ms,1,2026-06-01T08:25:53.916000+00:00,2026-06-01T08:25:53.916000+00:00,Slow response detected endpoint=/api/cart latency=2631ms,1
T937,cart-service,WARN,Slow response detected endpoint=/api/cart latency=2641ms,1,2026-06-01T15:58:07.001000+00:00,2026-06-01T15:58:07.001000+00:00,Slow response detected endpoint=/api/cart latency=2641ms,1
T938,cart-service,WARN,Slow response detected endpoint=/api/cart latency=2645ms,1,2026-06-01T21:23:09.117000+00:00,2026-06-01T21:23:09.117000+00:00,Slow response detected endpoint=/api/cart latency=2645ms,1
T939,cart-service,WARN,Slow response detected endpoint=/api/cart latency=2717ms,1,2026-06-01T20:34:09.505000+00:00,2026-06-01T20:34:09.505000+00:00,Slow response detected endpoint=/api/cart latency=2717ms,1
T940,cart-service,WARN,Slow response detected endpoint=/api/cart latency=2654ms,1,2026-06-01T07:57:05.891000+00:00,2026-06-01T07:57:05.891000+00:00,Slow response detected endpoint=/api/cart latency=2654ms,1
T941,cart-service,WARN,Slow response detected endpoint=/api/cart latency=2655ms,1,2026-06-01T18:11:13.865000+00:00,2026-06-01T18:11:13.865000+00:00,Slow response detected endpoint=/api/cart latency=2655ms,1
T942,cart-service,WARN,Slow response detected endpoint=/api/cart latency=2661ms,1,2026-06-01T22:27:11.093000+00:00,2026-06-01T22:27:11.093000+00:00,Slow response detected endpoint=/api/cart latency=2661ms,1
T943,cart-service,WARN,Slow response detected endpoint=/api/cart latency=2663ms,1,2026-06-01T23:18:57.716000+00:00,2026-06-01T23:18:57.716000+00:00,Slow response detected endpoint=/api/cart latency=2663ms,1
T944,cart-service,WARN,Slow response detected endpoint=/api/cart latency=2664ms,1,2026-06-01T08:04:28.004000+00:00,2026-06-01T08:04:28.004000+00:00,Slow response detected endpoint=/api/cart latency=2664ms,1
T945,cart-service,WARN,Slow response detected endpoint=/api/cart latency=2666ms,1,2026-06-01T23:08:25.163000+00:00,2026-06-01T23:08:25.163000+00:00,Slow response detected endpoint=/api/cart latency=2666ms,1
T946,cart-service,WARN,Slow response detected endpoint=/api/cart latency=2667ms,1,2026-06-01T20:44:06.454000+00:00,2026-06-01T20:44:06.454000+00:00,Slow response detected endpoint=/api/cart latency=2667ms,1
T947,cart-service,WARN,Slow response detected endpoint=/api/cart latency=2669ms,1,2026-06-01T14:53:28.515000+00:00,2026-06-01T14:53:28.515000+00:00,Slow response detected endpoint=/api/cart latency=2669ms,1
T948,cart-service,WARN,Slow response detected endpoint=/api/cart latency=2670ms,1,2026-06-01T19:00:24.969000+00:00,2026-06-01T19:00:24.969000+00:00,Slow response detected endpoint=/api/cart latency=2670ms,1
T949,cart-service,WARN,Slow response detected endpoint=/api/cart latency=2673ms,1,2026-06-01T22:51:26.104000+00:00,2026-06-01T22:51:26.104000+00:00,Slow response detected endpoint=/api/cart latency=2673ms,1
T950,cart-service,WARN,Slow response detected endpoint=/api/cart latency=2674ms,1,2026-06-01T19:18:56.889000+00:00,2026-06-01T19:18:56.889000+00:00,Slow response detected endpoint=/api/cart latency=2674ms,1
T951,cart-service,WARN,Slow response detected endpoint=/api/cart latency=2676ms,1,2026-06-01T15:13:41.548000+00:00,2026-06-01T15:13:41.548000+00:00,Slow response detected endpoint=/api/cart latency=2676ms,1
T952,cart-service,WARN,Slow response detected endpoint=/api/cart latency=2680ms,1,2026-06-01T17:37:49.443000+00:00,2026-06-01T17:37:49.443000+00:00,Slow response detected endpoint=/api/cart latency=2680ms,1
T953,cart-service,WARN,Slow response detected endpoint=/api/cart latency=2683ms,1,2026-06-01T15:10:28.115000+00:00,2026-06-01T15:10:28.115000+00:00,Slow response detected endpoint=/api/cart latency=2683ms,1
T954,cart-service,WARN,Slow response detected endpoint=/api/cart latency=1330ms,1,2026-06-01T17:43:44.805000+00:00,2026-06-01T17:43:44.805000+00:00,Slow response detected endpoint=/api/cart latency=1330ms,1
T955,cart-service,WARN,Slow response detected endpoint=/api/cart latency=2738ms,1,2026-06-01T16:07:48.443000+00:00,2026-06-01T16:07:48.443000+00:00,Slow response detected endpoint=/api/cart latency=2738ms,1
T956,cart-service,WARN,Slow response detected endpoint=/api/cart latency=2739ms,1,2026-06-01T17:43:54.435000+00:00,2026-06-01T17:43:54.435000+00:00,Slow response detected endpoint=/api/cart latency=2739ms,1
T957,cart-service,WARN,Slow response detected endpoint=/api/cart latency=2743ms,1,2026-06-01T20:40:23.110000+00:00,2026-06-01T20:40:23.110000+00:00,Slow response detected endpoint=/api/cart latency=2743ms,1
T958,cart-service,WARN,Slow response detected endpoint=/api/cart latency=2744ms,1,2026-06-01T18:36:14.048000+00:00,2026-06-01T18:36:14.048000+00:00,Slow response detected endpoint=/api/cart latency=2744ms,1
T959,cart-service,WARN,Slow response detected endpoint=/api/cart latency=2684ms,1,2026-06-01T08:59:22.788000+00:00,2026-06-01T08:59:22.788000+00:00,Slow response detected endpoint=/api/cart latency=2684ms,1
T960,cart-service,WARN,Slow response detected endpoint=/api/cart latency=2686ms,1,2026-06-01T14:05:04.338000+00:00,2026-06-01T14:05:04.338000+00:00,Slow response detected endpoint=/api/cart latency=2686ms,1
T961,cart-service,WARN,Slow response detected endpoint=/api/cart latency=2689ms,1,2026-06-01T16:25:03.883000+00:00,2026-06-01T16:25:03.883000+00:00,Slow response detected endpoint=/api/cart latency=2689ms,1
T962,cart-service,WARN,Slow response detected endpoint=/api/cart latency=2693ms,1,2026-06-01T14:16:08.847000+00:00,2026-06-01T14:16:08.847000+00:00,Slow response detected endpoint=/api/cart latency=2693ms,1
T963,cart-service,WARN,Slow response detected endpoint=/api/cart latency=2694ms,1,2026-06-01T15:25:11.154000+00:00,2026-06-01T15:25:11.154000+00:00,Slow response detected endpoint=/api/cart latency=2694ms,1
T964,cart-service,WARN,Slow response detected endpoint=/api/cart latency=2695ms,1,2026-06-01T19:44:46.866000+00:00,2026-06-01T19:44:46.866000+00:00,Slow response detected endpoint=/api/cart latency=2695ms,1
T965,cart-service,WARN,Slow response detected endpoint=/api/cart latency=2698ms,1,2026-06-01T20:26:41.131000+00:00,2026-06-01T20:26:41.131000+00:00,Slow response detected endpoint=/api/cart latency=2698ms,1
T966,cart-service,WARN,Slow response detected endpoint=/api/cart latency=2701ms,1,2026-06-01T21:33:19.406000+00:00,2026-06-01T21:33:19.406000+00:00,Slow response detected endpoint=/api/cart latency=2701ms,1
T967,cart-service,WARN,Slow response detected endpoint=/api/cart latency=2702ms,1,2026-06-01T15:11:10.455000+00:00,2026-06-01T15:11:10.455000+00:00,Slow response detected endpoint=/api/cart latency=2702ms,1
T968,cart-service,WARN,Slow response detected endpoint=/api/cart latency=2706ms,1,2026-06-01T07:00:07.328000+00:00,2026-06-01T07:00:07.328000+00:00,Slow response detected endpoint=/api/cart latency=2706ms,1
T969,cart-service,WARN,Slow response detected endpoint=/api/cart latency=2714ms,1,2026-06-01T21:49:27.376000+00:00,2026-06-01T21:49:27.376000+00:00,Slow response detected endpoint=/api/cart latency=2714ms,1
T970,cart-service,WARN,Slow response detected endpoint=/api/cart latency=2716ms,1,2026-06-01T21:05:54.463000+00:00,2026-06-01T21:05:54.463000+00:00,Slow response detected endpoint=/api/cart latency=2716ms,1
T971,cart-service,WARN,Slow response detected endpoint=/api/cart latency=1316ms,1,2026-06-01T20:55:57.822000+00:00,2026-06-01T20:55:57.822000+00:00,Slow response detected endpoint=/api/cart latency=1316ms,1
T972,cart-service,WARN,Slow response detected endpoint=/api/cart latency=1317ms,1,2026-06-01T17:38:56.697000+00:00,2026-06-01T17:38:56.697000+00:00,Slow response detected endpoint=/api/cart latency=1317ms,1
T973,cart-service,WARN,Slow response detected endpoint=/api/cart latency=1318ms,1,2026-06-01T22:45:25.756000+00:00,2026-06-01T22:45:25.756000+00:00,Slow response detected endpoint=/api/cart latency=1318ms,1
T974,cart-service,WARN,Slow response detected endpoint=/api/cart latency=1319ms,1,2026-06-01T20:59:33.350000+00:00,2026-06-01T20:59:33.350000+00:00,Slow response detected endpoint=/api/cart latency=1319ms,1
T975,cart-service,WARN,Slow response detected endpoint=/api/cart latency=1321ms,1,2026-06-01T17:44:40.958000+00:00,2026-06-01T17:44:40.958000+00:00,Slow response detected endpoint=/api/cart latency=1321ms,1
T976,cart-service,WARN,Slow response detected endpoint=/api/cart latency=1326ms,1,2026-06-01T19:45:32.309000+00:00,2026-06-01T19:45:32.309000+00:00,Slow response detected endpoint=/api/cart latency=1326ms,1
T977,cart-service,WARN,Slow response detected endpoint=/api/cart latency=1329ms,1,2026-06-01T22:39:07.133000+00:00,2026-06-01T22:39:07.133000+00:00,Slow response detected endpoint=/api/cart latency=1329ms,1
T978,cart-service,WARN,Slow response detected endpoint=/api/cart latency=2719ms,1,2026-06-01T19:39:34.053000+00:00,2026-06-01T19:39:34.053000+00:00,Slow response detected endpoint=/api/cart latency=2719ms,1
T979,cart-service,WARN,Slow response detected endpoint=/api/cart latency=2722ms,1,2026-06-01T21:59:58.691000+00:00,2026-06-01T21:59:58.691000+00:00,Slow response detected endpoint=/api/cart latency=2722ms,1
T980,cart-service,WARN,Slow response detected endpoint=/api/cart latency=2725ms,1,2026-06-01T16:10:55.567000+00:00,2026-06-01T16:10:55.567000+00:00,Slow response detected endpoint=/api/cart latency=2725ms,1
T981,cart-service,WARN,Slow response detected endpoint=/api/cart latency=2727ms,1,2026-06-01T14:16:23.384000+00:00,2026-06-01T14:16:23.384000+00:00,Slow response detected endpoint=/api/cart latency=2727ms,1
T982,cart-service,WARN,Slow response detected endpoint=/api/cart latency=2728ms,1,2026-06-01T22:52:52.137000+00:00,2026-06-01T22:52:52.137000+00:00,Slow response detected endpoint=/api/cart latency=2728ms,1
T983,cart-service,WARN,Slow response detected endpoint=/api/cart latency=2733ms,1,2026-06-01T22:42:37.401000+00:00,2026-06-01T22:42:37.401000+00:00,Slow response detected endpoint=/api/cart latency=2733ms,1
T984,cart-service,WARN,Slow response detected endpoint=/api/cart latency=2735ms,1,2026-06-01T20:42:39.950000+00:00,2026-06-01T20:42:39.950000+00:00,Slow response detected endpoint=/api/cart latency=2735ms,1
T985,cart-service,WARN,Slow response detected endpoint=/api/cart latency=2736ms,1,2026-06-01T19:06:09.411000+00:00,2026-06-01T19:06:09.411000+00:00,Slow response detected endpoint=/api/cart latency=2736ms,1
T986,cart-service,WARN,Slow response detected endpoint=/api/cart latency=2737ms,1,2026-06-01T21:27:13.881000+00:00,2026-06-01T21:27:13.881000+00:00,Slow response detected endpoint=/api/cart latency=2737ms,1
T987,cart-service,WARN,Slow response detected endpoint=/api/cart latency=2751ms,1,2026-06-01T18:51:16.942000+00:00,2026-06-01T18:51:16.942000+00:00,Slow response detected endpoint=/api/cart latency=2751ms,1
T988,cart-service,WARN,Slow response detected endpoint=/api/cart latency=2753ms,1,2026-06-01T17:29:46.833000+00:00,2026-06-01T17:29:46.833000+00:00,Slow response detected endpoint=/api/cart latency=2753ms,1
T989,cart-service,WARN,Slow response detected endpoint=/api/cart latency=2755ms,1,2026-06-01T23:46:56.291000+00:00,2026-06-01T23:46:56.291000+00:00,Slow response detected endpoint=/api/cart latency=2755ms,1
T990,cart-service,WARN,Slow response detected endpoint=/api/cart latency=2756ms,1,2026-06-01T10:13:05.404000+00:00,2026-06-01T10:13:05.404000+00:00,Slow response detected endpoint=/api/cart latency=2756ms,1
T991,cart-service,WARN,Slow response detected endpoint=/api/cart latency=2759ms,1,2026-06-01T23:39:44.531000+00:00,2026-06-01T23:39:44.531000+00:00,Slow response detected endpoint=/api/cart latency=2759ms,1
T992,cart-service,WARN,Slow response detected endpoint=/api/cart latency=2760ms,1,2026-06-01T21:55:18.307000+00:00,2026-06-01T21:55:18.307000+00:00,Slow response detected endpoint=/api/cart latency=2760ms,1
T993,cart-service,WARN,Slow response detected endpoint=/api/cart latency=2762ms,1,2026-06-01T16:16:49.936000+00:00,2026-06-01T16:16:49.936000+00:00,Slow response detected endpoint=/api/cart latency=2762ms,1
T994,cart-service,WARN,Slow response detected endpoint=/api/cart latency=2763ms,1,2026-06-01T21:26:54.761000+00:00,2026-06-01T21:26:54.761000+00:00,Slow response detected endpoint=/api/cart latency=2763ms,1
T995,cart-service,WARN,Slow response detected endpoint=/api/cart latency=2767ms,1,2026-06-01T10:01:32.073000+00:00,2026-06-01T10:01:32.073000+00:00,Slow response detected endpoint=/api/cart latency=2767ms,1
T996,cart-service,WARN,Slow response detected endpoint=/api/cart latency=2768ms,1,2026-06-01T22:12:32.234000+00:00,2026-06-01T22:12:32.234000+00:00,Slow response detected endpoint=/api/cart latency=2768ms,1
T997,cart-service,WARN,Slow response detected endpoint=/api/cart latency=2769ms,1,2026-06-01T08:12:05.320000+00:00,2026-06-01T08:12:05.320000+00:00,Slow response detected endpoint=/api/cart latency=2769ms,1
T998,cart-service,WARN,Slow response detected endpoint=/api/cart latency=1288ms,1,2026-06-01T21:11:18.779000+00:00,2026-06-01T21:11:18.779000+00:00,Slow response detected endpoint=/api/cart latency=1288ms,1
T999,cart-service,WARN,Slow response detected endpoint=/api/cart latency=1298ms,1,2026-06-01T22:58:47.436000+00:00,2026-06-01T22:58:47.436000+00:00,Slow response detected endpoint=/api/cart latency=1298ms,1
T1000,cart-service,WARN,Slow response detected endpoint=/api/cart latency=1304ms,1,2026-06-01T14:52:08.200000+00:00,2026-06-01T14:52:08.200000+00:00,Slow response detected endpoint=/api/cart latency=1304ms,1
T1001,cart-service,WARN,Slow response detected endpoint=/api/cart latency=1307ms,1,2026-06-01T17:14:52.290000+00:00,2026-06-01T17:14:52.290000+00:00,Slow response detected endpoint=/api/cart latency=1307ms,1
T1002,cart-service,WARN,Slow response detected endpoint=/api/cart latency=1308ms,1,2026-06-01T18:54:54.698000+00:00,2026-06-01T18:54:54.698000+00:00,Slow response detected endpoint=/api/cart latency=1308ms,1
T1003,cart-service,WARN,Slow response detected endpoint=/api/cart latency=2840ms,1,2026-06-01T22:52:25.168000+00:00,2026-06-01T22:52:25.168000+00:00,Slow response detected endpoint=/api/cart latency=2840ms,1
T1004,cart-service,WARN,Slow response detected endpoint=/api/cart latency=2844ms,1,2026-06-01T11:07:33.573000+00:00,2026-06-01T11:07:33.573000+00:00,Slow response detected endpoint=/api/cart latency=2844ms,1
T1005,cart-service,WARN,Slow response detected endpoint=/api/cart latency=2845ms,1,2026-06-01T14:03:36.773000+00:00,2026-06-01T14:03:36.773000+00:00,Slow response detected endpoint=/api/cart latency=2845ms,1
T1006,cart-service,WARN,Slow response detected endpoint=/api/cart latency=2772ms,1,2026-06-01T15:51:31.895000+00:00,2026-06-01T15:51:31.895000+00:00,Slow response detected endpoint=/api/cart latency=2772ms,1
T1007,cart-service,WARN,Slow response detected endpoint=/api/cart latency=2776ms,1,2026-06-01T20:40:54.366000+00:00,2026-06-01T20:40:54.366000+00:00,Slow response detected endpoint=/api/cart latency=2776ms,1
T1008,cart-service,WARN,Slow response detected endpoint=/api/cart latency=2779ms,1,2026-06-01T20:48:39.086000+00:00,2026-06-01T20:48:39.086000+00:00,Slow response detected endpoint=/api/cart latency=2779ms,1
T1009,cart-service,WARN,Slow response detected endpoint=/api/cart latency=2780ms,1,2026-06-01T23:06:18.381000+00:00,2026-06-01T23:06:18.381000+00:00,Slow response detected endpoint=/api/cart latency=2780ms,1
T1010,cart-service,WARN,Slow response detected endpoint=/api/cart latency=2787ms,1,2026-06-01T14:23:03.808000+00:00,2026-06-01T14:23:03.808000+00:00,Slow response detected endpoint=/api/cart latency=2787ms,1
T1011,cart-service,WARN,Slow response detected endpoint=/api/cart latency=2788ms,1,2026-06-01T15:25:25.343000+00:00,2026-06-01T15:25:25.343000+00:00,Slow response detected endpoint=/api/cart latency=2788ms,1
T1012,cart-service,WARN,Slow response detected endpoint=/api/cart latency=2789ms,1,2026-06-01T15:44:33.317000+00:00,2026-06-01T15:44:33.317000+00:00,Slow response detected endpoint=/api/cart latency=2789ms,1
T1013,cart-service,WARN,Slow response detected endpoint=/api/cart latency=2793ms,1,2026-06-01T21:21:39.798000+00:00,2026-06-01T21:21:39.798000+00:00,Slow response detected endpoint=/api/cart latency=2793ms,1
T1014,cart-service,WARN,Slow response detected endpoint=/api/cart latency=2794ms,1,2026-06-01T14:49:52.938000+00:00,2026-06-01T14:49:52.938000+00:00,Slow response detected endpoint=/api/cart latency=2794ms,1
T1015,cart-service,WARN,Slow response detected endpoint=/api/cart latency=2802ms,1,2026-06-01T23:14:11.874000+00:00,2026-06-01T23:14:11.874000+00:00,Slow response detected endpoint=/api/cart latency=2802ms,1
T1016,cart-service,WARN,Slow response detected endpoint=/api/cart latency=2807ms,1,2026-06-01T15:57:39.295000+00:00,2026-06-01T15:57:39.295000+00:00,Slow response detected endpoint=/api/cart latency=2807ms,1
T1017,cart-service,WARN,Slow response detected endpoint=/api/cart latency=2808ms,1,2026-06-01T18:41:51.109000+00:00,2026-06-01T18:41:51.109000+00:00,Slow response detected endpoint=/api/cart latency=2808ms,1
T1018,cart-service,WARN,Slow response detected endpoint=/api/cart latency=2809ms,1,2026-06-01T20:03:26.871000+00:00,2026-06-01T20:03:26.871000+00:00,Slow response detected endpoint=/api/cart latency=2809ms,1
T1019,cart-service,WARN,Slow response detected endpoint=/api/cart latency=1269ms,1,2026-06-01T14:41:38.008000+00:00,2026-06-01T14:41:38.008000+00:00,Slow response detected endpoint=/api/cart latency=1269ms,1
T1020,cart-service,WARN,Slow response detected endpoint=/api/cart latency=1270ms,1,2026-06-01T21:32:54.713000+00:00,2026-06-01T21:32:54.713000+00:00,Slow response detected endpoint=/api/cart latency=1270ms,1
T1021,cart-service,WARN,Slow response detected endpoint=/api/cart latency=1271ms,1,2026-06-01T22:03:11.569000+00:00,2026-06-01T22:03:11.569000+00:00,Slow response detected endpoint=/api/cart latency=1271ms,1
T1022,cart-service,WARN,Slow response detected endpoint=/api/cart latency=1276ms,1,2026-06-01T22:10:39.849000+00:00,2026-06-01T22:10:39.849000+00:00,Slow response detected endpoint=/api/cart latency=1276ms,1
T1023,cart-service,WARN,Slow response detected endpoint=/api/cart latency=1277ms,1,2026-06-01T18:49:01.017000+00:00,2026-06-01T18:49:01.017000+00:00,Slow response detected endpoint=/api/cart latency=1277ms,1
T1024,cart-service,WARN,Slow response detected endpoint=/api/cart latency=1279ms,1,2026-06-01T21:45:42.821000+00:00,2026-06-01T21:45:42.821000+00:00,Slow response detected endpoint=/api/cart latency=1279ms,1
T1025,cart-service,WARN,Slow response detected endpoint=/api/cart latency=1283ms,1,2026-06-01T17:59:07.894000+00:00,2026-06-01T17:59:07.894000+00:00,Slow response detected endpoint=/api/cart latency=1283ms,1
T1026,cart-service,WARN,Slow response detected endpoint=/api/cart latency=1284ms,1,2026-06-01T11:08:10.082000+00:00,2026-06-01T11:08:10.082000+00:00,Slow response detected endpoint=/api/cart latency=1284ms,1
T1027,cart-service,WARN,Slow response detected endpoint=/api/cart latency=1287ms,1,2026-06-01T14:09:47.833000+00:00,2026-06-01T14:09:47.833000+00:00,Slow response detected endpoint=/api/cart latency=1287ms,1
T1028,cart-service,WARN,Slow response detected endpoint=/api/cart latency=2816ms,1,2026-06-01T19:31:28.683000+00:00,2026-06-01T19:31:28.683000+00:00,Slow response detected endpoint=/api/cart latency=2816ms,1
T1029,cart-service,WARN,Slow response detected endpoint=/api/cart latency=2817ms,1,2026-06-01T12:10:30.576000+00:00,2026-06-01T12:10:30.576000+00:00,Slow response detected endpoint=/api/cart latency=2817ms,1
T1030,cart-service,WARN,Slow response detected endpoint=/api/cart latency=2819ms,1,2026-06-01T21:45:00.199000+00:00,2026-06-01T21:45:00.199000+00:00,Slow response detected endpoint=/api/cart latency=2819ms,1
T1031,cart-service,WARN,Slow response detected endpoint=/api/cart latency=2820ms,1,2026-06-01T16:07:19.495000+00:00,2026-06-01T16:07:19.495000+00:00,Slow response detected endpoint=/api/cart latency=2820ms,1
T1032,cart-service,WARN,Slow response detected endpoint=/api/cart latency=2826ms,1,2026-06-01T18:42:33.624000+00:00,2026-06-01T18:42:33.624000+00:00,Slow response detected endpoint=/api/cart latency=2826ms,1
T1033,cart-service,WARN,Slow response detected endpoint=/api/cart latency=2828ms,1,2026-06-01T17:17:31.397000+00:00,2026-06-01T17:17:31.397000+00:00,Slow response detected endpoint=/api/cart latency=2828ms,1
T1034,cart-service,WARN,Slow response detected endpoint=/api/cart latency=2830ms,1,2026-06-01T23:45:58.035000+00:00,2026-06-01T23:45:58.035000+00:00,Slow response detected endpoint=/api/cart latency=2830ms,1
T1035,cart-service,WARN,Slow response detected endpoint=/api/cart latency=2921ms,1,2026-06-01T19:14:52.235000+00:00,2026-06-01T19:14:52.235000+00:00,Slow response detected endpoint=/api/cart latency=2921ms,1
T1036,cart-service,WARN,Slow response detected endpoint=/api/cart latency=2925ms,1,2026-06-01T20:32:44.328000+00:00,2026-06-01T20:32:44.328000+00:00,Slow response detected endpoint=/api/cart latency=2925ms,1
T1037,cart-service,WARN,Slow response detected endpoint=/api/cart latency=2852ms,1,2026-06-01T20:05:40.544000+00:00,2026-06-01T20:05:40.544000+00:00,Slow response detected endpoint=/api/cart latency=2852ms,1
T1038,cart-service,WARN,Slow response detected endpoint=/api/cart latency=2855ms,1,2026-06-01T16:03:49.277000+00:00,2026-06-01T16:03:49.277000+00:00,Slow response detected endpoint=/api/cart latency=2855ms,1
T1039,cart-service,WARN,Slow response detected endpoint=/api/cart latency=2856ms,1,2026-06-01T21:48:38.582000+00:00,2026-06-01T21:48:38.582000+00:00,Slow response detected endpoint=/api/cart latency=2856ms,1
T1040,cart-service,WARN,Slow response detected endpoint=/api/cart latency=2857ms,1,2026-06-01T15:37:53.699000+00:00,2026-06-01T15:37:53.699000+00:00,Slow response detected endpoint=/api/cart latency=2857ms,1
T1041,cart-service,WARN,Slow response detected endpoint=/api/cart latency=2858ms,1,2026-06-01T21:59:51.067000+00:00,2026-06-01T21:59:51.067000+00:00,Slow response detected endpoint=/api/cart latency=2858ms,1
T1042,cart-service,WARN,Slow response detected endpoint=/api/cart latency=2859ms,1,2026-06-01T18:47:51.178000+00:00,2026-06-01T18:47:51.178000+00:00,Slow response detected endpoint=/api/cart latency=2859ms,1
T1043,cart-service,WARN,Slow response detected endpoint=/api/cart latency=2874ms,1,2026-06-01T17:58:34.401000+00:00,2026-06-01T17:58:34.401000+00:00,Slow response detected endpoint=/api/cart latency=2874ms,1
T1044,cart-service,WARN,Slow response detected endpoint=/api/cart latency=2884ms,1,2026-06-01T22:51:35.177000+00:00,2026-06-01T22:51:35.177000+00:00,Slow response detected endpoint=/api/cart latency=2884ms,1
T1045,cart-service,WARN,Slow response detected endpoint=/api/cart latency=2887ms,1,2026-06-01T17:36:28.198000+00:00,2026-06-01T17:36:28.198000+00:00,Slow response detected endpoint=/api/cart latency=2887ms,1
T1046,cart-service,WARN,Slow response detected endpoint=/api/cart latency=2888ms,1,2026-06-01T14:46:38.728000+00:00,2026-06-01T14:46:38.728000+00:00,Slow response detected endpoint=/api/cart latency=2888ms,1
T1047,cart-service,WARN,Slow response detected endpoint=/api/cart latency=1260ms,1,2026-06-01T17:08:07.062000+00:00,2026-06-01T17:08:07.062000+00:00,Slow response detected endpoint=/api/cart latency=1260ms,1
T1048,cart-service,WARN,Slow response detected endpoint=/api/cart latency=1263ms,1,2026-06-01T16:32:54.293000+00:00,2026-06-01T16:32:54.293000+00:00,Slow response detected endpoint=/api/cart latency=1263ms,1
T1049,cart-service,WARN,Slow response detected endpoint=/api/cart latency=1265ms,1,2026-06-01T15:57:03.247000+00:00,2026-06-01T15:57:03.247000+00:00,Slow response detected endpoint=/api/cart latency=1265ms,1
T1050,cart-service,WARN,Slow response detected endpoint=/api/cart latency=1267ms,1,2026-06-01T21:23:58.334000+00:00,2026-06-01T21:23:58.334000+00:00,Slow response detected endpoint=/api/cart latency=1267ms,1
T1051,cart-service,WARN,Slow response detected endpoint=/api/cart latency=2942ms,1,2026-06-01T23:23:26.901000+00:00,2026-06-01T23:23:26.901000+00:00,Slow response detected endpoint=/api/cart latency=2942ms,1
T1052,cart-service,WARN,Slow response detected endpoint=/api/cart latency=2944ms,1,2026-06-01T14:50:03.714000+00:00,2026-06-01T14:50:03.714000+00:00,Slow response detected endpoint=/api/cart latency=2944ms,1
T1053,cart-service,WARN,Slow response detected endpoint=/api/cart latency=2948ms,1,2026-06-01T23:06:32.297000+00:00,2026-06-01T23:06:32.297000+00:00,Slow response detected endpoint=/api/cart latency=2948ms,1
T1054,cart-service,WARN,Slow response detected endpoint=/api/cart latency=2949ms,1,2026-06-01T15:38:56.487000+00:00,2026-06-01T15:38:56.487000+00:00,Slow response detected endpoint=/api/cart latency=2949ms,1
T1055,cart-service,WARN,Slow response detected endpoint=/api/cart latency=2951ms,1,2026-06-01T18:12:35.763000+00:00,2026-06-01T18:12:35.763000+00:00,Slow response detected endpoint=/api/cart latency=2951ms,1
T1056,cart-service,WARN,Slow response detected endpoint=/api/cart latency=2954ms,1,2026-06-01T14:53:22.638000+00:00,2026-06-01T14:53:22.638000+00:00,Slow response detected endpoint=/api/cart latency=2954ms,1
T1057,cart-service,WARN,Slow response detected endpoint=/api/cart latency=2889ms,1,2026-06-01T18:50:30.742000+00:00,2026-06-01T18:50:30.742000+00:00,Slow response detected endpoint=/api/cart latency=2889ms,1
T1058,cart-service,WARN,Slow response detected endpoint=/api/cart latency=2890ms,1,2026-06-01T19:47:00.282000+00:00,2026-06-01T19:47:00.282000+00:00,Slow response detected endpoint=/api/cart latency=2890ms,1
T1059,cart-service,WARN,Slow response detected endpoint=/api/cart latency=2894ms,1,2026-06-01T23:49:07.318000+00:00,2026-06-01T23:49:07.318000+00:00,Slow response detected endpoint=/api/cart latency=2894ms,1
T1060,cart-service,WARN,Slow response detected endpoint=/api/cart latency=2895ms,1,2026-06-01T21:40:34.991000+00:00,2026-06-01T21:40:34.991000+00:00,Slow response detected endpoint=/api/cart latency=2895ms,1
T1061,cart-service,WARN,Slow response detected endpoint=/api/cart latency=2899ms,1,2026-06-01T23:18:54.114000+00:00,2026-06-01T23:18:54.114000+00:00,Slow response detected endpoint=/api/cart latency=2899ms,1
T1062,cart-service,WARN,Slow response detected endpoint=/api/cart latency=2901ms,1,2026-06-01T15:50:31.039000+00:00,2026-06-01T15:50:31.039000+00:00,Slow response detected endpoint=/api/cart latency=2901ms,1
T1063,cart-service,WARN,Slow response detected endpoint=/api/cart latency=2903ms,1,2026-06-01T22:39:55.850000+00:00,2026-06-01T22:39:55.850000+00:00,Slow response detected endpoint=/api/cart latency=2903ms,1
T1064,cart-service,WARN,Slow response detected endpoint=/api/cart latency=2904ms,1,2026-06-01T17:57:37.837000+00:00,2026-06-01T17:57:37.837000+00:00,Slow response detected endpoint=/api/cart latency=2904ms,1
T1065,cart-service,WARN,Slow response detected endpoint=/api/cart latency=2907ms,1,2026-06-01T14:45:19.557000+00:00,2026-06-01T14:45:19.557000+00:00,Slow response detected endpoint=/api/cart latency=2907ms,1
T1066,cart-service,WARN,Slow response detected endpoint=/api/cart latency=2916ms,1,2026-06-01T18:29:10.158000+00:00,2026-06-01T18:29:10.158000+00:00,Slow response detected endpoint=/api/cart latency=2916ms,1
T1067,cart-service,WARN,Slow response detected endpoint=/api/cart latency=1223ms,1,2026-06-01T20:34:23.003000+00:00,2026-06-01T20:34:23.003000+00:00,Slow response detected endpoint=/api/cart latency=1223ms,1
T1068,cart-service,WARN,Slow response detected endpoint=/api/cart latency=1224ms,1,2026-06-01T20:04:14.987000+00:00,2026-06-01T20:04:14.987000+00:00,Slow response detected endpoint=/api/cart latency=1224ms,1
T1069,cart-service,WARN,Slow response detected endpoint=/api/cart latency=1225ms,1,2026-06-01T22:48:12.749000+00:00,2026-06-01T22:48:12.749000+00:00,Slow response detected endpoint=/api/cart latency=1225ms,1
T1070,cart-service,WARN,Slow response detected endpoint=/api/cart latency=1228ms,1,2026-06-01T22:27:07.090000+00:00,2026-06-01T22:27:07.090000+00:00,Slow response detected endpoint=/api/cart latency=1228ms,1
T1071,cart-service,WARN,Slow response detected endpoint=/api/cart latency=1229ms,1,2026-06-01T22:39:36.239000+00:00,2026-06-01T22:39:36.239000+00:00,Slow response detected endpoint=/api/cart latency=1229ms,1
T1072,cart-service,WARN,Slow response detected endpoint=/api/cart latency=1231ms,1,2026-06-01T16:55:12.075000+00:00,2026-06-01T16:55:12.075000+00:00,Slow response detected endpoint=/api/cart latency=1231ms,1
T1073,cart-service,WARN,Slow response detected endpoint=/api/cart latency=1240ms,1,2026-06-01T19:45:33.785000+00:00,2026-06-01T19:45:33.785000+00:00,Slow response detected endpoint=/api/cart latency=1240ms,1
T1074,cart-service,WARN,Slow response detected endpoint=/api/cart latency=1248ms,1,2026-06-01T17:25:20.248000+00:00,2026-06-01T17:25:20.248000+00:00,Slow response detected endpoint=/api/cart latency=1248ms,1
T1075,cart-service,WARN,Slow response detected endpoint=/api/cart latency=1250ms,1,2026-06-01T08:15:06.610000+00:00,2026-06-01T08:15:06.610000+00:00,Slow response detected endpoint=/api/cart latency=1250ms,1
T1076,cart-service,WARN,Slow response detected endpoint=/api/cart latency=1252ms,1,2026-06-01T22:11:48.042000+00:00,2026-06-01T22:11:48.042000+00:00,Slow response detected endpoint=/api/cart latency=1252ms,1
T1077,cart-service,WARN,Slow response detected endpoint=/api/cart latency=2926ms,1,2026-06-01T13:41:03.493000+00:00,2026-06-01T13:41:03.493000+00:00,Slow response detected endpoint=/api/cart latency=2926ms,1
T1078,cart-service,WARN,Slow response detected endpoint=/api/cart latency=2927ms,1,2026-06-01T21:08:18.035000+00:00,2026-06-01T21:08:18.035000+00:00,Slow response detected endpoint=/api/cart latency=2927ms,1
T1079,cart-service,WARN,Slow response detected endpoint=/api/cart latency=2930ms,1,2026-06-01T16:36:03.125000+00:00,2026-06-01T16:36:03.125000+00:00,Slow response detected endpoint=/api/cart latency=2930ms,1
T1080,cart-service,WARN,Slow response detected endpoint=/api/cart latency=2935ms,1,2026-06-01T20:11:09.525000+00:00,2026-06-01T20:11:09.525000+00:00,Slow response detected endpoint=/api/cart latency=2935ms,1
T1081,cart-service,WARN,Slow response detected endpoint=/api/cart latency=2936ms,1,2026-06-01T17:35:45.621000+00:00,2026-06-01T17:35:45.621000+00:00,Slow response detected endpoint=/api/cart latency=2936ms,1
T1082,cart-service,WARN,Slow response detected endpoint=/api/cart latency=2940ms,1,2026-06-01T19:53:22.813000+00:00,2026-06-01T19:53:22.813000+00:00,Slow response detected endpoint=/api/cart latency=2940ms,1
T1083,cart-service,WARN,Slow response detected endpoint=/api/cart latency=501ms,1,2026-06-01T22:08:51.016000+00:00,2026-06-01T22:08:51.016000+00:00,Slow response detected endpoint=/api/cart latency=501ms,1
T1084,cart-service,WARN,Slow response detected endpoint=/api/cart latency=502ms,1,2026-06-01T15:19:39.476000+00:00,2026-06-01T15:19:39.476000+00:00,Slow response detected endpoint=/api/cart latency=502ms,1
T1085,cart-service,WARN,Slow response detected endpoint=/api/cart latency=503ms,1,2026-06-01T15:26:33.126000+00:00,2026-06-01T15:26:33.126000+00:00,Slow response detected endpoint=/api/cart latency=503ms,1
T1086,cart-service,WARN,Slow response detected endpoint=/api/cart latency=2957ms,1,2026-06-01T23:34:23.478000+00:00,2026-06-01T23:34:23.478000+00:00,Slow response detected endpoint=/api/cart latency=2957ms,1
T1087,cart-service,WARN,Slow response detected endpoint=/api/cart latency=2958ms,1,2026-06-01T17:44:13.138000+00:00,2026-06-01T17:44:13.138000+00:00,Slow response detected endpoint=/api/cart latency=2958ms,1
T1088,cart-service,WARN,Slow response detected endpoint=/api/cart latency=2959ms,1,2026-06-01T21:06:41.081000+00:00,2026-06-01T21:06:41.081000+00:00,Slow response detected endpoint=/api/cart latency=2959ms,1
T1089,cart-service,WARN,Slow response detected endpoint=/api/cart latency=2961ms,1,2026-06-01T23:39:14.876000+00:00,2026-06-01T23:39:14.876000+00:00,Slow response detected endpoint=/api/cart latency=2961ms,1
T1090,cart-service,WARN,Slow response detected endpoint=/api/cart latency=2968ms,1,2026-06-01T23:18:57.586000+00:00,2026-06-01T23:18:57.586000+00:00,Slow response detected endpoint=/api/cart latency=2968ms,1
T1091,cart-service,WARN,Slow response detected endpoint=/api/cart latency=2971ms,1,2026-06-01T09:02:45.358000+00:00,2026-06-01T09:02:45.358000+00:00,Slow response detected endpoint=/api/cart latency=2971ms,1
T1092,cart-service,WARN,Slow response detected endpoint=/api/cart latency=2972ms,1,2026-06-01T11:02:40.434000+00:00,2026-06-01T11:02:40.434000+00:00,Slow response detected endpoint=/api/cart latency=2972ms,1
T1093,cart-service,WARN,Slow response detected endpoint=/api/cart latency=2973ms,1,2026-06-01T20:28:40.288000+00:00,2026-06-01T20:28:40.288000+00:00,Slow response detected endpoint=/api/cart latency=2973ms,1
T1094,cart-service,WARN,Slow response detected endpoint=/api/cart latency=2974ms,1,2026-06-01T20:16:33.642000+00:00,2026-06-01T20:16:33.642000+00:00,Slow response detected endpoint=/api/cart latency=2974ms,1
T1095,cart-service,WARN,Slow response detected endpoint=/api/cart latency=2976ms,1,2026-06-01T13:10:01.055000+00:00,2026-06-01T13:10:01.055000+00:00,Slow response detected endpoint=/api/cart latency=2976ms,1
T1096,cart-service,WARN,Slow response detected endpoint=/api/cart latency=2979ms,1,2026-06-01T23:27:05.827000+00:00,2026-06-01T23:27:05.827000+00:00,Slow response detected endpoint=/api/cart latency=2979ms,1
T1097,cart-service,WARN,Slow response detected endpoint=/api/cart latency=2980ms,1,2026-06-01T23:59:41.506000+00:00,2026-06-01T23:59:41.506000+00:00,Slow response detected endpoint=/api/cart latency=2980ms,1
T1098,cart-service,WARN,Slow response detected endpoint=/api/cart latency=1221ms,1,2026-06-01T15:09:05.875000+00:00,2026-06-01T15:09:05.875000+00:00,Slow response detected endpoint=/api/cart latency=1221ms,1
T1099,cart-service,WARN,Slow response detected endpoint=/api/cart latency=522ms,1,2026-06-01T15:23:33.953000+00:00,2026-06-01T15:23:33.953000+00:00,Slow response detected endpoint=/api/cart latency=522ms,1
T1100,cart-service,WARN,Slow response detected endpoint=/api/cart latency=527ms,1,2026-06-01T20:06:39.554000+00:00,2026-06-01T20:06:39.554000+00:00,Slow response detected endpoint=/api/cart latency=527ms,1
T1101,cart-service,WARN,Slow response detected endpoint=/api/cart latency=528ms,1,2026-06-01T17:57:17.520000+00:00,2026-06-01T17:57:17.520000+00:00,Slow response detected endpoint=/api/cart latency=528ms,1
T1102,cart-service,WARN,Slow response detected endpoint=/api/cart latency=530ms,1,2026-06-01T21:28:49.611000+00:00,2026-06-01T21:28:49.611000+00:00,Slow response detected endpoint=/api/cart latency=530ms,1
T1103,cart-service,WARN,Slow response detected endpoint=/api/cart latency=532ms,1,2026-06-01T12:02:02.961000+00:00,2026-06-01T12:02:02.961000+00:00,Slow response detected endpoint=/api/cart latency=532ms,1
T1104,cart-service,WARN,Slow response detected endpoint=/api/cart latency=535ms,1,2026-06-01T20:49:46.248000+00:00,2026-06-01T20:49:46.248000+00:00,Slow response detected endpoint=/api/cart latency=535ms,1
T1105,cart-service,WARN,Slow response detected endpoint=/api/cart latency=539ms,1,2026-06-01T22:48:52.695000+00:00,2026-06-01T22:48:52.695000+00:00,Slow response detected endpoint=/api/cart latency=539ms,1
T1106,cart-service,WARN,Slow response detected endpoint=/api/cart latency=2982ms,1,2026-06-01T15:52:04.650000+00:00,2026-06-01T15:52:04.650000+00:00,Slow response detected endpoint=/api/cart latency=2982ms,1
T1107,cart-service,WARN,Slow response detected endpoint=/api/cart latency=2983ms,1,2026-06-01T20:35:15.055000+00:00,2026-06-01T20:35:15.055000+00:00,Slow response detected endpoint=/api/cart latency=2983ms,1
T1108,cart-service,WARN,Slow response detected endpoint=/api/cart latency=2985ms,1,2026-06-01T20:30:14.679000+00:00,2026-06-01T20:30:14.679000+00:00,Slow response detected endpoint=/api/cart latency=2985ms,1
T1109,cart-service,WARN,Slow response detected endpoint=/api/cart latency=2986ms,1,2026-06-01T18:08:51.205000+00:00,2026-06-01T18:08:51.205000+00:00,Slow response detected endpoint=/api/cart latency=2986ms,1
T1110,cart-service,WARN,Slow response detected endpoint=/api/cart latency=2987ms,1,2026-06-01T15:18:33.392000+00:00,2026-06-01T15:18:33.392000+00:00,Slow response detected endpoint=/api/cart latency=2987ms,1
T1111,cart-service,WARN,Slow response detected endpoint=/api/cart latency=2991ms,1,2026-06-01T16:02:06.525000+00:00,2026-06-01T16:02:06.525000+00:00,Slow response detected endpoint=/api/cart latency=2991ms,1
T1112,cart-service,WARN,Slow response detected endpoint=/api/cart latency=2994ms,1,2026-06-01T22:42:28.534000+00:00,2026-06-01T22:42:28.534000+00:00,Slow response detected endpoint=/api/cart latency=2994ms,1
T1113,cart-service,WARN,Slow response detected endpoint=/api/cart latency=2995ms,1,2026-06-01T15:47:46.745000+00:00,2026-06-01T15:47:46.745000+00:00,Slow response detected endpoint=/api/cart latency=2995ms,1
T1114,cart-service,WARN,Slow response detected endpoint=/api/cart latency=2998ms,1,2026-06-01T14:52:57.508000+00:00,2026-06-01T14:52:57.508000+00:00,Slow response detected endpoint=/api/cart latency=2998ms,1
T1115,cart-service,WARN,Slow response detected endpoint=/api/cart latency=1190ms,1,2026-06-01T18:04:13.815000+00:00,2026-06-01T18:04:13.815000+00:00,Slow response detected endpoint=/api/cart latency=1190ms,1
T1116,cart-service,WARN,Slow response detected endpoint=/api/cart latency=1192ms,1,2026-06-01T19:42:19.961000+00:00,2026-06-01T19:42:19.961000+00:00,Slow response detected endpoint=/api/cart latency=1192ms,1
T1117,cart-service,WARN,Slow response detected endpoint=/api/cart latency=1194ms,1,2026-06-01T16:49:28.783000+00:00,2026-06-01T16:49:28.783000+00:00,Slow response detected endpoint=/api/cart latency=1194ms,1
T1118,cart-service,WARN,Slow response detected endpoint=/api/cart latency=1200ms,1,2026-06-01T07:20:50.653000+00:00,2026-06-01T07:20:50.653000+00:00,Slow response detected endpoint=/api/cart latency=1200ms,1
T1119,cart-service,WARN,Slow response detected endpoint=/api/cart latency=1201ms,1,2026-06-01T14:57:35.370000+00:00,2026-06-01T14:57:35.370000+00:00,Slow response detected endpoint=/api/cart latency=1201ms,1
T1120,cart-service,WARN,Slow response detected endpoint=/api/cart latency=1207ms,1,2026-06-01T15:31:43.087000+00:00,2026-06-01T15:31:43.087000+00:00,Slow response detected endpoint=/api/cart latency=1207ms,1
T1121,cart-service,WARN,Slow response detected endpoint=/api/cart latency=1209ms,1,2026-06-01T20:42:26.995000+00:00,2026-06-01T20:42:26.995000+00:00,Slow response detected endpoint=/api/cart latency=1209ms,1
T1122,cart-service,WARN,Slow response detected endpoint=/api/cart latency=1213ms,1,2026-06-01T17:53:50.949000+00:00,2026-06-01T17:53:50.949000+00:00,Slow response detected endpoint=/api/cart latency=1213ms,1
T1123,cart-service,WARN,Slow response detected endpoint=/api/cart latency=1215ms,1,2026-06-01T16:12:11.882000+00:00,2026-06-01T16:12:11.882000+00:00,Slow response detected endpoint=/api/cart latency=1215ms,1
T1124,cart-service,WARN,Slow response detected endpoint=/api/cart latency=1220ms,1,2026-06-01T14:08:47.674000+00:00,2026-06-01T14:08:47.674000+00:00,Slow response detected endpoint=/api/cart latency=1220ms,1
T1125,cart-service,WARN,Slow response detected endpoint=/api/cart latency=512ms,1,2026-06-01T17:21:40.299000+00:00,2026-06-01T17:21:40.299000+00:00,Slow response detected endpoint=/api/cart latency=512ms,1
T1126,cart-service,WARN,Slow response detected endpoint=/api/cart latency=514ms,1,2026-06-01T21:54:35.627000+00:00,2026-06-01T21:54:35.627000+00:00,Slow response detected endpoint=/api/cart latency=514ms,1
T1127,cart-service,WARN,Slow response detected endpoint=/api/cart latency=517ms,1,2026-06-01T18:02:11.247000+00:00,2026-06-01T18:02:11.247000+00:00,Slow response detected endpoint=/api/cart latency=517ms,1
T1128,cart-service,WARN,Slow response detected endpoint=/api/cart latency=518ms,1,2026-06-01T14:56:04.913000+00:00,2026-06-01T14:56:04.913000+00:00,Slow response detected endpoint=/api/cart latency=518ms,1
T1129,cart-service,WARN,Slow response detected endpoint=/api/cart latency=519ms,1,2026-06-01T16:57:14.723000+00:00,2026-06-01T16:57:14.723000+00:00,Slow response detected endpoint=/api/cart latency=519ms,1
T1130,cart-service,WARN,Slow response detected endpoint=/api/cart latency=520ms,1,2026-06-01T23:28:36.338000+00:00,2026-06-01T23:28:36.338000+00:00,Slow response detected endpoint=/api/cart latency=520ms,1
T1131,cart-service,WARN,Slow response detected endpoint=/api/cart latency=1170ms,1,2026-06-01T16:03:53.635000+00:00,2026-06-01T16:03:53.635000+00:00,Slow response detected endpoint=/api/cart latency=1170ms,1
T1132,cart-service,WARN,Slow response detected endpoint=/api/cart latency=1171ms,1,2026-06-01T16:00:42.398000+00:00,2026-06-01T16:00:42.398000+00:00,Slow response detected endpoint=/api/cart latency=1171ms,1
T1133,cart-service,WARN,Slow response detected endpoint=/api/cart latency=1175ms,1,2026-06-01T15:28:55.741000+00:00,2026-06-01T15:28:55.741000+00:00,Slow response detected endpoint=/api/cart latency=1175ms,1
T1134,cart-service,WARN,Slow response detected endpoint=/api/cart latency=1176ms,1,2026-06-01T23:11:16.605000+00:00,2026-06-01T23:11:16.605000+00:00,Slow response detected endpoint=/api/cart latency=1176ms,1
T1135,cart-service,WARN,Slow response detected endpoint=/api/cart latency=541ms,1,2026-06-01T17:25:49.653000+00:00,2026-06-01T17:25:49.653000+00:00,Slow response detected endpoint=/api/cart latency=541ms,1
T1136,cart-service,WARN,Slow response detected endpoint=/api/cart latency=542ms,1,2026-06-01T17:00:19.951000+00:00,2026-06-01T17:00:19.951000+00:00,Slow response detected endpoint=/api/cart latency=542ms,1
T1137,cart-service,WARN,Slow response detected endpoint=/api/cart latency=545ms,1,2026-06-01T20:28:21.759000+00:00,2026-06-01T20:28:21.759000+00:00,Slow response detected endpoint=/api/cart latency=545ms,1
T1138,cart-service,WARN,Slow response detected endpoint=/api/cart latency=547ms,1,2026-06-01T15:17:44.277000+00:00,2026-06-01T15:17:44.277000+00:00,Slow response detected endpoint=/api/cart latency=547ms,1
T1139,cart-service,WARN,Slow response detected endpoint=/api/cart latency=548ms,1,2026-06-01T14:09:57.756000+00:00,2026-06-01T14:09:57.756000+00:00,Slow response detected endpoint=/api/cart latency=548ms,1
T1140,cart-service,WARN,Slow response detected endpoint=/api/cart latency=549ms,1,2026-06-01T15:44:14.266000+00:00,2026-06-01T15:44:14.266000+00:00,Slow response detected endpoint=/api/cart latency=549ms,1
T1141,cart-service,WARN,Slow response detected endpoint=/api/cart latency=561ms,1,2026-06-01T18:29:01.064000+00:00,2026-06-01T18:29:01.064000+00:00,Slow response detected endpoint=/api/cart latency=561ms,1
T1142,cart-service,WARN,Slow response detected endpoint=/api/cart latency=570ms,1,2026-06-01T16:30:51.106000+00:00,2026-06-01T16:30:51.106000+00:00,Slow response detected endpoint=/api/cart latency=570ms,1
T1143,cart-service,WARN,Slow response detected endpoint=/api/cart latency=571ms,1,2026-06-01T20:33:55.602000+00:00,2026-06-01T20:33:55.602000+00:00,Slow response detected endpoint=/api/cart latency=571ms,1
T1144,cart-service,WARN,Slow response detected endpoint=/api/cart latency=1185ms,1,2026-06-01T19:08:48.869000+00:00,2026-06-01T19:08:48.869000+00:00,Slow response detected endpoint=/api/cart latency=1185ms,1
T1145,cart-service,WARN,Slow response detected endpoint=/api/cart latency=1186ms,1,2026-06-01T14:53:27.007000+00:00,2026-06-01T14:53:27.007000+00:00,Slow response detected endpoint=/api/cart latency=1186ms,1
T1146,cart-service,WARN,Slow response detected endpoint=/api/cart latency=1188ms,1,2026-06-01T20:13:57.481000+00:00,2026-06-01T20:13:57.481000+00:00,Slow response detected endpoint=/api/cart latency=1188ms,1
T1147,cart-service,WARN,Slow response detected endpoint=/api/cart latency=634ms,1,2026-06-01T20:22:51.506000+00:00,2026-06-01T20:22:51.506000+00:00,Slow response detected endpoint=/api/cart latency=634ms,1
T1148,cart-service,WARN,Slow response detected endpoint=/api/cart latency=576ms,1,2026-06-01T21:19:28.254000+00:00,2026-06-01T21:19:28.254000+00:00,Slow response detected endpoint=/api/cart latency=576ms,1
T1149,cart-service,WARN,Slow response detected endpoint=/api/cart latency=577ms,1,2026-06-01T20:34:46.360000+00:00,2026-06-01T20:34:46.360000+00:00,Slow response detected endpoint=/api/cart latency=577ms,1
T1150,cart-service,WARN,Slow response detected endpoint=/api/cart latency=582ms,1,2026-06-01T11:01:19.543000+00:00,2026-06-01T11:01:19.543000+00:00,Slow response detected endpoint=/api/cart latency=582ms,1
T1151,cart-service,WARN,Slow response detected endpoint=/api/cart latency=583ms,1,2026-06-01T22:13:39.210000+00:00,2026-06-01T22:13:39.210000+00:00,Slow response detected endpoint=/api/cart latency=583ms,1
T1152,cart-service,WARN,Slow response detected endpoint=/api/cart latency=591ms,1,2026-06-01T16:19:57.815000+00:00,2026-06-01T16:19:57.815000+00:00,Slow response detected endpoint=/api/cart latency=591ms,1
T1153,cart-service,WARN,Slow response detected endpoint=/api/cart latency=592ms,1,2026-06-01T19:58:25.828000+00:00,2026-06-01T19:58:25.828000+00:00,Slow response detected endpoint=/api/cart latency=592ms,1
T1154,cart-service,WARN,Slow response detected endpoint=/api/cart latency=599ms,1,2026-06-01T14:53:38.471000+00:00,2026-06-01T14:53:38.471000+00:00,Slow response detected endpoint=/api/cart latency=599ms,1
T1155,cart-service,WARN,Slow response detected endpoint=/api/cart latency=604ms,1,2026-06-01T22:57:27.065000+00:00,2026-06-01T22:57:27.065000+00:00,Slow response detected endpoint=/api/cart latency=604ms,1
T1156,cart-service,WARN,Slow response detected endpoint=/api/cart latency=605ms,1,2026-06-01T12:24:23.247000+00:00,2026-06-01T12:24:23.247000+00:00,Slow response detected endpoint=/api/cart latency=605ms,1
T1157,cart-service,WARN,Slow response detected endpoint=/api/cart latency=1156ms,1,2026-06-01T17:42:53.468000+00:00,2026-06-01T17:42:53.468000+00:00,Slow response detected endpoint=/api/cart latency=1156ms,1
T1158,cart-service,WARN,Slow response detected endpoint=/api/cart latency=1158ms,1,2026-06-01T16:34:54.236000+00:00,2026-06-01T16:34:54.236000+00:00,Slow response detected endpoint=/api/cart latency=1158ms,1
T1159,cart-service,WARN,Slow response detected endpoint=/api/cart latency=1160ms,1,2026-06-01T18:33:06.384000+00:00,2026-06-01T18:33:06.384000+00:00,Slow response detected endpoint=/api/cart latency=1160ms,1
T1160,cart-service,WARN,Slow response detected endpoint=/api/cart latency=1166ms,1,2026-06-01T18:21:34.440000+00:00,2026-06-01T18:21:34.440000+00:00,Slow response detected endpoint=/api/cart latency=1166ms,1
T1161,cart-service,WARN,Slow response detected endpoint=/api/cart latency=1167ms,1,2026-06-01T19:02:00.789000+00:00,2026-06-01T19:02:00.789000+00:00,Slow response detected endpoint=/api/cart latency=1167ms,1
T1162,cart-service,WARN,Slow response detected endpoint=/api/cart latency=1169ms,1,2026-06-01T17:25:06.977000+00:00,2026-06-01T17:25:06.977000+00:00,Slow response detected endpoint=/api/cart latency=1169ms,1
T1163,cart-service,WARN,Slow response detected endpoint=/api/cart latency=653ms,1,2026-06-01T23:39:18.022000+00:00,2026-06-01T23:39:18.022000+00:00,Slow response detected endpoint=/api/cart latency=653ms,1
T1164,cart-service,WARN,Slow response detected endpoint=/api/cart latency=655ms,1,2026-06-01T17:33:28.502000+00:00,2026-06-01T17:33:28.502000+00:00,Slow response detected endpoint=/api/cart latency=655ms,1
T1165,cart-service,WARN,Slow response detected endpoint=/api/cart latency=660ms,1,2026-06-01T12:02:34.557000+00:00,2026-06-01T12:02:34.557000+00:00,Slow response detected endpoint=/api/cart latency=660ms,1
T1166,cart-service,WARN,Slow response detected endpoint=/api/cart latency=663ms,1,2026-06-01T15:20:37.094000+00:00,2026-06-01T15:20:37.094000+00:00,Slow response detected endpoint=/api/cart latency=663ms,1
T1167,cart-service,WARN,Slow response detected endpoint=/api/cart latency=606ms,1,2026-06-01T22:49:04.566000+00:00,2026-06-01T22:49:04.566000+00:00,Slow response detected endpoint=/api/cart latency=606ms,1
T1168,cart-service,WARN,Slow response detected endpoint=/api/cart latency=608ms,1,2026-06-01T23:11:30.230000+00:00,2026-06-01T23:11:30.230000+00:00,Slow response detected endpoint=/api/cart latency=608ms,1
T1169,cart-service,WARN,Slow response detected endpoint=/api/cart latency=609ms,1,2026-06-01T10:07:45.188000+00:00,2026-06-01T10:07:45.188000+00:00,Slow response detected endpoint=/api/cart latency=609ms,1
T1170,cart-service,WARN,Slow response detected endpoint=/api/cart latency=610ms,1,2026-06-01T19:14:47.790000+00:00,2026-06-01T19:14:47.790000+00:00,Slow response detected endpoint=/api/cart latency=610ms,1
T1171,cart-service,WARN,Slow response detected endpoint=/api/cart latency=612ms,1,2026-06-01T19:49:31.285000+00:00,2026-06-01T19:49:31.285000+00:00,Slow response detected endpoint=/api/cart latency=612ms,1
T1172,cart-service,WARN,Slow response detected endpoint=/api/cart latency=614ms,1,2026-06-01T20:13:57.766000+00:00,2026-06-01T20:13:57.766000+00:00,Slow response detected endpoint=/api/cart latency=614ms,1
T1173,cart-service,WARN,Slow response detected endpoint=/api/cart latency=618ms,1,2026-06-01T14:36:30.460000+00:00,2026-06-01T14:36:30.460000+00:00,Slow response detected endpoint=/api/cart latency=618ms,1
T1174,cart-service,WARN,Slow response detected endpoint=/api/cart latency=623ms,1,2026-06-01T18:00:20.771000+00:00,2026-06-01T18:00:20.771000+00:00,Slow response detected endpoint=/api/cart latency=623ms,1
T1175,cart-service,WARN,Slow response detected endpoint=/api/cart latency=626ms,1,2026-06-01T17:06:04.899000+00:00,2026-06-01T17:06:04.899000+00:00,Slow response detected endpoint=/api/cart latency=626ms,1
T1176,cart-service,WARN,Slow response detected endpoint=/api/cart latency=628ms,1,2026-06-01T20:29:57.881000+00:00,2026-06-01T20:29:57.881000+00:00,Slow response detected endpoint=/api/cart latency=628ms,1
T1177,cart-service,WARN,Slow response detected endpoint=/api/cart latency=629ms,1,2026-06-01T19:16:25.423000+00:00,2026-06-01T19:16:25.423000+00:00,Slow response detected endpoint=/api/cart latency=629ms,1
T1178,cart-service,WARN,Slow response detected endpoint=/api/cart latency=632ms,1,2026-06-01T18:00:20.980000+00:00,2026-06-01T18:00:20.980000+00:00,Slow response detected endpoint=/api/cart latency=632ms,1
T1179,cart-service,WARN,Slow response detected endpoint=/api/cart latency=1122ms,1,2026-06-01T23:11:55.374000+00:00,2026-06-01T23:11:55.374000+00:00,Slow response detected endpoint=/api/cart latency=1122ms,1
T1180,cart-service,WARN,Slow response detected endpoint=/api/cart latency=1132ms,1,2026-06-01T13:41:48.769000+00:00,2026-06-01T13:41:48.769000+00:00,Slow response detected endpoint=/api/cart latency=1132ms,1
T1181,cart-service,WARN,Slow response detected endpoint=/api/cart latency=1133ms,1,2026-06-01T20:53:25.718000+00:00,2026-06-01T20:53:25.718000+00:00,Slow response detected endpoint=/api/cart latency=1133ms,1
T1182,cart-service,WARN,Slow response detected endpoint=/api/cart latency=1134ms,1,2026-06-01T15:31:50.678000+00:00,2026-06-01T15:31:50.678000+00:00,Slow response detected endpoint=/api/cart latency=1134ms,1
T1183,cart-service,WARN,Slow response detected endpoint=/api/cart latency=1136ms,1,2026-06-01T19:22:10.810000+00:00,2026-06-01T19:22:10.810000+00:00,Slow response detected endpoint=/api/cart latency=1136ms,1
T1184,cart-service,WARN,Slow response detected endpoint=/api/cart latency=1137ms,1,2026-06-01T13:26:10.499000+00:00,2026-06-01T13:26:10.499000+00:00,Slow response detected endpoint=/api/cart latency=1137ms,1
T1185,cart-service,WARN,Slow response detected endpoint=/api/cart latency=1139ms,1,2026-06-01T16:38:27.555000+00:00,2026-06-01T16:38:27.555000+00:00,Slow response detected endpoint=/api/cart latency=1139ms,1
T1186,cart-service,WARN,Slow response detected endpoint=/api/cart latency=1143ms,1,2026-06-01T19:09:11.416000+00:00,2026-06-01T19:09:11.416000+00:00,Slow response detected endpoint=/api/cart latency=1143ms,1
T1187,cart-service,WARN,Slow response detected endpoint=/api/cart latency=1145ms,1,2026-06-01T19:11:17.353000+00:00,2026-06-01T19:11:17.353000+00:00,Slow response detected endpoint=/api/cart latency=1145ms,1
T1188,cart-service,WARN,Slow response detected endpoint=/api/cart latency=1150ms,1,2026-06-01T22:44:42.015000+00:00,2026-06-01T22:44:42.015000+00:00,Slow response detected endpoint=/api/cart latency=1150ms,1
T1189,cart-service,WARN,Slow response detected endpoint=/api/cart latency=1152ms,1,2026-06-01T22:32:02.132000+00:00,2026-06-01T22:32:02.132000+00:00,Slow response detected endpoint=/api/cart latency=1152ms,1
T1190,cart-service,WARN,Slow response detected endpoint=/api/cart latency=639ms,1,2026-06-01T20:42:46.673000+00:00,2026-06-01T20:42:46.673000+00:00,Slow response detected endpoint=/api/cart latency=639ms,1
T1191,cart-service,WARN,Slow response detected endpoint=/api/cart latency=643ms,1,2026-06-01T20:47:33.709000+00:00,2026-06-01T20:47:33.709000+00:00,Slow response detected endpoint=/api/cart latency=643ms,1
T1192,cart-service,WARN,Slow response detected endpoint=/api/cart latency=649ms,1,2026-06-01T17:38:55.301000+00:00,2026-06-01T17:38:55.301000+00:00,Slow response detected endpoint=/api/cart latency=649ms,1
T1193,cart-service,WARN,Slow response detected endpoint=/api/cart latency=650ms,1,2026-06-01T14:16:06.474000+00:00,2026-06-01T14:16:06.474000+00:00,Slow response detected endpoint=/api/cart latency=650ms,1
T1194,cart-service,WARN,Slow response detected endpoint=/api/cart latency=651ms,1,2026-06-01T14:04:44.690000+00:00,2026-06-01T14:04:44.690000+00:00,Slow response detected endpoint=/api/cart latency=651ms,1
T1195,cart-service,WARN,Slow response detected endpoint=/api/cart latency=1097ms,1,2026-06-01T22:56:36.838000+00:00,2026-06-01T22:56:36.838000+00:00,Slow response detected endpoint=/api/cart latency=1097ms,1
T1196,cart-service,WARN,Slow response detected endpoint=/api/cart latency=1104ms,1,2026-06-01T19:41:32.248000+00:00,2026-06-01T19:41:32.248000+00:00,Slow response detected endpoint=/api/cart latency=1104ms,1
T1197,cart-service,WARN,Slow response detected endpoint=/api/cart latency=1105ms,1,2026-06-01T23:12:36.734000+00:00,2026-06-01T23:12:36.734000+00:00,Slow response detected endpoint=/api/cart latency=1105ms,1
T1198,cart-service,WARN,Slow response detected endpoint=/api/cart latency=1108ms,1,2026-06-01T14:43:32.268000+00:00,2026-06-01T14:43:32.268000+00:00,Slow response detected endpoint=/api/cart latency=1108ms,1
T1199,cart-service,WARN,Slow response detected endpoint=/api/cart latency=1109ms,1,2026-06-01T23:30:56.096000+00:00,2026-06-01T23:30:56.096000+00:00,Slow response detected endpoint=/api/cart latency=1109ms,1
T1200,cart-service,WARN,Slow response detected endpoint=/api/cart latency=1111ms,1,2026-06-01T16:57:30.475000+00:00,2026-06-01T16:57:30.475000+00:00,Slow response detected endpoint=/api/cart latency=1111ms,1
T1201,cart-service,WARN,Slow response detected endpoint=/api/cart latency=666ms,1,2026-06-01T15:02:40.310000+00:00,2026-06-01T15:02:40.310000+00:00,Slow response detected endpoint=/api/cart latency=666ms,1
T1202,cart-service,WARN,Slow response detected endpoint=/api/cart latency=668ms,1,2026-06-01T17:10:42.168000+00:00,2026-06-01T17:10:42.168000+00:00,Slow response detected endpoint=/api/cart latency=668ms,1
T1203,cart-service,WARN,Slow response detected endpoint=/api/cart latency=672ms,1,2026-06-01T19:10:07.108000+00:00,2026-06-01T19:10:07.108000+00:00,Slow response detected endpoint=/api/cart latency=672ms,1
T1204,cart-service,WARN,Slow response detected endpoint=/api/cart latency=681ms,1,2026-06-01T11:41:31.385000+00:00,2026-06-01T11:41:31.385000+00:00,Slow response detected endpoint=/api/cart latency=681ms,1
T1205,cart-service,WARN,Slow response detected endpoint=/api/cart latency=682ms,1,2026-06-01T18:51:50.483000+00:00,2026-06-01T18:51:50.483000+00:00,Slow response detected endpoint=/api/cart latency=682ms,1
T1206,cart-service,WARN,Slow response detected endpoint=/api/cart latency=685ms,1,2026-06-01T17:24:30.230000+00:00,2026-06-01T17:24:30.230000+00:00,Slow response detected endpoint=/api/cart latency=685ms,1
T1207,cart-service,WARN,Slow response detected endpoint=/api/cart latency=692ms,1,2026-06-01T23:28:39.539000+00:00,2026-06-01T23:28:39.539000+00:00,Slow response detected endpoint=/api/cart latency=692ms,1
T1208,cart-service,WARN,Slow response detected endpoint=/api/cart latency=697ms,1,2026-06-01T14:31:11.424000+00:00,2026-06-01T14:31:11.424000+00:00,Slow response detected endpoint=/api/cart latency=697ms,1
T1209,cart-service,WARN,Slow response detected endpoint=/api/cart latency=701ms,1,2026-06-01T08:42:38.656000+00:00,2026-06-01T08:42:38.656000+00:00,Slow response detected endpoint=/api/cart latency=701ms,1
T1210,cart-service,WARN,Slow response detected endpoint=/api/cart latency=1113ms,1,2026-06-01T22:17:43.877000+00:00,2026-06-01T22:17:43.877000+00:00,Slow response detected endpoint=/api/cart latency=1113ms,1
T1211,cart-service,WARN,Slow response detected endpoint=/api/cart latency=779ms,1,2026-06-01T19:17:35.254000+00:00,2026-06-01T19:17:35.254000+00:00,Slow response detected endpoint=/api/cart latency=779ms,1
T1212,cart-service,WARN,Slow response detected endpoint=/api/cart latency=780ms,1,2026-06-01T14:15:57.017000+00:00,2026-06-01T14:15:57.017000+00:00,Slow response detected endpoint=/api/cart latency=780ms,1
T1213,cart-service,WARN,Slow response detected endpoint=/api/cart latency=703ms,1,2026-06-01T21:50:04.648000+00:00,2026-06-01T21:50:04.648000+00:00,Slow response detected endpoint=/api/cart latency=703ms,1
T1214,cart-service,WARN,Slow response detected endpoint=/api/cart latency=708ms,1,2026-06-01T18:12:21.054000+00:00,2026-06-01T18:12:21.054000+00:00,Slow response detected endpoint=/api/cart latency=708ms,1
T1215,cart-service,WARN,Slow response detected endpoint=/api/cart latency=713ms,1,2026-06-01T22:44:52.754000+00:00,2026-06-01T22:44:52.754000+00:00,Slow response detected endpoint=/api/cart latency=713ms,1
T1216,cart-service,WARN,Slow response detected endpoint=/api/cart latency=716ms,1,2026-06-01T14:11:15.512000+00:00,2026-06-01T14:11:15.512000+00:00,Slow response detected endpoint=/api/cart latency=716ms,1
T1217,cart-service,WARN,Slow response detected endpoint=/api/cart latency=717ms,1,2026-06-01T08:24:33.631000+00:00,2026-06-01T08:24:33.631000+00:00,Slow response detected endpoint=/api/cart latency=717ms,1
T1218,cart-service,WARN,Slow response detected endpoint=/api/cart latency=720ms,1,2026-06-01T09:33:43.695000+00:00,2026-06-01T09:33:43.695000+00:00,Slow response detected endpoint=/api/cart latency=720ms,1
T1219,cart-service,WARN,Slow response detected endpoint=/api/cart latency=721ms,1,2026-06-01T23:05:28.919000+00:00,2026-06-01T23:05:28.919000+00:00,Slow response detected endpoint=/api/cart latency=721ms,1
T1220,cart-service,WARN,Slow response detected endpoint=/api/cart latency=737ms,1,2026-06-01T17:43:36.224000+00:00,2026-06-01T17:43:36.224000+00:00,Slow response detected endpoint=/api/cart latency=737ms,1
T1221,cart-service,WARN,Slow response detected endpoint=/api/cart latency=742ms,1,2026-06-01T20:47:32.680000+00:00,2026-06-01T20:47:32.680000+00:00,Slow response detected endpoint=/api/cart latency=742ms,1
T1222,cart-service,WARN,Slow response detected endpoint=/api/cart latency=743ms,1,2026-06-01T16:02:37.266000+00:00,2026-06-01T16:02:37.266000+00:00,Slow response detected endpoint=/api/cart latency=743ms,1
T1223,cart-service,WARN,Slow response detected endpoint=/api/cart latency=1090ms,1,2026-06-01T19:57:00.165000+00:00,2026-06-01T19:57:00.165000+00:00,Slow response detected endpoint=/api/cart latency=1090ms,1
T1224,cart-service,WARN,Slow response detected endpoint=/api/cart latency=1092ms,1,2026-06-01T21:48:45.227000+00:00,2026-06-01T21:48:45.227000+00:00,Slow response detected endpoint=/api/cart latency=1092ms,1
T1225,cart-service,WARN,Slow response detected endpoint=/api/cart latency=1093ms,1,2026-06-01T16:00:27.856000+00:00,2026-06-01T16:00:27.856000+00:00,Slow response detected endpoint=/api/cart latency=1093ms,1
T1226,cart-service,WARN,Slow response detected endpoint=/api/cart latency=1095ms,1,2026-06-01T15:00:35.185000+00:00,2026-06-01T15:00:35.185000+00:00,Slow response detected endpoint=/api/cart latency=1095ms,1
T1227,cart-service,WARN,Slow response detected endpoint=/api/cart latency=801ms,1,2026-06-01T18:45:01.197000+00:00,2026-06-01T18:45:01.197000+00:00,Slow response detected endpoint=/api/cart latency=801ms,1
T1228,cart-service,WARN,Slow response detected endpoint=/api/cart latency=802ms,1,2026-06-01T22:15:52.553000+00:00,2026-06-01T22:15:52.553000+00:00,Slow response detected endpoint=/api/cart latency=802ms,1
T1229,cart-service,WARN,Slow response detected endpoint=/api/cart latency=807ms,1,2026-06-01T18:58:46.738000+00:00,2026-06-01T18:58:46.738000+00:00,Slow response detected endpoint=/api/cart latency=807ms,1
T1230,cart-service,WARN,Slow response detected endpoint=/api/cart latency=808ms,1,2026-06-01T20:36:38.284000+00:00,2026-06-01T20:36:38.284000+00:00,Slow response detected endpoint=/api/cart latency=808ms,1
T1231,cart-service,WARN,Slow response detected endpoint=/api/cart latency=809ms,1,2026-06-01T17:34:31.702000+00:00,2026-06-01T17:34:31.702000+00:00,Slow response detected endpoint=/api/cart latency=809ms,1
T1232,cart-service,WARN,Slow response detected endpoint=/api/cart latency=813ms,1,2026-06-01T16:05:45.934000+00:00,2026-06-01T16:05:45.934000+00:00,Slow response detected endpoint=/api/cart latency=813ms,1
T1233,cart-service,WARN,Slow response detected endpoint=/api/cart latency=744ms,1,2026-06-01T18:09:09.116000+00:00,2026-06-01T18:09:09.116000+00:00,Slow response detected endpoint=/api/cart latency=744ms,1
T1234,cart-service,WARN,Slow response detected endpoint=/api/cart latency=755ms,1,2026-06-01T22:14:18.634000+00:00,2026-06-01T22:14:18.634000+00:00,Slow response detected endpoint=/api/cart latency=755ms,1
T1235,cart-service,WARN,Slow response detected endpoint=/api/cart latency=756ms,1,2026-06-01T12:43:46.573000+00:00,2026-06-01T12:43:46.573000+00:00,Slow response detected endpoint=/api/cart latency=756ms,1
T1236,cart-service,WARN,Slow response detected endpoint=/api/cart latency=758ms,1,2026-06-01T08:39:01.401000+00:00,2026-06-01T08:39:01.401000+00:00,Slow response detected endpoint=/api/cart latency=758ms,1
T1237,cart-service,WARN,Slow response detected endpoint=/api/cart latency=760ms,1,2026-06-01T21:30:24.840000+00:00,2026-06-01T21:30:24.840000+00:00,Slow response detected endpoint=/api/cart latency=760ms,1
T1238,cart-service,WARN,Slow response detected endpoint=/api/cart latency=762ms,1,2026-06-01T16:33:32.652000+00:00,2026-06-01T16:33:32.652000+00:00,Slow response detected endpoint=/api/cart latency=762ms,1
T1239,cart-service,WARN,Slow response detected endpoint=/api/cart latency=768ms,1,2026-06-01T18:31:20.001000+00:00,2026-06-01T18:31:20.001000+00:00,Slow response detected endpoint=/api/cart latency=768ms,1
T1240,cart-service,WARN,Slow response detected endpoint=/api/cart latency=771ms,1,2026-06-01T18:15:10.935000+00:00,2026-06-01T18:15:10.935000+00:00,Slow response detected endpoint=/api/cart latency=771ms,1
T1241,cart-service,WARN,Slow response detected endpoint=/api/cart latency=773ms,1,2026-06-01T21:30:23.875000+00:00,2026-06-01T21:30:23.875000+00:00,Slow response detected endpoint=/api/cart latency=773ms,1
T1242,cart-service,WARN,Slow response detected endpoint=/api/cart latency=776ms,1,2026-06-01T23:35:13.435000+00:00,2026-06-01T23:35:13.435000+00:00,Slow response detected endpoint=/api/cart latency=776ms,1
T1243,cart-service,WARN,Slow response detected endpoint=/api/cart latency=1063ms,1,2026-06-01T19:42:48.463000+00:00,2026-06-01T19:42:48.463000+00:00,Slow response detected endpoint=/api/cart latency=1063ms,1
T1244,cart-service,WARN,Slow response detected endpoint=/api/cart latency=1064ms,1,2026-06-01T18:34:44.018000+00:00,2026-06-01T18:34:44.018000+00:00,Slow response detected endpoint=/api/cart latency=1064ms,1
T1245,cart-service,WARN,Slow response detected endpoint=/api/cart latency=1067ms,1,2026-06-01T17:58:14.680000+00:00,2026-06-01T17:58:14.680000+00:00,Slow response detected endpoint=/api/cart latency=1067ms,1
T1246,cart-service,WARN,Slow response detected endpoint=/api/cart latency=1071ms,1,2026-06-01T22:09:46.037000+00:00,2026-06-01T22:09:46.037000+00:00,Slow response detected endpoint=/api/cart latency=1071ms,1
T1247,cart-service,WARN,Slow response detected endpoint=/api/cart latency=1078ms,1,2026-06-01T14:31:01.552000+00:00,2026-06-01T14:31:01.552000+00:00,Slow response detected endpoint=/api/cart latency=1078ms,1
T1248,cart-service,WARN,Slow response detected endpoint=/api/cart latency=1082ms,1,2026-06-01T23:36:30.496000+00:00,2026-06-01T23:36:30.496000+00:00,Slow response detected endpoint=/api/cart latency=1082ms,1
T1249,cart-service,WARN,Slow response detected endpoint=/api/cart latency=1084ms,1,2026-06-01T21:56:28.740000+00:00,2026-06-01T21:56:28.740000+00:00,Slow response detected endpoint=/api/cart latency=1084ms,1
T1250,cart-service,WARN,Slow response detected endpoint=/api/cart latency=1085ms,1,2026-06-01T07:07:06.341000+00:00,2026-06-01T07:07:06.341000+00:00,Slow response detected endpoint=/api/cart latency=1085ms,1
T1251,cart-service,WARN,Slow response detected endpoint=/api/cart latency=1089ms,1,2026-06-01T21:52:49.905000+00:00,2026-06-01T21:52:49.905000+00:00,Slow response detected endpoint=/api/cart latency=1089ms,1
T1252,cart-service,WARN,Slow response detected endpoint=/api/cart latency=782ms,1,2026-06-01T18:58:06.422000+00:00,2026-06-01T18:58:06.422000+00:00,Slow response detected endpoint=/api/cart latency=782ms,1
T1253,cart-service,WARN,Slow response detected endpoint=/api/cart latency=785ms,1,2026-06-01T18:38:31.938000+00:00,2026-06-01T18:38:31.938000+00:00,Slow response detected endpoint=/api/cart latency=785ms,1
T1254,cart-service,WARN,Slow response detected endpoint=/api/cart latency=787ms,1,2026-06-01T14:31:35.744000+00:00,2026-06-01T14:31:35.744000+00:00,Slow response detected endpoint=/api/cart latency=787ms,1
T1255,cart-service,WARN,Slow response detected endpoint=/api/cart latency=788ms,1,2026-06-01T17:34:00.448000+00:00,2026-06-01T17:34:00.448000+00:00,Slow response detected endpoint=/api/cart latency=788ms,1
T1256,cart-service,WARN,Slow response detected endpoint=/api/cart latency=792ms,1,2026-06-01T17:38:26.758000+00:00,2026-06-01T17:38:26.758000+00:00,Slow response detected endpoint=/api/cart latency=792ms,1
T1257,cart-service,WARN,Slow response detected endpoint=/api/cart latency=799ms,1,2026-06-01T18:21:07.521000+00:00,2026-06-01T18:21:07.521000+00:00,Slow response detected endpoint=/api/cart latency=799ms,1
T1258,cart-service,WARN,Slow response detected endpoint=/api/cart latency=800ms,1,2026-06-01T18:36:17.397000+00:00,2026-06-01T18:36:17.397000+00:00,Slow response detected endpoint=/api/cart latency=800ms,1
T1259,cart-service,WARN,Slow response detected endpoint=/api/cart latency=887ms,1,2026-06-01T21:07:23.772000+00:00,2026-06-01T21:07:23.772000+00:00,Slow response detected endpoint=/api/cart latency=887ms,1
T1260,cart-service,WARN,Slow response detected endpoint=/api/cart latency=888ms,1,2026-06-01T13:19:46.484000+00:00,2026-06-01T13:19:46.484000+00:00,Slow response detected endpoint=/api/cart latency=888ms,1
T1261,cart-service,WARN,Slow response detected endpoint=/api/cart latency=889ms,1,2026-06-01T20:17:18.782000+00:00,2026-06-01T20:17:18.782000+00:00,Slow response detected endpoint=/api/cart latency=889ms,1
T1262,cart-service,WARN,Slow response detected endpoint=/api/cart latency=892ms,1,2026-06-01T19:07:08.392000+00:00,2026-06-01T19:07:08.392000+00:00,Slow response detected endpoint=/api/cart latency=892ms,1
T1263,cart-service,WARN,Slow response detected endpoint=/api/cart latency=899ms,1,2026-06-01T18:15:48.185000+00:00,2026-06-01T18:15:48.185000+00:00,Slow response detected endpoint=/api/cart latency=899ms,1
T1264,cart-service,WARN,Slow response detected endpoint=/api/cart latency=817ms,1,2026-06-01T22:01:23.845000+00:00,2026-06-01T22:01:23.845000+00:00,Slow response detected endpoint=/api/cart latency=817ms,1
T1265,cart-service,WARN,Slow response detected endpoint=/api/cart latency=826ms,1,2026-06-01T15:32:00.129000+00:00,2026-06-01T15:32:00.129000+00:00,Slow response detected endpoint=/api/cart latency=826ms,1
T1266,cart-service,WARN,Slow response detected endpoint=/api/cart latency=828ms,1,2026-06-01T23:07:06.729000+00:00,2026-06-01T23:07:06.729000+00:00,Slow response detected endpoint=/api/cart latency=828ms,1
T1267,cart-service,WARN,Slow response detected endpoint=/api/cart latency=830ms,1,2026-06-01T17:03:46.163000+00:00,2026-06-01T17:03:46.163000+00:00,Slow response detected endpoint=/api/cart latency=830ms,1
T1268,cart-service,WARN,Slow response detected endpoint=/api/cart latency=842ms,1,2026-06-01T23:28:40.559000+00:00,2026-06-01T23:28:40.559000+00:00,Slow response detected endpoint=/api/cart latency=842ms,1
T1269,cart-service,WARN,Slow response detected endpoint=/api/cart latency=843ms,1,2026-06-01T23:05:06.454000+00:00,2026-06-01T23:05:06.454000+00:00,Slow response detected endpoint=/api/cart latency=843ms,1
T1270,cart-service,WARN,Slow response detected endpoint=/api/cart latency=849ms,1,2026-06-01T14:58:24.197000+00:00,2026-06-01T14:58:24.197000+00:00,Slow response detected endpoint=/api/cart latency=849ms,1
T1271,cart-service,WARN,Slow response detected endpoint=/api/cart latency=856ms,1,2026-06-01T22:13:18.970000+00:00,2026-06-01T22:13:18.970000+00:00,Slow response detected endpoint=/api/cart latency=856ms,1
T1272,cart-service,WARN,Slow response detected endpoint=/api/cart latency=1059ms,1,2026-06-01T22:34:53.323000+00:00,2026-06-01T22:34:53.323000+00:00,Slow response detected endpoint=/api/cart latency=1059ms,1
T1273,cart-service,WARN,Slow response detected endpoint=/api/cart latency=1060ms,1,2026-06-01T17:35:23.118000+00:00,2026-06-01T17:35:23.118000+00:00,Slow response detected endpoint=/api/cart latency=1060ms,1
T1274,cart-service,WARN,Slow response detected endpoint=/api/cart latency=1061ms,1,2026-06-01T20:23:43.438000+00:00,2026-06-01T20:23:43.438000+00:00,Slow response detected endpoint=/api/cart latency=1061ms,1
T1275,cart-service,WARN,Slow response detected endpoint=/api/cart latency=1041ms,1,2026-06-01T16:34:15.560000+00:00,2026-06-01T16:34:15.560000+00:00,Slow response detected endpoint=/api/cart latency=1041ms,1
T1276,cart-service,WARN,Slow response detected endpoint=/api/cart latency=1042ms,1,2026-06-01T16:47:32.233000+00:00,2026-06-01T16:47:32.233000+00:00,Slow response detected endpoint=/api/cart latency=1042ms,1
T1277,cart-service,WARN,Slow response detected endpoint=/api/cart latency=1043ms,1,2026-06-01T18:11:38.192000+00:00,2026-06-01T18:11:38.192000+00:00,Slow response detected endpoint=/api/cart latency=1043ms,1
T1278,cart-service,WARN,Slow response detected endpoint=/api/cart latency=1045ms,1,2026-06-01T20:20:05.912000+00:00,2026-06-01T20:20:05.912000+00:00,Slow response detected endpoint=/api/cart latency=1045ms,1
T1279,cart-service,WARN,Slow response detected endpoint=/api/cart latency=1051ms,1,2026-06-01T17:52:07.731000+00:00,2026-06-01T17:52:07.731000+00:00,Slow response detected endpoint=/api/cart latency=1051ms,1
T1280,cart-service,WARN,Slow response detected endpoint=/api/cart latency=1053ms,1,2026-06-01T15:24:00.752000+00:00,2026-06-01T15:24:00.752000+00:00,Slow response detected endpoint=/api/cart latency=1053ms,1
T1281,cart-service,WARN,Slow response detected endpoint=/api/cart latency=1055ms,1,2026-06-01T14:17:57.684000+00:00,2026-06-01T14:17:57.684000+00:00,Slow response detected endpoint=/api/cart latency=1055ms,1
T1282,cart-service,WARN,Slow response detected endpoint=/api/cart latency=1057ms,1,2026-06-01T18:29:36.846000+00:00,2026-06-01T18:29:36.846000+00:00,Slow response detected endpoint=/api/cart latency=1057ms,1
T1283,cart-service,WARN,Slow response detected endpoint=/api/cart latency=859ms,1,2026-06-01T20:21:06.363000+00:00,2026-06-01T20:21:06.363000+00:00,Slow response detected endpoint=/api/cart latency=859ms,1
T1284,cart-service,WARN,Slow response detected endpoint=/api/cart latency=860ms,1,2026-06-01T17:35:40.414000+00:00,2026-06-01T17:35:40.414000+00:00,Slow response detected endpoint=/api/cart latency=860ms,1
T1285,cart-service,WARN,Slow response detected endpoint=/api/cart latency=872ms,1,2026-06-01T12:37:22.737000+00:00,2026-06-01T12:37:22.737000+00:00,Slow response detected endpoint=/api/cart latency=872ms,1
T1286,cart-service,WARN,Slow response detected endpoint=/api/cart latency=875ms,1,2026-06-01T19:29:58.502000+00:00,2026-06-01T19:29:58.502000+00:00,Slow response detected endpoint=/api/cart latency=875ms,1
T1287,cart-service,WARN,Slow response detected endpoint=/api/cart latency=882ms,1,2026-06-01T12:21:26.169000+00:00,2026-06-01T12:21:26.169000+00:00,Slow response detected endpoint=/api/cart latency=882ms,1
T1288,cart-service,WARN,Slow response detected endpoint=/api/cart latency=883ms,1,2026-06-01T21:49:00.239000+00:00,2026-06-01T21:49:00.239000+00:00,Slow response detected endpoint=/api/cart latency=883ms,1
T1289,cart-service,WARN,Slow response detected endpoint=/api/cart latency=884ms,1,2026-06-01T16:10:49.306000+00:00,2026-06-01T16:10:49.306000+00:00,Slow response detected endpoint=/api/cart latency=884ms,1
T1290,cart-service,WARN,Slow response detected endpoint=/api/cart latency=885ms,1,2026-06-01T17:22:48.034000+00:00,2026-06-01T17:22:48.034000+00:00,Slow response detected endpoint=/api/cart latency=885ms,1
T1291,cart-service,WARN,Slow response detected endpoint=/api/cart latency=959ms,1,2026-06-01T19:40:33.907000+00:00,2026-06-01T19:40:33.907000+00:00,Slow response detected endpoint=/api/cart latency=959ms,1
T1292,cart-service,WARN,Slow response detected endpoint=/api/cart latency=980ms,1,2026-06-01T23:53:37.884000+00:00,2026-06-01T23:53:37.884000+00:00,Slow response detected endpoint=/api/cart latency=980ms,1
T1293,cart-service,WARN,Slow response detected endpoint=/api/cart latency=988ms,1,2026-06-01T20:41:26.537000+00:00,2026-06-01T20:41:26.537000+00:00,Slow response detected endpoint=/api/cart latency=988ms,1
T1294,cart-service,WARN,Slow response detected endpoint=/api/cart latency=990ms,1,2026-06-01T16:56:58.957000+00:00,2026-06-01T16:56:58.957000+00:00,Slow response detected endpoint=/api/cart latency=990ms,1
T1295,cart-service,WARN,Slow response detected endpoint=/api/cart latency=991ms,1,2026-06-01T15:40:32.778000+00:00,2026-06-01T15:40:32.778000+00:00,Slow response detected endpoint=/api/cart latency=991ms,1
T1296,cart-service,WARN,Slow response detected endpoint=/api/cart latency=994ms,1,2026-06-01T18:39:19.441000+00:00,2026-06-01T18:39:19.441000+00:00,Slow response detected endpoint=/api/cart latency=994ms,1
T1297,cart-service,WARN,Slow response detected endpoint=/api/cart latency=996ms,1,2026-06-01T17:16:52.389000+00:00,2026-06-01T17:16:52.389000+00:00,Slow response detected endpoint=/api/cart latency=996ms,1
T1298,cart-service,WARN,Health check response time elevated endpoint=/health latency=159ms,1,2026-06-01T06:36:32.112000+00:00,2026-06-01T06:36:32.112000+00:00,Health check response time elevated endpoint=/health latency=159ms,1
T1299,cart-service,WARN,Slow response detected endpoint=/api/cart latency=1002ms,1,2026-06-01T20:03:08.339000+00:00,2026-06-01T20:03:08.339000+00:00,Slow response detected endpoint=/api/cart latency=1002ms,1
T1300,cart-service,WARN,Slow response detected endpoint=/api/cart latency=1005ms,1,2026-06-01T12:43:42.194000+00:00,2026-06-01T12:43:42.194000+00:00,Slow response detected endpoint=/api/cart latency=1005ms,1
T1301,cart-service,WARN,Slow response detected endpoint=/api/cart latency=1010ms,1,2026-06-01T21:28:12.340000+00:00,2026-06-01T21:28:12.340000+00:00,Slow response detected endpoint=/api/cart latency=1010ms,1
T1302,cart-service,WARN,Slow response detected endpoint=/api/cart latency=1012ms,1,2026-06-01T21:28:15.127000+00:00,2026-06-01T21:28:15.127000+00:00,Slow response detected endpoint=/api/cart latency=1012ms,1
T1303,cart-service,WARN,Slow response detected endpoint=/api/cart latency=1016ms,1,2026-06-01T19:36:08.543000+00:00,2026-06-01T19:36:08.543000+00:00,Slow response detected endpoint=/api/cart latency=1016ms,1
T1304,cart-service,WARN,Slow response detected endpoint=/api/cart latency=1017ms,1,2026-06-01T18:16:25.602000+00:00,2026-06-01T18:16:25.602000+00:00,Slow response detected endpoint=/api/cart latency=1017ms,1
T1305,cart-service,WARN,Slow response detected endpoint=/api/cart latency=1018ms,1,2026-06-01T19:32:06.106000+00:00,2026-06-01T19:32:06.106000+00:00,Slow response detected endpoint=/api/cart latency=1018ms,1
T1306,cart-service,WARN,Slow response detected endpoint=/api/cart latency=1026ms,1,2026-06-01T19:25:05.719000+00:00,2026-06-01T19:25:05.719000+00:00,Slow response detected endpoint=/api/cart latency=1026ms,1
T1307,cart-service,WARN,Slow response detected endpoint=/api/cart latency=1705ms,1,2026-06-01T20:21:23.686000+00:00,2026-06-01T20:21:23.686000+00:00,Slow response detected endpoint=/api/cart latency=1705ms,1
T1308,cart-service,WARN,Slow response detected endpoint=/api/cart latency=1709ms,1,2026-06-01T21:47:11.446000+00:00,2026-06-01T21:47:11.446000+00:00,Slow response detected endpoint=/api/cart latency=1709ms,1
T1309,cart-service,WARN,Slow response detected endpoint=/api/cart latency=1710ms,1,2026-06-01T15:38:48.527000+00:00,2026-06-01T15:38:48.527000+00:00,Slow response detected endpoint=/api/cart latency=1710ms,1
T1310,cart-service,WARN,Slow response detected endpoint=/api/cart latency=1712ms,1,2026-06-01T18:06:42.366000+00:00,2026-06-01T18:06:42.366000+00:00,Slow response detected endpoint=/api/cart latency=1712ms,1
T1311,cart-service,WARN,Slow response detected endpoint=/api/cart latency=1718ms,1,2026-06-01T12:00:12.198000+00:00,2026-06-01T12:00:12.198000+00:00,Slow response detected endpoint=/api/cart latency=1718ms,1
T1312,cart-service,WARN,Slow response detected endpoint=/api/cart latency=1719ms,1,2026-06-01T17:48:45.533000+00:00,2026-06-01T17:48:45.533000+00:00,Slow response detected endpoint=/api/cart latency=1719ms,1
T1313,cart-service,WARN,Slow response detected endpoint=/api/cart latency=1721ms,1,2026-06-01T19:49:38.059000+00:00,2026-06-01T19:49:38.059000+00:00,Slow response detected endpoint=/api/cart latency=1721ms,1
T1314,cart-service,WARN,Slow response detected endpoint=/api/cart latency=1722ms,1,2026-06-01T18:55:28.172000+00:00,2026-06-01T18:55:28.172000+00:00,Slow response detected endpoint=/api/cart latency=1722ms,1
T1315,cart-service,WARN,Slow response detected endpoint=/api/cart latency=1724ms,1,2026-06-01T18:34:01.131000+00:00,2026-06-01T18:34:01.131000+00:00,Slow response detected endpoint=/api/cart latency=1724ms,1
T1316,cart-service,WARN,Health check response time elevated endpoint=/health latency=126ms,1,2026-06-01T23:29:17.238000+00:00,2026-06-01T23:29:17.238000+00:00,Health check response time elevated endpoint=/health latency=126ms,1
T1317,cart-service,WARN,Health check response time elevated endpoint=/health latency=127ms,1,2026-06-01T11:26:36.428000+00:00,2026-06-01T11:26:36.428000+00:00,Health check response time elevated endpoint=/health latency=127ms,1
T1318,cart-service,WARN,Slow response detected endpoint=/api/cart latency=941ms,1,2026-06-01T18:17:10.802000+00:00,2026-06-01T18:17:10.802000+00:00,Slow response detected endpoint=/api/cart latency=941ms,1
T1319,cart-service,WARN,Slow response detected endpoint=/api/cart latency=945ms,1,2026-06-01T19:37:31.006000+00:00,2026-06-01T19:37:31.006000+00:00,Slow response detected endpoint=/api/cart latency=945ms,1
T1320,cart-service,WARN,Slow response detected endpoint=/api/cart latency=949ms,1,2026-06-01T07:47:09.284000+00:00,2026-06-01T07:47:09.284000+00:00,Slow response detected endpoint=/api/cart latency=949ms,1
T1321,cart-service,WARN,Slow response detected endpoint=/api/cart latency=952ms,1,2026-06-01T17:41:05.926000+00:00,2026-06-01T17:41:05.926000+00:00,Slow response detected endpoint=/api/cart latency=952ms,1
T1322,cart-service,WARN,Slow response detected endpoint=/api/cart latency=958ms,1,2026-06-01T14:54:56.252000+00:00,2026-06-01T14:54:56.252000+00:00,Slow response detected endpoint=/api/cart latency=958ms,1
